sr_pmid,sr_objective,dense_vector_query,doc_pmid,doc_title,doc_abstract,label
30617123,"To compare re-rupture rate, complication rate, and functional outcome after operative versus nonoperative treatment of Achilles tendon ruptures; to compare re-rupture rate after early and late full weight bearing; to evaluate re-rupture rate after functional rehabilitation with early range of motion; and to compare effect estimates from randomised controlled trials and observational studies.
Systematic review and meta-analysis.
PubMed/Medline, Embase, CENTRAL, and CINAHL databases were last searched on 25 April 2018 for studies comparing operative versus nonoperative treatment of Achilles tendon ruptures.
Randomised controlled trials and observational studies reporting on comparison of operative versus nonoperative treatment of acute Achilles tendon ruptures.
Data extraction was performed independently in pairs, by four reviewers, with the use of a predefined data extraction file. Outcomes were pooled using random effects models and presented as risk difference, risk ratio, or mean difference, with 95% confidence interval.","Operative versus nonoperative treatment of acute Achilles tendon rupture: re-rupture rate, complication rate, and functional outcomes.",21969435,The non-operative functional management of patients with a rupture of the tendo Achillis leads to low rates of re-rupture.,"Controversy surrounds the most appropriate treatment method for patients with a rupture of the tendo Achillis. The aim of this study was to assess the long term rate of re-rupture following management with a non-operative functional protocol. We report the outcome of 945 consecutive patients (949 tendons) diagnosed with a rupture of the tendo Achillis managed between 1996 and 2008. There were 255 female and 690 male patients with a mean age of 48.97 years (12 to 86). Delayed presentation was defined as establishing the diagnosis and commencing treatment more than two weeks after injury. The overall rate of re-rupture was 2.8% (27 re-ruptures), with a rate of 2.9% (25 re-ruptures) for those with an acute presentation and 2.7% (two re-ruptures) for those with delayed presentation. This study of non-operative functional management of rupture of the tendo Achillis is the largest of its kind in the literature. Our rates of re-rupture are similar to, or better than, those published for operative treatment. We recommend our regime for patients of all ages and sporting demands, but it is essential that they adhere to the protocol.",0
27737830," To identify and characterise non-specific immunological effects after routine childhood vaccines against BCG, measles, diphtheria, pertussis, and tetanus.
 Systematic review of randomised controlled trials, cohort studies, and case-control studies.
 Embase, PubMed, Cochrane library, and Trip searched between 1947 and January 2014. Publications submitted by a panel of experts in the specialty were also included.
 All human studies reporting non-specific immunological effects after vaccination with standard childhood immunisations. Studies using recombinant vaccines, no vaccine at all, or repor","Non-specific immunological effects and off-target immune responses following routine childhood vaccination with BCG, measles, diphtheria, pertussis, and tetanus vaccines.",20002789,Human immunodeficiency virus (HIV) infection during pregnancy induces CD4 T-cell differentiation and modulates responses to Bacille Calmette-Guérin (BCG) vaccine in HIV-uninfected infants.,"Human immunodeficiency virus (HIV)-negative infants born to HIV-positive mothers frequently exhibit a range of immunological abnormalities. We tested the hypothesis that HIV during pregnancy affects the ability of CD4 T cells of HIV-negative infants to respond to vaccine challenge by recruiting HIV-negative infants born to HIV-negative and HIV-positive mothers and measuring their responses to Bacille Calmette-Guérin (BCG) vaccine given at birth. At 2 weeks, maternal HIV status did not influence CD4 T-cell counts or differentiation, but by 10 weeks CD4 counts of infants born to HIV-positive mothers fell to a level characteristic of HIV-positive infants. Among the CD4 T-cell populations, markers of differentiation (CCR7(-) CD45RA(-) CD27(-)) and senescence (CD57, PD-1) were more common among infants born to HIV-positive mothers than among infants born to HIV-negative mothers. At 2 weeks of age, we assessed the effector response to heat-killed BCG and tuberculin purified protein derivative (PPD) by overnight interferon (IFN)-gamma enzyme-linked immunosorbent spot-forming cell assay (ELISpot), but found no measurable effect of maternal HIV status. At 10 weeks, we assessed CD4 T-cell memory by measuring proliferation in response to the same antigens. We observed a bimodal response that allowed infants to be classified as high or low responders and found that fewer infants born to HIV-positive mothers were able to mount a robust proliferative response, suggesting that their reduced CD4 counts and increased differentiation indicated a deficiency in their ability to develop immunological memory.",1
31255301,"More than 10 years have elapsed since human papillomavirus (HPV) vaccination was implemented. We did a systematic review and meta-analysis of the population-level impact of vaccinating girls and women against human papillomavirus on HPV infections, anogenital wart diagnoses, and cervical intraepithelial neoplasia grade 2+ (CIN2+) to summarise the most recent evidence about the effectiveness of HPV vaccines in real-world settings and to quantify the impact of multiple age-cohort vaccination.
In this updated systematic review and meta-analysis, we used the same search strategy as in our previous paper. We searched MEDLINE and Embase for studies published between Feb 1, 2014, and Oct 11, 2018. Studies were eligible if they compared the frequency (prevalence or incidence) of at least one HPV-related endpoint (genital HPV infections, anogenital wart diagnoses, or histologically confirmed CIN2+) between pre-vaccination and post-vaccination periods among the general population and if they used the same population sources and recruitment methods before and after vaccination. Our primary assessment was the relative risk (RR) comparing the frequency (prevalence or incidence) of HPV-related endpoints between the pre-vaccination and post-vaccination periods. We stratified all analyses by sex, age, and years since introduction of HPV vaccination. We used random-effects models to estimate pooled relative risks.","Population-level effectiveness of HPV vaccination in girls and women on HPV infections, anogenital warts, and cervical intraepithelial neoplasia grade 2+ in real-world settings.",26939696,"Increasing incidence of anogenital warts with an urban-rural divide among males in Manitoba, Canada, 1990-2011.","Anogenital warts (AGW) are caused by the most common sexually transmitted infection, human papillomavirus. The objective of this study was to examine AGW incidence from 1990 to 2011 by sex, age, income quintile, and residential area category (urban/rural). The study period included the initiation of school-based HPV vaccination for girls in the sixth grade, which began in 2008. The data presented in this paper may also be useful for establishing baseline rates of AGW incidence which may be used to evaluate the success of the school-based HPV immunization program.
Cases of anogenital warts were identified using Manitoba's administrative databases of Physician Claims and Hospital Discharge Abstracts. Annual age-standardized incidence in Manitoba from 1990 to 2011 was calculated. Incident AGW rates were compared by sex, age group, residential area category (urban/rural), and household income quintile using logistic regression. Joinpoint regression analyses were used to evaluate the time trends of AGW.
Prior to 2000, AGW incidence was higher among females than males. However, from 2000 to 2011 the incidence was higher among males and increased steadily over time. AGW incidence tended to peak in younger age groups among females compared to males. Females and males living in urban areas had nearly twice the odds of AGW occurrence compared to those in rural areas.
There is a need for education about AGW in male population. The upcoming initiation of HPV vaccination among boys may reduce the incidence and should be evaluated.",1
30326495,"Burnout is a self-reported job-related syndrome increasingly recognized as a critical factor affecting physicians and their patients. An accurate estimate of burnout prevalence among physicians would have important health policy implications, but the overall prevalence is unknown.
To characterize the methods used to assess burnout and provide an estimate of the prevalence of physician burnout.
Systematic search of EMBASE, ERIC, MEDLINE/PubMed, psycARTICLES, and psycINFO for studies on the prevalence of burnout in practicing physicians (ie, excluding physicians in training) published before Jun",Prevalence of burnout syndrome among practicing physicians assessed using standardized measurement instruments and methods.,29282823,Evaluation of aggression in Australian after-hours doctor home-visit services.,"Minimizing the risks and distress arising from aggression in after-hours house call (AHHC) services will help improve service quality in the industry. Unfortunately, no national study has ever evaluated this in Australian AHHCs. Apart from reducing this gap, findings from this work will have global relevance given the rising popularity of the AHHC industry worldwide.
A survey of all 300 doctors employed by the National Home Doctor Service, Australia's largest AHHC service provider. A validated electronic questionnaire was used to examine the doctors' experiences over a 12-month period.
There were 168 valid responses (56% response rate). Aggression prevalence was 47.1%, and just over half (51.8%) of the cases came from the patients. ""Verbal aggression"" was the commonest (48.3%). Others are ""threats"" (26.6%), ""vexatious complaints"" (13.3%), ""property damage"" (4.2%), ""physical violence"" (4.2%), ""sexual harassment"" (2.8%), and ""stalking"" (0.7%). Majority of the respondents were concerned (90.2%) and apprehensive (75.2%) regarding the risks. Doctors who have experienced aggression were more likely to express apprehension (OR = 3.99; CI = 1.54-10.31; P = 0.004), while those that have attained Postgraduate Fellowships (Vocationally Registered) were less likely to report experiences of aggression (OR = 0.28; CI = 0.09-0.84; P = 0.02). Even though a higher proportion of females were concerned (92.3% vs 89.6%) and apprehensive (82.1% vs 73.6%) compared with males, these differences were not statistically significant (Fisher's Exact Tests: P = 1.000 and 0.469, respectively).
Aggression in Australian AHHC affects nearly 1-in-2 practitioners, with high levels of concern and apprehension being expressed. Concerned companies should do more to ensure that their doctors attain PG fellowships, as this is linked to lower reports of aggression. Where possible, family and friends need to be involved in patient care, as nearly half of the reported aggressions come from them.",0
22226047,"Despite widespread use of intrapartum antibiotic prophylaxis, group B streptococcus remains a leading cause of morbidity and mortality in infants in Europe, the Americas, and Australia. However, estimates of disease burden in many countries outside of these regions is not available. We aimed to examine the current global burden of invasive disease and the serotype distribution of group B streptococcus isolates.
We searched Medline, Embase, and Wholis databases for studies on invasive early-onset (day 0-6) and late-onset (day 7-89) group B streptococcal disease. Eligible studies were those that described incidence, deaths, or serotypes. We also reviewed reference lists and contacted experts to seek unpublished data and data missed by our search. Random effects meta-analysis was used to pool data.",Global burden and serotype distribution of invasive group B streptococcal disease in neonates with early-onset and late-onset infection across different geographic regions.,17634303,"Molecular epidemiology and distribution of serotypes, surface proteins, and antibiotic resistance among group B streptococci in Italy.","Group B streptococci (GBS) comprising three different sets of isolates (31 invasive, 36 noninvasive, and 24 colonizing isolates) were collected in Italy during the years 2002 to 2005. Clonal groups were established by pulsed-field gel electrophoresis (PFGE), and selected isolates were studied by multilocus sequence typing (MLST). GBS isolates were also characterized by classical and molecular techniques for serotyping and protein gene and antibiotic resistance profiling. Some serotypes were significantly associated with a particular isolate population: serotype Ia more frequently corresponded to invasive strains than other strains, serotype V was more frequently encountered among noninvasive strains, and nontypeable strains were more common among isolates from carriers. Four major clonal groups accounted for 52.7% of all isolates: PFGE type 1/clonal complex 1 (CC1) comprised mainly serotype V isolates carrying the alp3 gene, PFGE type 2/CC23 encompassed serotype Ia isolates with the alp1 or alpha gene, PFGE type 3/CC17 comprised serotype III isolates carrying the rib gene, and PFGE type 4/CC19 consisted mainly of serotype II isolates possessing the rib gene. The same serotypes were shared by isolates of different clonal groups, and conversely, isolates belonging to the same clonal groups were found to be of different serotypes, presumably due to capsular switching by the horizontal transfer of capsular genes. Erythromycin resistance (prevalence, 16.5%; 15 resistant isolates of 91) was restricted to strains isolated from patients with noninvasive infections and carriers, while tetracycline resistance was evenly distributed (prevalence, 68.1%; 62 resistant isolates of 91). Most erythromycin-resistant GBS strains were of serotype V, were erm(B) positive, and belonged to the PFGE type 1/CC1 group, suggesting that macrolide resistance may have arisen both by clonal dissemination and by the horizontal transfer of resistance genes.",0
23460092,"Developing a culture of safety is a core element of many efforts to improve patient safety and care quality. This systematic review identifies and assesses interventions used to promote safety culture or climate in acute care settings. The authors searched MEDLINE, CINAHL, PsycINFO, Cochrane, and EMBASE to identify relevant English-language studies published from January 2000 to October 2012. They selected studies that targeted health care workers practicing in inpatient settings and included data about change in patient safety culture or climate after a targeted intervention. Two raters indep",Interventions to promote patient safety culture and climate in acute care hospital settings and their effectiveness in improving safety outcomes among healthcare workers.,20014415,Achieving a safety culture in obstetrics.,"Preventable maternal and neonatal mortalities still occur, despite the wonders of today's technologically advanced healthcare system. Delivering high-quality, consistent care is the goal of every provider. Yet, obstetrical practice, in which unpredictable events and high-risk situations are the norm, is particularly vulnerable to medical errors. Obstetrics departments should be striving for a climate of patient safety, one that includes a just, reporting, and learning culture. This article discusses the various components of a safety culture as well as some of the advances that are being made in the field to improve the quality of care in obstetrics.",0
32371466,"To examine the psychological effects on clinicians of working to manage novel viral outbreaks, and successful measures to manage stress and psychological distress.
Rapid review and meta-analysis.
Cochrane Central Register of Controlled Trials, PubMed/Medline, PsycInfo, Scopus, Web of Science, Embase, and Google Scholar, searched up to late March 2020.
Any study that described the psychological reactions of healthcare staff working with patients in an outbreak of any emerging virus in any clinical setting, irrespective of any comparison with other clinicians or the general population.",Psychological effects and stress management interventions for healthcare workers during novel viral outbreaks and emerging infectious disease epidemics.,28049440,An assessment of the level of concern among hospital-based health-care workers regarding MERS outbreaks in Saudi Arabia.,"Middle East Respiratory Syndrome (MERS) is caused by MERS coronavirus (MERS-CoV). More than 80% of reported cases have occurred in Saudi Arabia, with a mortality exceeding 50%. Health-care workers (HCWs) are at risk of acquiring and transmitting this virus, so the concerns of HCWs in Saudi Arabia regarding MERS were evaluated.
An anonymous, self-administered, previously validated questionnaire was given to 1031 HCWs at three tertiary hospitals in Saudi Arabia from October to December, 2014. Concerns regarding the disease, its severity and governmental efforts to contain it, as well as disease outcomes were assessed using 31 concern statements in five distinct domains. A total concern score was calculated for each HCW. Multiple regression analyses were used to identify predictors of high concern scores.
The average age of participants was 37.1 ± 9.0 years, 65.8% were married and 59.1% were nurses. The majority of respondents (70.4%) felt at risk of contracting a MERS-CoV infection at work, 69.1% felt threatened if a colleague contracted MERS-CoV, 60.9% felt obliged to care for patients infected with MERS-CoV and 87.8% did not feel safe at work using standard precautions. In addition, 87.7% believed that the government should isolate patients with MERS in specialized hospitals, 73.7% agreed with travel restriction to and from areas affected by MERS and 65.3% agreed with avoiding inviting expatriates from such areas. After adjustment for covariates, high concern scores were significantly associated with being a Saudi national (p < 0.001), a non-physician (p < 0.001) and working in the central region (p < 0.001).
The majority of respondents reported concern regarding MERS-CoV infection from exposure at work. The overall level of concern may be influenced by previous experience of MERS outbreaks and related cultural issues. The concerns of HCWs may affect their overall effectiveness in an outbreak and should be addressed by incorporating management strategies in outbreak planning.",0
27802478,"Gout is a common type of inflammatory arthritis in patients seen by primary care physicians.
To review evidence about treatment of acute gout attacks, management of hyperuricemia to prevent attacks, and discontinuation of medications for chronic gout in adults.
Multiple electronic databases from January 2010 to March 2016, reference mining, and pharmaceutical manufacturers.
Studies of drugs approved by the U.S. Food and Drug Administration and commonly prescribed by primary care physicians, randomized trials for effectiveness, and trials and observational studies for adverse events.
Data extra","Pharmacological treatment of acute gout attacks and management of hyperuricemia to prevent recurrent attacks in adults, including efficacy, adverse events, and medication discontinuation strategies.",24940666,Efficacy and safety of a urate lowering regimen in primary gout.,"Pharmacologic urate lowering therapy (ULT), at full maintenance doses, has been associated with acute gout arthritis (in up to 80% of patients). The American College of Rheumatology has recently advocated gradually titrating the maintenance dose upward to chosen serum urate target. Few studies have examined the efficacy and safety of a ULT in primary gout.
The ULT regimen examined included allopurinol (50 mg/day, with increases of 50 mg/month up to 300 mg/day) and colchicine, as prophylaxis to prevent acute gouty attacks. The efficacy and safety of this regimen was examined in 42 patients in whom allopurinol was withheld for ≥3 months and restarted after this assessment and followed up for 12 months. The efficacy and safety of the ULT regimen was related to the serum urate decrease and to the incidence of acute gout flares, respectively.
Fifty-nine patients (mean age 59 years, 56 men) with primary gout received the gradually titrated ULT regimen. Baseline serum urate was (mean±SD) 8.4±0.8 mg/dL. At 3, 6, 9, and 12 months serum urate fell by a mean of 1.8, 2.5, 2.7, and 2.5 mg/dL, respectively (p<0.001). A serum urate level<6.0 mg/dL was achieved by 38/59 (64%) patients. During the 12 months following the start of the ULT we documented 10 acute arthritis episodes (17% of patients).
A gradually titrated hypouricemic regimen for 6 months in patients with primary gout appears to be effective and safe.",0
31585960,"To map and assess prognostic models for outcome prediction in patients with chronic obstructive pulmonary disease (COPD).
Systematic review.
PubMed until November 2018 and hand searched references from eligible articles.
Studies developing, validating, or updating a prediction model in COPD patients and focusing on any potential clinical outcome.
The systematic search yielded 228 eligible articles, describing the development of 408 prognostic models, the external validation of 38 models, and the validation of 20 prognostic models derived for diseases other than COPD. The 408 prognostic models were developed in three clinical settings: outpatients (n=239; 59%), patients admitted to hospital (n=155; 38%), and patients attending the emergency department (n=14; 3%).","Prognostic prediction models for clinical outcome assessment in chronic obstructive pulmonary disease patients across outpatient, hospital, and emergency department settings.",10613056,[Use of home mechanical ventilation in patients with high grade chronic obstructive lung disease (COPD)].,"Nasal intermittent positive pressure ventilation (NIPPV) ist well established in the treatment of chronic hypercapnic ventilatory failure in patients with scoliosis or neuromuscular diseases. It has been introduced in acute respiratory failure in patients with COPD. The role of NIPPV in the long term treatment in severe stable hypercapnic COPD patients has not been well established (Thorax 1996; 51: 455-7).
We analysed the results of blood gases and lung function in all stable chronic hypercapnic COPD patients (PaCO2 59 +/- 6 mmHg), who underwent a trial of NIPPV from 11/95 to 1/98 (n = 25; 12 f/13 m; mean age 62 +/- 10 years). Patients with acute respiratory failure or an additional obstructive sleep apnoea syndrome were excluded. NIPPV was performed over an individual hand-molded nasal mask in the assisted/controlled mode (4 volume-, 21 pressure-cycled). At the time of discharge (25 +/- 15 days after the initiation of NIPPV) patients were able to apply the ventilator during night for al least 6 h. At the time PaCO2 during NIPPV was 43 +/- 6 mmHg.
5 patients failed to continue NIPPV for long-term treatment, so it was discontinued after a period of 6 weeks. 20 patients (80%) continued NIPPV for 13 +/- 8 months (range 1-27 months), 2 patients died during NIPPV (after 1 and 13 months). NIPPV had no significant influence on lung function (FEV1 predicted 28 +/- 13 vs. 30 +/- 11%; intrathoracic lung volume 6.9 +/- 2.5 vs. 6.2 +/- 1.7 l) or respiratory muscle strength (Pimax 4.2 +/- 0.9 vs. 4.5 +/- 1.6 kPa). However, we observed a significant improvement in PaCO2 during spontaneous breathing (59 +/- 6 vs. 48 +/- 8 mmHg; p < 0.001) and in case of base excess (7.4 +/- 4.1 vs. 3.4 +/- 2.4 mmol/l; p < 0.003).
NIPPV can improve hypercapnic ventilatory failure in a subgroup of severe stable COPD, provided patients are motivated and home mechanical ventilation is adequately performed.",0
31585960,"To map and assess prognostic models for outcome prediction in patients with chronic obstructive pulmonary disease (COPD).
Systematic review.
PubMed until November 2018 and hand searched references from eligible articles.
Studies developing, validating, or updating a prediction model in COPD patients and focusing on any potential clinical outcome.
The systematic search yielded 228 eligible articles, describing the development of 408 prognostic models, the external validation of 38 models, and the validation of 20 prognostic models derived for diseases other than COPD. The 408 prognostic models were developed in three clinical settings: outpatients (n=239; 59%), patients admitted to hospital (n=155; 38%), and patients attending the emergency department (n=14; 3%).","Prognostic prediction models for clinical outcome assessment in chronic obstructive pulmonary disease patients across outpatient, hospital, and emergency department settings.",28031707,Early efficacy of budesonide/formoterol in patients with moderate-to-very-severe COPD.,"Large clinical trials have confirmed the long-term efficacy of inhaled corticosteroid/long-acting β
Post hoc analysis of 3-month post-randomization outcomes, including exacerbation rates, dropouts, symptoms, reliever use, and lung function, from three studies with similar inclusion criteria of moderate-to-very-severe COPD. Patients (n=1,571) were treated with budesonide/formoterol (B/F) 320/9 μg or placebo, twice daily; in one study, tiotropium 18 μg once daily was also given.
Over the first 3 months of treatment, fewer patients randomized to B/F experienced exacerbations versus the placebo group (111 and 196 patients with ≥1 exacerbation, respectively). This was true in each COPD severity group. Compared with placebo, B/F treatment led to significantly lower 3-month exacerbation rates in the moderate and severe COPD severity groups (46% and 57% reduction, respectively), with a nonsignificant reduction (29%) in very severe COPD. Fewer dropouts occurred among patients treated with B/F versus placebo, this effect being greater with increasing COPD severity. B/F was associated with improved forced expiratory volume in 1 s, morning peak expiratory flow rate, total reliever use, and total symptom score versus placebo.
Treatment with B/F decreased exacerbations in patients with moderate-to-very-severe COPD within 3 months of commencing treatment. This effect was paralleled by improved lung function, less reliever medication use, and fewer symptoms, irrespective of disease severity.",0
32371466,"To examine the psychological effects on clinicians of working to manage novel viral outbreaks, and successful measures to manage stress and psychological distress.
Rapid review and meta-analysis.
Cochrane Central Register of Controlled Trials, PubMed/Medline, PsycInfo, Scopus, Web of Science, Embase, and Google Scholar, searched up to late March 2020.
Any study that described the psychological reactions of healthcare staff working with patients in an outbreak of any emerging virus in any clinical setting, irrespective of any comparison with other clinicians or the general population.",Psychological effects and stress management interventions for healthcare workers during novel viral outbreaks and emerging infectious disease epidemics.,25369317,Clinical presentation and management of severe Ebola virus disease.,"Clinicians caring for patients infected with Ebola virus must be familiar not only with screening and infection control measures but also with management of severe disease. By integrating experience from several Ebola epidemics with best practices for managing critical illness, this report focuses on the clinical presentation and management of severely ill infants, children, and adults with Ebola virus disease. Fever, fatigue, vomiting, diarrhea, and anorexia are the most common symptoms of the 2014 West African outbreak. Profound fluid losses from the gastrointestinal tract result in volume depletion, metabolic abnormalities (including hyponatremia, hypokalemia, and hypocalcemia), shock, and organ failure. Overt hemorrhage occurs infrequently. The case fatality rate in West Africa is at least 70%, and individuals with respiratory, neurological, or hemorrhagic symptoms have a higher risk of death. There is no proven antiviral agent to treat Ebola virus disease, although several experimental treatments may be considered. Even in the absence of antiviral therapies, intensive supportive care has the potential to markedly blunt the high case fatality rate reported to date. Optimal treatment requires conscientious correction of fluid and electrolyte losses. Additional management considerations include searching for coinfection or superinfection; treatment of shock (with intravenous fluids and vasoactive agents), acute kidney injury (with renal replacement therapy), and respiratory failure (with invasive mechanical ventilation); provision of nutrition support, pain and anxiety control, and psychosocial support; and the use of strategies to reduce complications of critical illness. Cardiopulmonary resuscitation may be appropriate in certain circumstances, but extracorporeal life support is not advised. Among other ethical issues, patients' medical needs must be carefully weighed against healthcare worker safety and infection control concerns. However, meticulous attention to the use of personal protective equipment and strict adherence to infection control protocols should permit the safe provision of intensive treatment to severely ill patients with Ebola virus disease.",0
25770113,"To evaluate the relative risk of pulmonary disease among patients with psoriasis, psoriatic arthritis, and inflammatory bowel disease treated with methotrexate.
PubMed, Cochrane central register of controlled trials, and Embase to 9 January 2014.
Double blind randomised controlled trials of methotrexate versus placebo or active comparator agents in adults with psoriatic arthritis, psoriasis, or inflammatory bowel disease. Studies with fewer than 50 participants or of less than 12 weeks' duration were excluded.
Two investigators independently searched both databases. All authors reviewed select",Methotrexate treatment pulmonary disease risk in psoriasis psoriatic arthritis inflammatory bowel disease randomized controlled trials.,23013312,"Brodalumab and ixekizumab, anti-interleukin-17-receptor antibodies for psoriasis: a critical appraisal.","Papp et al. (N Engl J Med 2012; 366: 1181-9) and Leonardi et al. (N Engl J Med 2012; 366: 1190-9) respectively assessed the efficacy and safety of brodalumab (AMG 827), a human monoclonal antibody directed against interleukin (IL)-17RA, the receptor of IL-17A and ixekizumab (LY2439821), a humanized anti-IL-17 monoclonal antibody for the treatment of moderate-to-severe plaque psoriasis.
In these phase II, multicentre, randomized, double-blind, placebo-controlled, dose-ranging studies, 198 patients with severe chronic plaque-type psoriasis [Psoriasis Area and Severity Index (PASI) ≥ 12, body surface area (BSA) ≥ 10] were enrolled in Papp et al. between December 2009 and April 2010 and 142 patients in Leonardi et al. between April 2010 and March 2011. STUDY EXPOSURE: In Papp et al., patients with chronic plaque-type psoriasis were randomly assigned to receive placebo or brodalumab at a dose of 70, 140 or 210 mg, administered subcutaneously on day 1 and at weeks 1, 2, 4, 6, 8 and 10, or at a dose of 280 mg administered subcutaneously on day 1 and at weeks 4 and 8. In Leonardi et al., patients were randomly assigned to receive subcutaneous injections of placebo or 10, 25, 75 or 150 mg of ixekizumab at 0, 2, 4, 8, 12 and 16 weeks, followed by a 4-week follow-up period.
In both studies the PASI, static Physician's Global Assessment (sPGA), Dermatology Life Quality Index (DLQI), adverse events, and routine haematological and laboratory values were analysed. Additionally in Papp et al. the BSA and Medical Outcomes Study 36-item short-form health survey, and in Leonardi et al. the joint pain visual analogue scale (VAS), itch severity VAS, Nail Psoriasis Severity Index (NAPSI) and the Psoriasis Scalp Severity Index (PSSI) were also measured.
At week 12, in Papp et al. and Leonardi et al.: (A) The percentage improvement in PASI. In Leonardi et al. (and in Papp et al. as one of the secondary outcomes): (B) The percentage of patients who achieved a reduction in the PASI by at least 75% (PASI 75) over baseline.
Primary endpoints: (A) At week 12 in Papp et al., the mean improvements in PASI were significantly greater in the 140, 210 and 280 mg brodalumab groups than in the 70 mg brodalumab group (85.9%, 86.3% and 76.0%, respectively, vs. 45.0%; P < 0.001); in addition, the mean improvement in PASI was significantly greater in each brodalumab group than in the placebo group (16.0%; P < 0.001). (At week 16 lower but still significant percentages compared with placebo were seen). In Leonardi et al., the mean improvements in PASI of the 10, 25, 75 and 150 mg ixekizumab groups are not reported. Significant differences between the two highest dose groups and the placebo group were seen as early as 1 week in PASI. (B) At week 12 in Papp et al., the percentages of patients with PASI 75 were 33% in the 70 mg, 77% in the 140 mg, 82% in the 210 mg and 67% in the 280 mg brodalumab group. The percentages of patients with a 50%, 75%, 90% or 100% improvement in PASI at week 12 were significantly higher among patients who received brodalumab (taking into account all doses) than among patients who received placebo. The authors do not give an explanation for the lower improvements at week 16. In Leonardi et al., the PASI 75 occurred in significantly more patients in the 25 mg (76.7%), 75 mg (82.8%) and 150 mg (82.1%) ixekizumab groups vs. placebo (7.7%; P < 0.001). No significant difference was seen for the 10 mg group. Significant differences between the 150 mg group and the placebo group were seen as early as 2 weeks in PASI 75. Differences were sustained through 20 weeks for all clinical measures in the ixekizumab study. Secondary endpoints: At week 12, in Papp et al., significant decreases of BSA, sPGA and DLQI were also seen. In Leonardi et al., significantly higher percentages of patients in the three highest ixekizumab dose groups had an sPGA score of 0 (clear of disease) or of 0 or 1 (minimal disease) for each dose and score group vs. placebo (P < 0.05). Significant reductions in the mean ± SD DLQI scores were detected at 8 weeks in the 150 mg ixekizumab group (-7.8 ± 5.7), the 75 mg ixekizumab group (-8.5 ± 5.1) and the 25 mg ixekizumab group (-7.1 ± 6.5) as compared with placebo (-2.4 ± 4.4) for all comparisons (P < 0.001). In addition, at 16 weeks, significantly more patients had a DLQI score of 0 in the 150, 75 and 25 mg ixekizumab groups (39.3%, 37.9% and 31.0%, respectively) as compared with placebo (0%) for all comparisons (P < 0.05). In Leonardi et al., significant reductions were seen in the PSSI, in the NAPSI and in the itch severity (VAS scores). Significant reductions from baseline of the joint pain VAS were also observed in the 150 mg ixekizumab group at 12 weeks, and this reduction was sustained through 20 weeks. At week 16: with respect to the other secondary efficacy endpoints and patient-reported outcomes, significant improvements in scores were seen compared with placebo, but some of these differences were lower than observed at week 12.
Papp et al. summarized that during the first 12 weeks of the trial, 68% of the patients in the 70 mg brodalumab group, 69% (140 mg), 82% (210 mg), 73% (280 mg) and 62% in the placebo group had at least one adverse event. Although the authors mentioned only three serious adverse events, four were reported during the study: renal colic (70 mg brodalumab group), two patients with grade 3 asymptomatic neutropenia (210 mg brodalumab group; Papp et al. clarified that only one of these episodes was a serious adverse event) and an ectopic pregnancy in one patient in the placebo group. Leonardi et al. reported that there were no serious adverse events in any group. The frequency of adverse events was similar between the combined ixekizumab groups and the placebo group. A few patients were withdrawn from the trial due to adverse events including hypertriglyceridaemia (placebo group), peripheral oedema (10 mg ixekizumab), hypersensitivity (10 mg ixekizumab) and urticaria (25 mg ixekizumab).
Papp et al. and Leonardi et al. concluded that brodalumab and ixekizumab, respectively, significantly improved plaque psoriasis in 12-week, phase II studies. For difficult-to-treat areas such as the scalp and nails, significant differences from placebo were observed with ixekizumab treatment. These trials were not large enough or of long enough duration to ascertain uncommon adverse events or to assess the risk of infection or cardiovascular events.",0
30409774,"To provide a complete toxicity profile, toxicity spectrum, and a safety ranking of immune checkpoint inhibitor (ICI) drugs for treatment of cancer.
Systematic review and network meta-analysis.
Electronic databases (PubMed, Embase, Cochrane Library, and Web of Science) were systematically searched to include relevant studies published in English between January 2007 and February 2018.
Only head-to-head phase II and III randomised controlled trials comparing any two or three of the following treatments or different doses of the same ICI drug were included: nivolumab, pembrolizumab, ipilimumab, t","Comparative toxicity and safety profile of immune checkpoint inhibitor drugs including nivolumab, pembrolizumab, and ipilimumab in cancer treatment.",28902534,"Phase III, Randomized, Placebo-Controlled, Double-Blind Trial of Motesanib (AMG-706) in Combination With Paclitaxel and Carboplatin in East Asian Patients With Advanced Nonsquamous Non-Small-Cell Lung Cancer.","Purpose This phase III, randomized, placebo-controlled, double-blind study determined whether motesanib improved progression-free survival (PFS) compared with placebo in combination with paclitaxel and carboplatin (P/C) in East Asian patients with stage IV/recurrent nonsquamous non-small-cell lung cancer. Patients and Methods Patients were randomly assigned (1:1) to receive oral motesanib 125 mg or placebo once daily plus paclitaxel 200 mg/m",0
31990319,"The tort liability system is intended to serve 3 functions: compensate patients who sustain injury from negligence, provide corrective justice, and deter negligence. Deterrence, in theory, occurs because clinicians know that they may experience adverse consequences if they negligently injure patients.
To review empirical findings regarding the association between malpractice liability risk (ie, the extent to which clinicians face the threat of being sued and having to pay damages) and health care quality and safety.
Systematic search of multiple databases for studies published between January ",Association between malpractice liability risk and healthcare quality and patient safety outcomes in clinical practice.,1920697,Malpractice claims data as a quality improvement tool. II. Is targeting effective?,"--To evaluate the usefulness of malpractice claims data for identifying (1) physicians who are prone to negligent errors and (2) physician and hospital characteristics associated with particular kinds of errors.
--Retrospective review of physician malpractice claim records.
--Large New Jersey physician malpractice insurer.
--Physicians practicing obstetrics and gynecology, general surgery, anesthesiology, or radiology and covered by the insurance carrier for any portion of 1977 through 1989.
--Claims were classified into 11 clinical error categories comprising three broad groups: patient management problems, technical performance problems, and staff coordination problems. Outcomes were expressed as per-physician frequency of claims due to negligence and proportion of claims associated with various types of errors.
--Using 5 years of claims history to predict long-term claims proneness was more accurate than chance alone by 57% in obstetrics and gynecology, 33% in general surgery, 11% in anesthesiology, and 15% in radiology. Cross-validated recursive partitioning showed that among physician characteristics, only specialty was predictive of physician error profiles. For physician claims arising in acute care hospitals, hospital size and location in addition to hospital services discriminated among different error profiles; the cross-validated accuracy of this method was 69% compared with 22% accuracy achieved by random prediction.
--Use of physicians' malpractice claims histories to target individuals for education or sanctions is problematic because of the only modest predictive power of such claims histories.",0
26420598,"To determine whether increasing calcium intake from dietary sources affects bone mineral density (BMD) and, if so, whether the effects are similar to those of calcium supplements.
Random effects meta-analysis of randomised controlled trials.
Ovid Medline, Embase, Pubmed, and references from relevant systematic reviews. Initial searches were undertaken in July 2013 and updated in September 2014.
Randomised controlled trials of dietary sources of calcium or calcium supplements (with or without vitamin D) in participants aged over 50 with BMD at the lumbar spine, total hip, femoral neck, total body, or forearm as an outcome.",Dietary calcium intake and calcium supplementation effects on bone mineral density in adults over 50 years old.,16763748,"Soy isoflavones attenuate bone loss in early postmenopausal Chinese women : a single-blind randomized, placebo-controlled trial.","Previous studies show that daily doses of 40-99 mg soy isoflavones produce inconsistent effects on preventing estrogen-related bone loss in postmenopausal women.
To examined the bone-sparing effect of isoflavones at a higher dose in early Chinese postmenopausal women.
A total of 90 eligible women aged 45-60 years were randomly assigned to three treatment groups (30 subjects/group) with daily dosages of 0 (placebo), 84 and 126 mg isoflavones for 6 months. Further inclusion criteria included body mass index <30 kg/m(2) and Kuppermann Climacteric Scale >15. Bone mineral density (BMD) of the spine and hip were measured using dual- energy X-ray absorptiometry at 0 and 6 months. Serum osteocalcin, bone-specific alkaline phosphatase (BAP) and urinary deoxypyridinoline were examined at 0, 3 and 6 months.
Mean percent changes in BMD at the lumbar spine (p = 0.114) and femoral neck (p = 0.053) increased with the supplementations of soy isoflavones after adjusting for age, years since menopause, body weight and height, dietary intakes of isoflavones, calcium and protein, physical activities and baseline BMD at the relevant sites. We observed significantly dose-dependent linear relationship between the supplemental isoflavones and percent changes of BMD at the spine (p = 0.042) and femoral neck (p = 0.016) post-treatment, and urinary total deoxypyridinoline (p = 0.014) at 12 weeks but not at 24 weeks after adjusting for the above factors. No significant difference in percent changes in serum osteocalcin (p > 0.05) and BAP (p > 0.05) was found among the three treatment groups at 12-week and 24-week post-treatment.
There is a significantly dose-dependent effect of soy isoflavones on attenuating bone loss at the spine and femoral neck possibly via the inhibition of bone resorption in non-obese postmenopausal Chinese women with high Kuppermann Scale.",0
31727627,"To assess the efficacy and safety of different endoscopic surgical treatments for benign prostatic hyperplasia.
Systematic review and network meta-analysis of randomised controlled trials.
A comprehensive search of PubMed, Embase, and Cochrane databases from inception to 31 March 2019.
Randomised controlled trials comparing vapourisation, resection, and enucleation of the prostate using monopolar, bipolar, or various laser systems (holmium, thulium, potassium titanyl phosphate, or diode) as surgical treatments for benign prostatic hyperplasia. The primary outcomes were the maximal flow rate (Q","Efficacy and safety of endoscopic surgical treatments for benign prostatic hyperplasia including vapourisation, resection, and enucleation using monopolar, bipolar, and laser systems.",32008370,Ejaculatory Hood-Sparing Photoselective Vaporization of the Prostate ,[No Abstract],0
23935058,"To evaluate the effectiveness of current medical and psychological interventions for individuals at risk of sexually abusing children, both in known abusers and those at risk of abusing.
Systematic review of interventions designed to prevent reoffending among known abusers and prevention for individuals at risk of sexually abusing children. Randomised controlled trials and prospective observational studies were eligible. Primary outcomes were arrests, convictions, breaches of conditions, and self reported sexual abuse of children after one year or more.
After review of 1447 abstracts, we retrieved 167 full text studies, and finally included eight studies with low to moderate risk of bias.","Effectiveness of medical and psychological interventions to prevent sexual abuse reoffending in known abusers and at-risk individuals, measured by arrests, convictions, and self-reported abuse.",23136142,"Sex offender treatment outcome, actuarial risk, and the aging sex offender in Canadian corrections: a long-term follow-up.","The present study is an examination of sex offender treatment outcome in a large national cohort of Canadian Federally incarcerated sex offenders followed up an average of 11.7 years postrelease. A brief actuarial risk scale (BARS), which predicted sexual and violent recidivism, was created for the purposes of the present study to control for risk-related differences between treated and untreated offenders. In total, 732 offenders were identified as having completed (n = 625) or not attended (n = 107) a sex offender treatment program and for whom sufficient information was available to complete the scale. Controlling for risk and individual differences in follow-up time using Cox regression survival analyses and an 8-year fixed follow-up period, treated sex offenders demonstrated significantly lower rates of violent, but not sexual, recidivism. When the treated and untreated groups were stratified by risk level, significant differences were observed only among moderate or high risk offenders. Some significant group differences also emerged on indicators of recidivism severity, with treated offenders demonstrating slower times to sexual reoffense and lower scores on a quantified metric of sexual and violent recidivism severity after controlling for risk. Differences in recidivism base rates between treated and untreated offenders were also larger in magnitude for younger offenders (i.e., under age 50 at release), than for older offenders; however, interactions between age and treatment were not found. The findings are consistent with the risk principle and have possible implications regarding the dynamic nature of sexual violence risk.",0
26868137,"To evaluate the outcomes with use of renin angiotensin system (RAS) blockers compared with other antihypertensive agents in people with diabetes.
Meta-analysis.
PubMed, Embase, and the Cochrane central register of controlled trials databases for randomized trials of RAS blockers versus other antihypertensive agents in people with diabetes mellitus. Outcomes were death, cardiovascular death, myocardial infarction, angina, stroke, heart failure, revascularization, and end stage renal disease.
The search yielded 19 randomized controlled trials that enrolled 25,414 participants with diabetes for a",RAS blockers compared to other antihypertensive agents in diabetic patients for cardiovascular and renal outcomes.,15734614,Cardiovascular morbidity and mortality in hypertensive patients with a history of atrial fibrillation: The Losartan Intervention For End Point Reduction in Hypertension (LIFE) study.,"We assessed the impact of antihypertensive treatment in hypertensive patients with electrocardiographic (ECG) left ventricular (LV) hypertrophy and a history of atrial fibrillation (AF).
Optimal treatment of hypertensive patients with AF to reduce the risk of cardiovascular morbidity and mortality remains unclear.
As part of the Losartan Intervention For End point reduction in hypertension (LIFE) study, 342 hypertensive patients with AF and LV hypertrophy were assigned to losartan- or atenolol-based therapy for 1,471 patient-years of follow-up.
The primary composite end point (cardiovascular mortality, stroke, and myocardial infarction) occurred in 36 patients in the losartan group versus 67 in the atenolol group (hazard ratio [HR] = 0.58, 95% confidence interval [CI] 0.39 to 0.88, p = 0.009). Cardiovascular deaths occurred in 20 versus 38 patients in the losartan and atenolol groups, respectively (HR = 0.58, 95% CI 0.33 to 0.99, p = 0.048). Stroke occurred in 18 versus 38 patients (HR = 0.55, 95% CI 0.31 to 0.97, p = 0.039), and myocardial infarction in 11 versus 8 patients (p = NS). Losartan-based treatment led to trends toward lower all-cause mortality (30 vs. 49, HR = 0.67, 95% CI 0.42 to 1.06, p = 0.090) and fewer pacemaker implantations (5 vs. 15, p = 0.065), whereas hospitalization for heart failure took place in 15 versus 26 patients and sudden cardiac death in 9 versus 17, respectively (both p = NS). The benefit of losartan was greater in patients with AF than those with sinus rhythm for the primary composite end point (p = 0.019) and cardiovascular mortality (p = 0.039).
Losartan is more effective than atenolol-based therapy in reducing the risk of the primary composite end point of cardiovascular morbidity and mortality as well as stroke and cardiovascular death in hypertensive patients with ECG LV hypertrophy and AF.",0
26420598,"To determine whether increasing calcium intake from dietary sources affects bone mineral density (BMD) and, if so, whether the effects are similar to those of calcium supplements.
Random effects meta-analysis of randomised controlled trials.
Ovid Medline, Embase, Pubmed, and references from relevant systematic reviews. Initial searches were undertaken in July 2013 and updated in September 2014.
Randomised controlled trials of dietary sources of calcium or calcium supplements (with or without vitamin D) in participants aged over 50 with BMD at the lumbar spine, total hip, femoral neck, total body, or forearm as an outcome.",Dietary calcium intake and calcium supplementation effects on bone mineral density in adults over 50 years old.,22151975,"Prevention of falls and fractures in old people by administration of calcium and vitamin D, randomized clinical trial.","There are many studies that associate vitamin D serum levels in older persons with muscle strength, physical performance and risk of fractures and falls. However, current evidence is insufficient to make a general recommendation for administrating calcium and vitamin D to older persons. The objective of this study is to determine the effectiveness of calcium and vitamin D supplementation in improving musculoskeletal function and decreasing the number of falls in person aged over 65 years.
Phase III, randomized, double blind, placebo-controlled trial to evaluate the efficacy of already marketed drugs in a new indication. It will be performed at Primary Care doctor visits at several Healthcare Centers in different Spanish Health Areas. A total of 704 non-institutionalized subjects aged 65 years or older will be studied (sample size calculated for a statistical power of 80%, alpha error 0.05, annual incidence of falls 30% and expected reduction of 30% to 20% and expected loss to follow up of 20%). The test drug containing 800 IU of vitamin D and 1000 mg of calcium will be administered daily. The control group will receive a placebo. The subjects will be followed up over two years. The primary variable will be the incidence of spontaneous falls. The secondary variables will include: consequences of the falls (fractures, need for hospitalization), change in calcidiol plasma levels and other analytical determinations (transaminases, PTH, calcium/phosphorous, albumin, creatinine, etc.), change in bone mass by densitometry, change in muscle strength in the dominant hand and change in musculoskeletal strength, risk factors for falls, treatment compliance, adverse effects and socio-demographic data.
The following principles have been considered in the development of this Project: the product data are sufficient to ensure that the risks assumed by the study participants are acceptable, the study objectives will probably provide further knowledge on the problem studied and the available information justifies the performance of the study and its possible risk for the participants.If calcium and vitamin D supplementation is effective in the prevention of falls and fractures in the elderly population, a recommendation may be issued with the aim of preventing some of the consequences of falls that affect quality of life and the ensuing personal, health and social costs.
ClinicalTrials.gov: NCT01452243",0
28903922,[No Abstract],"Clinical study with unspecified population, interventions, and outcomes.",15643103,Relapse prevention with gepirone ER in outpatients with major depression.,"To evaluate long-term efficacy and tolerability of the serotonin 5-HT1A receptor agonist, gepirone extended release (ER), a multicenter, randomized, placebo-controlled relapse prevention study was performed in patients with recurrent major depression (DSM-IV criteria). Patients 18 to 70 years, with a primary diagnosis of recurrent major depression (DSM-IV; 296.3) and a screening and baseline HAMD-17 total score >/=20 were eligible. After a 3- to 14-day (dependent on pretrial medication) single-blind placebo washout period, eligible patients entered an 8- or 12-week (depending on time to remission) open-label gepirone ER treatment period. They initially received a dose of 20 mg/d gepirone ER and were titrated to a dose of 40 to 80 mg/d. Patients who achieved remission (HAMD-17 total score </=8) were randomized to double-blind continuation of their gepirone ER treatment or placebo for 40 to 44 weeks. The primary end point was a comparison of the relapse rates between gepirone ER and placebo. Relapse was defined as a HAMD-17 total score >/=16 or discontinuation for lack of efficacy. A total of 420 patients were treated in the open-label phase. Of these, 303 (72.1%) completed the open-label phase and 250 (59.5%) fulfilled the criteria for remission and were randomized into the double-blind continuation phase (gepirone ER: n = 126; placebo: n = 124). The mean (+/-SD) final titrated dose of gepirone ER was 61.9 (+/-17.0) mg/d in the double-blind continuation phase. The relapse rate in the gepirone ER group was statistically significantly lower than that in the placebo group, 23.0% versus 34.7%, respectively (P = 0.024). During the open-label phase, adverse events that occurred in more than 5% of patients were nausea (15.7%), dizziness (13.1%), headache (12.9%), insomnia (6.2%), and vertigo (6.0%). During the continuation phase, the incidence of newly or re-emerging adverse events was similar with gepirone ER (43.7%) and placebo (42.7%). Adverse events different from those occurring during the open-label phase were not apparent. All adverse events occurred in less than 5% of patients with the exception of flu syndrome and headache. In conclusion, gepirone ER at a dose range of 40 to 80 mg/d is effective for relapse prevention in patients with recurrent major depression. It is well tolerated during long-term treatment for up to approximately one year.",0
30383109,"Although sickle cell trait (SCT) is largely a benign carrier state, it may increase risk for certain clinical outcomes.
To evaluate associations between SCT and clinical outcomes in children and adults.
English-language searches of PubMed, CINAHL, the Cochrane Library, Current Contents Connect, Scopus, and Embase (1 January 1970 to 30 June 2018) and bibliographies of review articles.
Observational controlled studies (published in English) in children or adults that examined an association between SCT and any of 24 clinical outcomes specified a priori in the following 6 categories: exertion-rel",Sickle cell trait association with clinical outcomes and adverse events in children and adults compared to non-carriers.,31307430,Association of functional and structural social support with chronic kidney disease among African Americans: the Jackson Heart Study.,"There is limited evidence on the relationship between social support and renal outcomes in African Americans. We sought to determine the association of social support with prevalent chronic kidney disease (CKD) and kidney function decline in an African American cohort. We also examined whether age modifies the association between social support and kidney function decline.
We identified Jackson Heart Study (JHS) participants with baseline (Exam in 2000-2004) functional and structural social support data via the Interpersonal Support Evaluation List (ISEL) and social network size questions, respectively. With ISEL as our primary exposure variable, we performed multivariable regression models to evaluate the association between social support and prevalent CKD [estimated glomerular filtration rate (eGFR) < 60 ml/min/1.73 m2 or urine albumin-creatinine ratio (ACR) ≥30 mg/g], eGFR decline, and rapid renal function decline (RRFD) (> 30% decrease in eGFR over approximately 10 years). All models were adjusted for baseline sociodemographics, diabetes, hypertension, smoking status, and body mass index; models for eGFR decline and RRFD were additionally adjusted for eGFR and ACR. In models for eGFR decline, we assessed for interaction between age and social support. For secondary analyses, we replaced ISEL with its individual domains (appraisal, belonging, self-esteem, and tangible) and social network size in separate models as exposure variables.
Of 5301 JHS participants, 4015 (76%) completed the ISEL at baseline. 843 (21%) had low functional social support (ISEL score < 32). Participants with low (vs. higher) functional social support were more likely to have lower income (47% vs. 28%), be current or former tobacco users (39% vs. 30%), have diabetes (25% vs. 21%) or CKD (14% vs. 12%). After multivariable adjustment, neither ISEL or social network size were independently associated with prevalent CKD, eGFR decline, or RRFD. Of the ISEL domains, only higher self-esteem was associated with lower odds of prevalent CKD [OR 0.94 (95% CI 0.89-0.99)]. The associations between social support measures and eGFR decline were not modified by age.
In this African-American cohort, social support was not associated with prevalent CKD or kidney function decline. Further inquiry of self-esteem's role in CKD self-management and renal outcomes is warranted.",0
31585960,"To map and assess prognostic models for outcome prediction in patients with chronic obstructive pulmonary disease (COPD).
Systematic review.
PubMed until November 2018 and hand searched references from eligible articles.
Studies developing, validating, or updating a prediction model in COPD patients and focusing on any potential clinical outcome.
The systematic search yielded 228 eligible articles, describing the development of 408 prognostic models, the external validation of 38 models, and the validation of 20 prognostic models derived for diseases other than COPD. The 408 prognostic models were developed in three clinical settings: outpatients (n=239; 59%), patients admitted to hospital (n=155; 38%), and patients attending the emergency department (n=14; 3%).","Prognostic prediction models for clinical outcome assessment in chronic obstructive pulmonary disease patients across outpatient, hospital, and emergency department settings.",19515547,A predictive model of hospitalisation and death from chronic obstructive pulmonary disease.,"A recent study showed that doctors are excessively pessimistic about the prognosis in patients with COPD and suggested that a simple tool to predict outcome is needed.
In a prospective observational study, 3343 patients with an FEV1<80% of the predicted value and FEV1/FVC<70% were selected from a clinical network of patients screened for COPD in Tayside, Scotland. Data were collected during annual visits on demography, spirometry, smoking history, medical research council (MRC) dyspnoea scale, body mass index (BMI) and other variables. The main outcome measures were hospitalisations and death secondary to COPD. A proportional hazard model was used to identify significant risk factors.
Increasing age, low BMI, worsening MRC dyspnoea score, decreased FEV1, and prior respiratory or cardiovascular admission hospitalisation were predictors of poor outcome. Influenza vaccination was protective.
We have developed a model that estimates the risk of respiratory hospitalisation and death in patients with COPD.",1
30884526,"Urinary incontinence (UI), a common malady in women, most often is classified as stress, urgency, or mixed.
To compare the effectiveness of pharmacologic and nonpharmacologic interventions to improve or cure stress, urgency, or mixed UI in nonpregnant women.
MEDLINE, Cochrane Central Register of Controlled Trials (Wiley), Cochrane Database of Systematic Reviews (Wiley), EMBASE (Elsevier), CINAHL (EBSCO), and PsycINFO (American Psychological Association) from inception through 10 August 2018.
84 randomized trials that evaluated 14 categories of interventions and reported categorical cure or imp",Pharmacologic and nonpharmacologic interventions for stress urgency or mixed urinary incontinence in nonpregnant women with cure or improvement outcomes.,19281469,Does urodynamic verification of overactive bladder determine treatment success? Results from a randomized placebo-controlled study.,"To determine whether subjects with or with no detrusor overactivity (DO) determined by urodynamic assessment respond differently to treatment with the antimuscarinic agent tolterodine (extended release formulation, ER).
Adult subjects with urinary frequency (average >or=8 voids/24 h) and urgency with or without urgency urinary incontinence (UUI) underwent urodynamic assessment and were stratified according to whether they had DO (positive urodynamics) or not (negative urodynamics). Subjects in each urodynamic stratum were randomized to receive tolterodine-ER (4 mg once daily) or placebo for 12 weeks. Diary cards were completed for 7 days before each study visit (at baseline, week 4, and week 12). The volume per void was recorded for 3 of the 7 days.
The difference between the positive and negative urodynamic groups in mean change in volume voided between baseline and 12 weeks was 5.38 mL (95% CI, -93 mL to +15.71 mL). This difference is within the pre-stipulated range defined for equivalence (+/-20 mL, P = 0.31). There was also no significant difference in the change from baseline to 12 weeks between the urodynamics groups in mean number of voids per day or UUI episodes. However, there was significant improvement in the treatment group compared with the placebo group, in the number of voids per 24 h (P = 0.003) and in the mean change in volume voided (P = 0.03), from baseline to 12 weeks, but not in UUI episodes (P = 0.35).
Urodynamics status could not predict treatment outcomes between patients treated with tolterodine-ER or placebo. The results add support to evidence suggesting that urodynamic assessment is not a prerequisite for the treatment of overactive bladder (OAB). Therefore, we recommend that anticholinergic treatment may be initiated to patients with OAB symptoms without the need for urodynamics studies.",0
33472813,"To investigate the efficacy and safety of antidepressants for back and osteoarthritis pain compared with placebo.
Systematic review and meta-analysis.
Medline, Embase, Cochrane Central Register of Controlled Trials, CINAHL, International Pharmaceutical Abstracts, ClinicalTrials.gov, and the World Health Organization International Clinical Trials Registry Platform from inception to 15 November and updated on 12 May 2020.
Randomised controlled trials comparing the efficacy or safety, or both of any antidepressant drug with placebo (active or inert) in participants with low back or neck pain, sci","Antidepressants for low back pain, neck pain, and osteoarthritis pain compared with placebo: efficacy and safety outcomes.",31138224,Efficacy and safety of duloxetine versus placebo in adolescents with juvenile fibromyalgia: results from a randomized controlled trial.,"Currently, there are no medications approved for the treatment of juvenile fibromyalgia (JFM). We evaluated the safety and efficacy of duloxetine 30/60 mg once daily (QD) versus placebo in adolescents with JFM.
In this Phase 3b, multisite (US, Argentina, Puerto Rico, and India) trial, patients aged 13-17 years with JFM and a score of ≥4 on the Brief Pain Inventory-Modified Short Form: Adolescent Version (BPI) 24-h average pain severity score were randomized to duloxetine or placebo for the 13-week double-blind period. The starting duloxetine dose was 30 mg, with a target dose of 60 mg QD, as tolerated. The primary endpoint was the mean change in 24-h average pain severity of the Brief Pain Inventory (BPI) from baseline to Week 13, analyzed using mixed-model repeated measures (MMRM) technique. Secondary measures were BPI severity and interference scores; treatment response (≥30%, ≥50% reductions on BPI average pain severity); Pediatric Pain Questionnaire; Clinical Global Impression of Severity: Overall and Mental Illness scales; Functional Disability Inventory: child and parent versions; Children's Depression Inventory; Multidimensional Anxiety Scale for Children; and safety and tolerability. Continuous secondary efficacy measures were analyzed using analysis of covariance or MMRM, and categorical data using Cochran-Mantel-Haenszel test and Fisher's exact test, where appropriate.
A total of 184 patients with JFM received duloxetine (N = 91) or placebo (N = 93), of which 149 patients (81.0%) completed the 13-week double-blind treatment period. Baseline characteristics were comparable between groups; majority of the patients were Caucasian (77.17%) and females (75.0%), with a mean age of 15.53 years. For the primary measure, BPI average pain severity, the mean change was not statistically different between duloxetine and placebo (- 1.62 vs. -0.97, respectively; p = .052). For secondary efficacy outcomes, statistically significantly more duloxetine- versus placebo-treated patients had a treatment response (≥30% and ≥50% reductions on BPI average pain severity) and improvement of the general activity and relationships items on the BPI interference subscale. The percentage of patients reporting at least 1 treatment-emergent adverse event was higher in the duloxetine versus placebo groups (82.42% vs. 62.37%, respectively; p = .003). The overall safety profile of duloxetine in this study was similar to that reported previously in duloxetine pediatric trials of other indications.
The primary study outcome, mean change in 24-h BPI average pain severity rating from baseline to Week 13, did not significantly improve with duloxetine compared to placebo in patients with JFM. However, significantly more patients on duloxetine compared to placebo had a ≥30% and ≥50% reduction in pain severity. There were no new safety concerns related to duloxetine in the study population.
ClinicalTrials.gov Identifier: NCT01237587 . Registered 08 November, /2010.",0
24727842,"The functional and quality-of-life benefits of transcatheter aortic valve replacement (TAVR) have not been established.
To evaluate the changes in functional status and quality of life after TAVR.
MEDLINE, EMBASE, and the Cochrane Central Register of Controlled Trials from 1 January 2002 to 30 September 2013.
Studies of TAVR that reported the New York Heart Association (NYHA) class, Short Form-12/36 Health Survey physical and mental component summary (points), or other measures of functional status.
Two reviewers independently extracted the mean change (follow-up minus baseline) in primary outcomes. Because of substantial heterogeneity, data were not pooled; the range of mean change was summarized.",Transcatheter aortic valve replacement TAVR improves functional status and quality of life outcomes measured by NYHA class and SF-12/36 health survey.,21087745,Outcomes after transcatheter aortic valve implantation with both Edwards-SAPIEN and CoreValve devices in a single center: the Milan experience.,"Our aim was to assess clinical outcome after transcatheter aortic valve implantation (TAVI) performed with the 2 commercially available valves with 3 delivery approaches selected in a stepwise fashion.
Limited data exist on the results of a comprehensive TAVI program using different valves with transfemoral, transapical, and transaxillary approaches for treatment of severe aortic stenosis.
We report 30-day and 6-month outcomes of high-risk patients consecutively treated in a single center with either the Medtronic-CoreValve (MCV) (Medtronic, Minneapolis, Minnesota) or Edwards-SAPIEN valve (ESV) (Edwards Lifesciences, Irvine, California) delivered via the transfemoral or transaxillary approaches and ESV via the transapical approach.
A total of 137 patients underwent TAVI: 107 via transfemoral (46 MCV and 61 ESV), 15 via transaxillary (12 MCV and 3 ESV), and 15 via transapical approach. After the transfemoral approach, the procedural success rate was 93.5%, and major vascular complication rate was 20.6%. No intra-procedural deaths occurred. The procedural success rates of transapical and transaxillary approaches were 86.6% and 93.3%, respectively. The 30-day mortality rate was 0.9% in transfemoral group and 13.3% in transapical, and no deaths occurred after transaxillary access. Cumulative death rate at 6 months was 12.2% in transfemoral, 26.6% in transapical, and 18.2% in transaxillary groups. At multivariable analysis, logistic European System for Cardiac Operative Risk Evaluation, body surface area, and history of cerebrovascular disease were significantly associated with an increased risk of major adverse cardiac and cerebrovascular events.
Routine TAVI using both MCV and ESV with a selection of approaches is feasible and allows treatment of a wide range of patients with good overall procedural success rates and 30-day and 6-month outcomes.",0
24046285,"To evaluate whether smoking status is associated with the efficacy of antiplatelet treatment in the prevention of cardiovascular events.
Systematic review, meta-analysis, and indirect comparisons.
Medline (1966 to present) and Embase (1974 to present), with supplementary searches in databases of abstracts from major cardiology conferences, the Cumulative Index to Nursing and Allied Health (CINAHL) and the CAB Abstracts databases, and Google Scholar.
Randomized trials of clopidogrel, prasugrel, or ticagrelor that examined clinical outcomes among subgroups of smokers and nonsmokers.
Two authors ","Smoking status modifies antiplatelet drug efficacy (clopidogrel, prasugrel, ticagrelor) in preventing cardiovascular events; comparative outcomes in smokers versus nonsmokers.",17620671,Prolonged dual antiplatelet therapy after percutaneous coronary intervention reduces ischemic events without affecting the need for repeat revascularization: insights from the CREDO trial.,"Dual antiplatelet therapy reduces ischemic events after percutaneous coronary intervention (PCI) and in patients with acute coronary syndromes. The relationship between target vessel revascularization (TVR) and ischemic events in patients treated with aspirin and clopidogrel or aspirin alone from 1 month to 1 year after PCI has not been studied.
Patients enrolled in the CREDO trial were treated with aspirin and clopidogrel or aspirin and placebo for up to 1 year. We compared the rates of TVR and ischemic events (cardiac death, myocardial infarction or stroke) in the two groups, and modeled the effect of clopidogrel treatment on ischemic events after adjusting for relevant parameters. RESULTS One month after PCI, 1,955 patients have remained asymptomatic. By 1 year, ischemic events occurred in 5.3% of placebo- and 3.1% of clopidogrel-treated patients; p = 0.02. The rate of TVR was 11.9% and 12.2%, respectively; p = 0.82. Only 7 patients (clopidogrel: 3 and placebo: 4) experienced TVR within 7 days of an ischemic event. After adjustment, long-term dual antiplatelet therapy was associated with a 48% reduction in events; p = 0.01. Patients who experienced TVR had a significantly higher rate of ischemic events than those without TVR, regardless of treatment assignment: 12.3% vs. 3.1%, respectively; p < 0.001.
Thus, after successful PCI, prolonged dual antiplatelet therapy reduces ischemic events without affecting TVR. Overall, patients with TVR experienced an ischemic event much more often that was not related to the PCI vessel. This suggests that the benefit of antiplatelet therapy after coronary revascularization is indexed to the patient's underlying atherothrombotic process, rather than the artery that underwent intervention.",0
25006006,"To assess the association between leucocyte telomere length and risk of cardiovascular disease.
Systematic review and meta-analysis.
Studies published up to March 2014 identified through searches of Medline, Web of Science, and Embase.
Prospective and retrospective studies that reported on associations between leucocyte telomere length and coronary heart disease (defined as non-fatal myocardial infarction, coronary heart disease death, or coronary revascularisation) or cerebrovascular disease (defined as non-fatal stroke or death from cerebrovascular disease) and were broadly representative of",Leucocyte telomere length as a biomarker for cardiovascular disease risk including coronary heart disease and cerebrovascular disease outcomes.,16537718,Telomere length in the colon declines with age: a relation to colorectal cancer?,"Telomeres shorten with age, which may be linked to genomic instability and an increased risk of cancer. To explore this association, we analyzed telomere length in normal colorectal tissue of individuals at different ages using quantitative-fluorescence in situ hybridization (Q-FISH) and quantitative-PCR (Q-PCR). Using Q-FISH, we also examined the histologically normal epithelium adjacent to, or distant from, colon adenomas and cancers, in addition to the neoplasms. Q-FISH and Q-PCR showed that telomere length was inversely associated with age until approximately ages 60 to 70; surprisingly, beyond this age, telomere length was positively associated with age. This association was found exclusively in epithelial, and not in stromal, cells. Peripheral blood lymphocytes showed an inverse association between telomere length and age, but without any apparent increase in telomere length in the oldest individuals. Telomere length in larger adenoma lesions (>2 cm) was significantly shorter than in normal adjacent (P = 0.004) or normal distant (P = 0.05) tissue from the same individuals. However, telomere length in histologically normal epithelium adjacent to cancers or in adenomas <2 cm was not statistically different from that of the normal distant mucosa or from normal controls, evidence that a telomere-shortening field effect was not present. We suggest that the positive association between telomere length and age in the oldest patients is a consequence of selective survival of elderly patients with long colonocyte telomeres.",0
31585960,"To map and assess prognostic models for outcome prediction in patients with chronic obstructive pulmonary disease (COPD).
Systematic review.
PubMed until November 2018 and hand searched references from eligible articles.
Studies developing, validating, or updating a prediction model in COPD patients and focusing on any potential clinical outcome.
The systematic search yielded 228 eligible articles, describing the development of 408 prognostic models, the external validation of 38 models, and the validation of 20 prognostic models derived for diseases other than COPD. The 408 prognostic models were developed in three clinical settings: outpatients (n=239; 59%), patients admitted to hospital (n=155; 38%), and patients attending the emergency department (n=14; 3%).","Prognostic prediction models for clinical outcome assessment in chronic obstructive pulmonary disease patients across outpatient, hospital, and emergency department settings.",17167121,"N-terminal pro-brain natriuretic peptide: an independent risk predictor of cardiovascular congestion, mortality, and adverse cardiovascular outcomes in chronic peritoneal dialysis patients.","This study was performed to determine whether the N-terminal pro-brain natriuretic peptide (NT-pro-BNP) is a useful biomarker in predicting cardiovascular congestion, mortality, and cardiovascular death and event in chronic peritoneal dialysis (PD) patients. A prospective cohort study was conducted in 230 chronic PD patients in a dialysis unit of a university teaching hospital. Serum NT-pro-BNP was measured at baseline together with echocardiography and dialysis indices. Each patient was followed for 3 yr from the day of enrollment or until death. Time to develop first episode of cardiovascular congestion and other cardiovascular event and time to mortality and cardiovascular death were studied in relation to NT-pro-BNP. NT-pro-BNP showed the strongest correlation with residual GFR, followed by left ventricular ejection fraction and left ventricular mass index. In the univariate Cox regression model, NT-pro-BNP was a significant predictor of cardiovascular congestion, mortality, and cardiovascular death and event. In the fully adjusted multivariable Cox regression analysis that included residual GFR, left ventricular ejection fraction, and left ventricular mass index, the hazard ratios for cardiovascular congestion, mortality, composite end point of mortality and cardiovascular congestion, and cardiovascular death and event for patients of the fourth quartile were 4.25 (95% confidence interval [CI] 1.56 to 11.62; P = 0.005), 4.97 (95% CI 1.35 to 18.28; P = 0.016), 5.03 (95% CI 2.07 to 12.26; P < 0.001), 7.50 (95% CI 1.36 to 41.39; P = 0.021), and 9.10 (95% CI 2.46 to 33.67; P = 0.001), respectively, compared with the first quartile. These data showed that NT-pro-BNP is an important risk predictor of cardiovascular congestion, mortality, and adverse cardiovascular outcomes in chronic PD patients and adds important prognostic information beyond that contributed by left ventricular hypertrophy, systolic dysfunction, and other conventional risk factors.",0
26420598,"To determine whether increasing calcium intake from dietary sources affects bone mineral density (BMD) and, if so, whether the effects are similar to those of calcium supplements.
Random effects meta-analysis of randomised controlled trials.
Ovid Medline, Embase, Pubmed, and references from relevant systematic reviews. Initial searches were undertaken in July 2013 and updated in September 2014.
Randomised controlled trials of dietary sources of calcium or calcium supplements (with or without vitamin D) in participants aged over 50 with BMD at the lumbar spine, total hip, femoral neck, total body, or forearm as an outcome.",Dietary calcium intake and calcium supplementation effects on bone mineral density in adults over 50 years old.,24001743,Traditional and novel bone remodeling markers in premenopausal and postmenopausal women.,"Bone turnover markers (BTMs) may identify changes in bone remodeling within a relatively short time interval before changes in bone mineral density can be detected. New markers such as osteoprotegerin, receptor activator of nuclear factor-κB ligand, and sclerostin have emerged, but there is little information about their potential use in clinical practice.
The aim of this study was to analyze the ability of several BTMs to predict bone loss in pre- and postmenopausal women and to monitor the efficacy of treatment in osteoporotic women.
We performed an observational prospective study in pre- and postmenopausal ambulatory women (n = 72 and n = 152, respectively).
Postmenopausal women with osteoporosis (n = 18) were treated with risedronate and calcium. Women filled out a questionnaire and underwent bone mineral density measurement using dual-energy x-ray absorptiometry at the time of enrollment and after 1 year of follow-up. BTMs were measured at baseline, at 6 months, and after 1 year.
Increased levels of N-terminal propeptide of type 1 procollagen (P1NP) and β-type I collagen telopeptides (CTXs) were associated with low bone mineral density in the premenopausal (P = .02 and P = .04, respectively) and postmenopausal (P = .03 and P = .02) groups. The best analytical performance to diagnose osteoporosis was for β-CTX, osteocalcin, and P1NP, with areas under the curve of 0.70 (P = .005), 0.64 (P = .048), and 0.71 (P = .003). A significant decrease was found in P1NP, osteocalcin, tartrate-resistant acid phosphatase-5b, β-CTX, and bone alkaline phosphatase after 1 year of treatment (all P < .05).
Our data suggest that measurement of β-CTX and P1NP shows adequate analytical performance and could potentially be included in algorithms for the screening of osteoporosis. Furthermore, these two markers, along with osteocalcin and tartrate-resistant acid phosphatase-5b, are useful to monitor the response to risedronate.",0
27893131,"The use of palliative care programs and the number of trials assessing their effectiveness have increased.
To determine the association of palliative care with quality of life (QOL), symptom burden, survival, and other outcomes for people with life-limiting illness and for their caregivers.
MEDLINE, EMBASE, CINAHL, and Cochrane CENTRAL to July 2016.
Randomized clinical trials of palliative care interventions in adults with life-limiting illness.
Two reviewers independently extracted data. Narrative synthesis was conducted for all trials. Quality of life, symptom burden, and survival were analy","Palliative care interventions improve quality of life, reduce symptom burden, and affect survival outcomes in adults with life-limiting illness and their caregivers.",27911489,Palliative care interventions in advanced dementia.,"Dementia is a chronic, progressive and ultimately fatal neurodegenerative disease. Advanced dementia is characterised by profound cognitive impairment, inability to communicate verbally and complete functional dependence. Usual care of people with advanced dementia is not underpinned universally by a palliative approach. Palliative care has focused traditionally on care of people with cancer but for more than a decade, there have been increased calls worldwide to extend palliative care services to include all people with life-limiting illnesses in need of specialist care, including people with dementia.
To assess the effect of palliative care interventions in advanced dementia and to report on the range of outcome measures used.
We searched ALOIS, the Cochrane Dementia and Cognitive Improvement Group's Specialized Register on 4 February 2016. ALOIS contains records of clinical trials identified from monthly searches of several major healthcare databases, trial registries and grey literature sources. We ran additional searches across MEDLINE (OvidSP), Embase (OvidSP), PsycINFO (OvidSP), CINAHL (EBSCOhost), LILACS (BIREME), Web of Science Core Collection (ISI Web of Science), ClinicalTrials.gov and the World Health Organization ICTRP trial portal to ensure that the searches were as comprehensive and as up-to-date as possible.
We searched for randomised (RCT) and non-randomised controlled trials (nRCT), controlled before-and-after studies (CBA) and interrupted time series studies evaluating the impact of palliative care interventions for adults with dementia of any type, staged as advanced dementia by a recognised and validated tool. Participants could be people with advanced dementia, their family members, clinicians or paid care staff. We included clinical interventions and non-clinical interventions. Comparators were usual care or another palliative care intervention. We did not exclude studies on the basis of outcomes measured and recorded all outcomes measured in included studies.
Two review authors independently assessed for inclusion all the potential studies we identified as a result of the search strategy. We resolved any disagreement through discussion or, when required, consulted with the rest of the review team. We independently extracted data and conducted assessment of methodological quality, using standard Cochrane methods.
We identified two studies of palliative care interventions for people with advanced dementia. We did not pool data due to the heterogeneity between the two trials in terms of the interventions and the settings. The two studies measured 31 different outcomes, yet they did not measure the same outcome. There are six ongoing studies that we expect to include in future versions of this review.Both studies were at high risk of bias, in part because blinding was not possible. This and small sample sizes meant that the overall certainty of all the evidence was very low.One individually randomised RCT (99 participants) evaluated the effect of a palliative care team for people with advanced dementia hospitalised for an acute illness. While this trial reported that a palliative care plan was more likely to be developed for participants in the intervention group (risk ratio (RR) 5.84, 95% confidence interval (CI) 1.37 to 25.02), the plan was only adopted for two participants, both in the intervention group, while in hospital. The palliative care plan was more likely to be available on discharge in the intervention group (RR 4.50, 95% CI 1.03 to 19.75). We found no evidence that the intervention affected mortality in hospital (RR 1.06, 95% CI 0.53 to 2.13), decisions to forgo cardiopulmonary resuscitation in hospital or the clinical care provided during hospital admission, but for the latter, event rates were low and the results were associated with a lot of uncertainty.One cluster RCT (256 participants, each enrolled with a family carer) evaluated the effect of a decision aid on end-of-life feeding options on surrogate decision-makers of nursing home residents with advanced dementia. Data for 90 participants (35% of the original study) met the definition of advanced dementia for this review and were re-analysed for the purposes of the review. In this subset, intervention surrogates had lower scores for decisional conflict measured on the Decisional Conflict Scale (mean difference -0.30, 95% CI -0.61 to 0.01, reduction of 0.3 to 0.4 units considered meaningful) and were more likely than participants in the control group to discuss feeding options with a clinician (RR 1.57, 95% CI 0.93 to 2.64), but imprecision meant that there was significant uncertainty about both results.
Very little high quality work has been completed exploring palliative care interventions in advanced dementia. There were only two included studies in this review, with variation in the interventions and in the settings that made it impossible to conduct a meta-analysis of data for any outcome. Thus, we conclude that there is insufficient evidence to assess the effect of palliative care interventions in advanced dementia. The fact that there are six ongoing studies at the time of this review indicates an increased interest in this area by researchers, which is welcome and needed.",0
25006006,"To assess the association between leucocyte telomere length and risk of cardiovascular disease.
Systematic review and meta-analysis.
Studies published up to March 2014 identified through searches of Medline, Web of Science, and Embase.
Prospective and retrospective studies that reported on associations between leucocyte telomere length and coronary heart disease (defined as non-fatal myocardial infarction, coronary heart disease death, or coronary revascularisation) or cerebrovascular disease (defined as non-fatal stroke or death from cerebrovascular disease) and were broadly representative of",Leucocyte telomere length as a biomarker for cardiovascular disease risk including coronary heart disease and cerebrovascular disease outcomes.,12649083,White cell telomere length and risk of premature myocardial infarction.,"Biological age may be distinct from chronological age and contribute to the pathogenesis of age-related diseases. Mean telomeres lengths provide an assessment of biological age with shorter telomeres, indicating increased biological age. We investigated whether subjects with premature myocardial infarction (MI) had shorter leukocyte telomeres.
Mean terminal restriction fragment (TRF) length, a measure of average telomere size, was compared in leukocyte DNA of 203 cases with a premature MI (<50 years) and 180 controls. Age- and sex-adjusted mean TRF length of cases was significantly shorter than that of controls (difference 299.7+/-69.3 base pairs, P<0.0001) and on average equivalent to controls 11.3 years older. The difference in mean TRF length between cases and controls was not accounted for by other coronary risk factors. Compared with subjects in the highest quartile for telomere length, the risk of myocardial infarction was increased between 2.8- and 3.2-fold (P<0.0001) in subjects with shorter than average telomeres.
The findings support the concept that biological age may play a role in the etiology of coronary heart disease and have potentially important implications for our understanding of its genetic etiology, pathogenesis, and variable age of onset.",1
23814120,"To investigate the association between intake of fish and n-3 polyunsaturated fatty acids (n-3 PUFA) and the risk of breast cancer and to evaluate the potential dose-response relation.
Meta-analysis and systematic review of prospective cohort studies.
PubMed and Embase up to December 2012 and references of retrieved relevant articles.
Prospective cohort studies with relative risk and 95% confidence intervals for breast cancer according to fish intake, n-3 PUFA intake, or tissue biomarkers.
Twenty six publications, including 20,905 cases of breast cancer and 883,585 participants from 21 indepen",Fish and n-3 polyunsaturated fatty acid intake association with breast cancer risk and dose-response relationship in prospective cohort studies.,7918807,"Consumption of meat, animal products, protein, and fat and risk of breast cancer: a prospective cohort study in New York.","Epidemiologic studies have focused on the association between diet and breast cancer with conflicting results. Whereas a majority of case-control studies indicate a role for the intake of total fat and saturated fat, most prospective cohort studies either are negative or indicate very modest associations. Only a few authors have examined the role of meat intake in relation to breast cancer risk. The aim of this study was to examine the relation between risk of breast cancer and dietary intake of meat, animal products, fat, and protein. Between 1985 and 1991, we recruited 14,291 New York City women in a prospective cohort study of endogenous hormones, diet, and cancer in which they reported on their recent diet using a food frequency questionnaire self-administered at enrollment. From the cohort, 180 invasive breast cancer cases diagnosed before December 1990 and five times as many controls, individually matched by age, calendar time at enrollment, menopausal status, and, if premenopausal, phase of menstrual cycle, were included in a nested case-control study. There was an evident increase in the relative risk (RR) of breast cancer for increasing consumption of meat. Women in the upper quintile of meat consumption, as compared with the lowest quintile, had an energy-adjusted RR of 1.87 (95% confidence interval = 1.09-3.21). There was a modest RR increase in the upper quintile of total and saturated fat and no apparent association for other types of fat, protein, dairy products, poultry, or fish.(ABSTRACT TRUNCATED AT 250 WORDS)",1
26903336,"Septic shock currently refers to a state of acute circulatory failure associated with infection. Emerging biological insights and reported variation in epidemiology challenge the validity of this definition.
To develop a new definition and clinical criteria for identifying septic shock in adults.
The Society of Critical Care Medicine and the European Society of Intensive Care Medicine convened a task force (19 participants) to revise current sepsis/septic shock definitions. Three sets of studies were conducted: (1) a systematic review and meta-analysis of observational studies in adults publis",Development and validation of revised clinical criteria and definition for septic shock in adults with acute circulatory failure and infection.,17378934,The influence of volume and intensive care unit organization on hospital mortality in patients admitted with severe sepsis: a retrospective multicentre cohort study.,"The aim of the study was to assess the influence of annual volume and factors related to intensive care unit (ICU) organization on in-hospital mortality among patients admitted to the ICU with severe sepsis.
A retrospective cohort study was conducted using the database of the Dutch National Intensive Care Evaluation (NICE) registry. Analyses were based on consecutive patients admitted between 1 January 2003 and 30 June 2005 who fulfilled criteria for severe sepsis within the first 24 hours of admission. A 13-item questionnaire was sent to all 32 ICUs across The Netherlands that participated in the NICE registry within this period in order to obtain information on ICU organization and staffing. The association between in-hospital mortality and factors related to ICU organization was investigated using logistic regression analysis, combined with generalized estimation equations to account for potential correlations of outcomes within ICUs. Correction for patient-related factors took place by including Simplified Acute Physiology Score II, age, sex and number of dysfunctioning organ systems in the analyses.
Analyses based on 4,605 patients from 28 ICUs (questionnaire response rate 90.6%) revealed that a higher annual volume of severe sepsis patients is associated with a lower in-hospital mortality (P = 0.029). The presence of a medium care unit (MCU) as a step-down facility with intermediate care is associated with a higher in-hospital mortality (P = 0.013). For other items regarding ICU organization, no independent significant relationships with in-hospital mortality were found.
A larger annual volume of patients with severe sepsis admitted to Dutch ICUs is associated with lower in-hospital mortality in this patient group. The presence of a MCU as a step-down facility is associated with greater in-hospital mortality. No other significant associations between in-hospital mortality and factors related to ICU organization were found.",0
32496521,"Treatment with noninvasive oxygenation strategies such as noninvasive ventilation and high-flow nasal oxygen may be more effective than standard oxygen therapy alone in patients with acute hypoxemic respiratory failure.
To compare the association of noninvasive oxygenation strategies with mortality and endotracheal intubation in adults with acute hypoxemic respiratory failure.
The following bibliographic databases were searched from inception until April 2020: MEDLINE, Embase, PubMed, Cochrane Central Register of Controlled Trials, CINAHL, Web of Science, and LILACS. No limits were applied to ",Noninvasive ventilation and high-flow nasal oxygen compared to standard oxygen therapy for mortality and intubation outcomes in acute hypoxemic respiratory failure.,27771274,Continuous Positive Airway Pressure Versus Oxygen Therapy in the Cardiac Surgical Ward: A Randomized Trial.,"Noninvasive ventilation (NIV) is a common technique to manage patients with acute respiratory failure in the intensive care unit. However, use of NIV in general wards is less well described. The authors' aim was to demonstrate efficacy of NIV, applied in a cardiac surgery ward, in improving oxygenation in patients who developed hypoxemic acute respiratory failure after being discharged from the intensive care unit.
Randomized, open-label trial.
University hospital.
Sixty-four patients with hypoxemia (PaO
Patients were randomized to receive standard treatment (oxygen, early mobilization, a program of breathing exercises and diuretics) or continuous positive airway pressure in addition to standard treatment. Continuous positive airway pressure was administered 3 times a day for 2 consecutive days. Every cycle lasted 1 to 3 hours. All patients completed their 1-year follow-up. Data were analyzed according to the intention-to-treat principle.
The primary endpoint was the number of patients with PaO
Among patients with acute respiratory failure following cardiac surgery, administration of continuous positive airway pressure in the main ward was associated with improved respiratory outcome. This was the first study that was performed in the main ward of post-surgical patients with acute respiratory failure.",0
31255301,"More than 10 years have elapsed since human papillomavirus (HPV) vaccination was implemented. We did a systematic review and meta-analysis of the population-level impact of vaccinating girls and women against human papillomavirus on HPV infections, anogenital wart diagnoses, and cervical intraepithelial neoplasia grade 2+ (CIN2+) to summarise the most recent evidence about the effectiveness of HPV vaccines in real-world settings and to quantify the impact of multiple age-cohort vaccination.
In this updated systematic review and meta-analysis, we used the same search strategy as in our previous paper. We searched MEDLINE and Embase for studies published between Feb 1, 2014, and Oct 11, 2018. Studies were eligible if they compared the frequency (prevalence or incidence) of at least one HPV-related endpoint (genital HPV infections, anogenital wart diagnoses, or histologically confirmed CIN2+) between pre-vaccination and post-vaccination periods among the general population and if they used the same population sources and recruitment methods before and after vaccination. Our primary assessment was the relative risk (RR) comparing the frequency (prevalence or incidence) of HPV-related endpoints between the pre-vaccination and post-vaccination periods. We stratified all analyses by sex, age, and years since introduction of HPV vaccination. We used random-effects models to estimate pooled relative risks.","Population-level effectiveness of HPV vaccination in girls and women on HPV infections, anogenital warts, and cervical intraepithelial neoplasia grade 2+ in real-world settings.",31390155,"Cervical high-risk human papillomavirus infection among women residing in the Gulf Cooperation Council countries: Prevalence, type-specific distribution, and correlation with cervical cytology.","The scarcity of updated data on the prevalence of cervical human papillomavirus (HPV) infection in the Gulf Cooperation Council (GCC) countries hampers the establishment of cervical cancer screening and HPV vaccination programs. The current study estimated the prevalence of cervical high-risk (HR) HPV infection among women residing in some countries of the GCC and analyzed the correlation between HR-HPV infection types and cytology results.
In total, 2478 women residing in the Kingdom of Saudi Arabia, Qatar, the United Arab Emirates, and Bahrain were enrolled in this study. Cervical specimens were subjected to simultaneous liquid-based cytology and HR-HPV DNA analysis.
Of 2478 women, 520 (21%) tested positive for HR-HPV. Other non-HPV genotype 16 (HPV16)/HPV18 HR-HPV was the most frequently detected infection type, accounting for 63.7%. Non-Arab women had a significantly higher HR-HPV positivity rate compared with Arab women (31.6% vs 16.4%; P < .001). The HR-HPV positivity rate was highest among women residing in Qatar (31.3%), followed by women living in Bahrain (20%), the Kingdom of Saudi Arabia (17.2%), and the United Arab Emirates (14.7%). The overall prevalence of HR-HPV infections declined significantly with advancing age (P < .001). Women with abnormal cytology had a significantly higher HR-HPV positivity rate than those with normal cytology (50.6% vs 14.7%; P < .001). The HR-HPV positivity rate increased as the severity of the cytological lesion increased.
The current study provides updated data on HR-HPV prevalence in the GCC countries and delivers an evidence base for supporting the introduction of regional/national vaccination and screening programs in these countries.",0
22226047,"Despite widespread use of intrapartum antibiotic prophylaxis, group B streptococcus remains a leading cause of morbidity and mortality in infants in Europe, the Americas, and Australia. However, estimates of disease burden in many countries outside of these regions is not available. We aimed to examine the current global burden of invasive disease and the serotype distribution of group B streptococcus isolates.
We searched Medline, Embase, and Wholis databases for studies on invasive early-onset (day 0-6) and late-onset (day 7-89) group B streptococcal disease. Eligible studies were those that described incidence, deaths, or serotypes. We also reviewed reference lists and contacted experts to seek unpublished data and data missed by our search. Random effects meta-analysis was used to pool data.",Global burden and serotype distribution of invasive group B streptococcal disease in neonates with early-onset and late-onset infection across different geographic regions.,8184297,[Effect of conjugated PRP vaccines on the incidence of invasive diseases caused by Haemophilus influenzae Type B in childhood].,"Prior to the introduction of conjugate vaccines, Haemophilus influenzae type b (Hib) was the leading cause of severe invasive infections in young children, in Switzerland as in other countries. From 1976 to 1990, 150 children were treated for Hib meningitis at the Children's Hospital of Lucerne, corresponding to an annual incidence of 9.2 cases per 100,000 children aged under 15 years. In the same time period, the case fatality rate for meningitis was 4%. 87.3% of the meningitis cases occurred among children aged under 5 years. For this age group an annual incidence of 26.4 cases per 100,000 children was calculated. From 1979 to 1990, 141 children were hospitalized for epiglottitis, corresponding to an annual incidence of 10.9 cases per 100,000 children aged under 15. The introduction of conjugated vaccines resulted in a significant reduction in the frequency of invasive Hib disease. From 1991 to 1992, 9 cases each of meningitis and epiglottitis were observed. In 1993, only one case of meningitis and 2 cases of epiglottitis were seen. For children under 15 years these 21 cases represent annual incidences of 3.2 cases of meningitis and 3.6 cases of epiglottitis per 100,000 children. 2 of 10 meningitis cases occurred in twice vaccinated children under 2 years of age with no signs of immunodeficiency, and another case was seen in a 5-month-old infant vaccinated with only one dose. Assuming a vaccination coverage of 70% among children under 5 during the years 1991 and 1992, the calculated efficacy is 80 to 85% for the vaccine PRP-D in this predominantly affected age group during the period when only this vaccine was available.(ABSTRACT TRUNCATED AT 250 WORDS)",0
22777524,"Patients with diabetes mellitus need information about the effectiveness of innovations in insulin delivery and glucose monitoring.
To review how intensive insulin therapy (multiple daily injections [MDI] vs. rapid-acting analogue-based continuous subcutaneous insulin infusion [CSII]) or method of monitoring (self-monitoring of blood glucose [SMBG] vs. real-time continuous glucose monitoring [rt-CGM]) affects outcomes in types 1 and 2 diabetes mellitus.
MEDLINE, EMBASE, and the Cochrane Central Register of Controlled Trials through February 2012 without language restrictions.
33 randomized, co",Intensive insulin therapy with multiple daily injections versus continuous subcutaneous insulin infusion and self-monitoring of blood glucose versus real-time continuous glucose monitoring in type 1 and type 2 diabetes mellitus.,27084290,Safety and efficacy of the predictive low glucose management system in the prevention of hypoglycaemia: protocol for randomised controlled home trial to evaluate the Suspend before low function.,"Innovations with sensor-augmented pump therapy (SAPT) to reduce hypoglycaemia in patients with type 1 diabetes are an ongoing area of research. The predictive low glucose management (PLGM) system incorporates continuous glucose sensor data into an algorithm and suspends basal insulin before the occurrence of hypoglycaemia. The system was evaluated in in-clinic studies, and has informed the parameters of a larger home trial to study its efficacy and safety in real life.
The aim of this report is to describe the study design and outcome measures for the trial. This is a 6-month, multicentre, randomised controlled home trial to test the PLGM system in children and adolescents with type 1 diabetes. The system is available in the Medtronic MiniMed 640G pump as the 'Suspend before low' feature. Following a run-in period, participants are randomised to either the control arm with SAPT alone or the intervention arm with SAPT and Suspend before low. The primary aim of this study is to evaluate the time spent hypoglycaemic (sensor glucose <3.5 mmol/L) with and without the system. The secondary aims are to determine the number of hypoglycaemic events, the time spent hyperglycaemic, and to evaluate safety with ketosis and changes in glycated haemoglobin. The study also aims to assess the changes in counter-regulatory hormone responses to hypoglycaemia evaluated by a hyperinsulinaemic hypoglycaemic clamp in a subgroup of patients with impaired awareness. Validated questionnaires are used to measure the fear of hypoglycaemia and the impact on the quality of life to assess burden of the disease.
Ethics committee permissions were gained from respective Institutional Review boards. The findings of the study will provide high quality evidence of the ability of the system in the prevention of hypoglycaemia in real life.
ACTRN12614000510640, Pre-results.",0
27802478,"Gout is a common type of inflammatory arthritis in patients seen by primary care physicians.
To review evidence about treatment of acute gout attacks, management of hyperuricemia to prevent attacks, and discontinuation of medications for chronic gout in adults.
Multiple electronic databases from January 2010 to March 2016, reference mining, and pharmaceutical manufacturers.
Studies of drugs approved by the U.S. Food and Drug Administration and commonly prescribed by primary care physicians, randomized trials for effectiveness, and trials and observational studies for adverse events.
Data extra","Pharmacological treatment of acute gout attacks and management of hyperuricemia to prevent recurrent attacks in adults, including efficacy, adverse events, and medication discontinuation strategies.",10192993,[Fatal liver necrosis due to allopurinol].,"Allopurinol hypersensitivity syndrome (AHS) is a severe reaction which is potentially lethal. Exanthematous rash, fever, eosinophilia, and other severe reactions such as toxic epidermal necrolysis, acute vasculitis, and severe hepatic and renal dysfunctions are manifestations of this syndrome. The authors report a case of lethal massive hepatic necrosis due to allopurinol in a patient with the asymptomatic hyperuricemia. They also describe the risk factors most frequently associated with the development of AHS and the strategy for its prevention and consequent reduction of the mortality associated with this syndrome.",0
25006006,"To assess the association between leucocyte telomere length and risk of cardiovascular disease.
Systematic review and meta-analysis.
Studies published up to March 2014 identified through searches of Medline, Web of Science, and Embase.
Prospective and retrospective studies that reported on associations between leucocyte telomere length and coronary heart disease (defined as non-fatal myocardial infarction, coronary heart disease death, or coronary revascularisation) or cerebrovascular disease (defined as non-fatal stroke or death from cerebrovascular disease) and were broadly representative of",Leucocyte telomere length as a biomarker for cardiovascular disease risk including coronary heart disease and cerebrovascular disease outcomes.,21067315,Association of shorter mean telomere length with large artery stiffness in patients with coronary heart disease.,"Accumulating evidence implicates leukocyte telomere length (LTL) shortening as a potential risk predictor for cardiovascular disease. Arterial stiffness chronicles the cumulative burden of cardiovascular disease risk factors. Therefore, the capacity of LTL to predict arterial stiffness was examined.
A total of 275 unrelated Chinese males: 163 patients with coronary artery disease (CAD) and 112 healthy controls, 40-73 years of age were included in this study. The relative telomere length of leukocytes was determined by a real-time fluorescence quantitative polymerase chain reaction (PCR). Large artery stiffness was measured with carotid-femoral pulse wave velocity (PWV).
The relative telomere length (T/S) ratio was significantly shorter in patients with CAD (0.79 +/- 0.26) than in control subjects (1.08 +/- 0.22) (p<0.001). The correlation between LTL and PWV in patients with CAD was stronger than that in the controls (r= -0.467, r(2)=0.227, p<0.001 for patients with CAD versus r= -0.223; r(2)=0.050; p=0.018 for controls). The log(e)-transformed T/S ratio was inversely correlated with age (r= -0.345; p<0.001), PWV (r= -0.326; p<0.001) and C-reactive protein ( r= -0.133; p=0.027).
The data show an association of leukocyte telomere length shortening with increased arterial stiffness and cardiovascular burden, suggesting that telomere length is a biomarker of large artery elasticity and CAD. Further studies are warranted to study the role of LTL dynamics in the pathogenesis of atherosclerosis.",0
33176180,"Patients who have had a stroke with unknown time of onset have been previously excluded from thrombolysis. We aimed to establish whether intravenous alteplase is safe and effective in such patients when salvageable tissue has been identified with imaging biomarkers.
We did a systematic review and meta-analysis of individual patient data for trials published before Sept 21, 2020. Randomised trials of intravenous alteplase versus standard of care or placebo in adults with stroke with unknown time of onset with perfusion-diffusion MRI, perfusion CT, or MRI with diffusion weighted imaging-fluid at",Intravenous alteplase thrombolysis safety and efficacy in acute ischemic stroke with unknown time of onset when salvageable tissue is identified by advanced imaging biomarkers.,30907934,Functional Outcome of Intravenous Thrombolysis in Patients With Lacunar Infarcts in the WAKE-UP Trial.,"The rationale for intravenous thrombolysis in patients with lacunar infarcts is debated, since it is hypothesized that the microvascular occlusion underlying lacunar infarcts might not be susceptible to pharmacological reperfusion treatment.
To study the efficacy and safety of intravenous thrombolysis among patients with lacunar infarcts.
This exploratory secondary post hoc analysis of the WAKE-UP trial included patients who were screened and enrolled between September 2012 and June 2017 (with final follow-up in September 2017). The WAKE-UP trial was a multicenter, double-blind, placebo-controlled randomized clinical trial to study the efficacy and safety of intravenous thrombolysis with alteplase in patients with an acute stroke of unknown onset time, guided by magnetic resonance imaging. All 503 patients randomized in the WAKE-UP trial were reviewed for lacunar infarcts. Diagnosis of lacunar infarcts was based on magnetic resonance imaging and made by consensus of 2 independent investigators blinded to clinical information.
The primary efficacy variable was favorable outcome defined by a score of 0 to 1 on the modified Rankin Scale at 90 days after stroke, adjusted for age and severity of symptoms.
Of the 503 patients randomized in the WAKE-UP trial, 108 patients (including 74 men [68.5%]) had imaging-defined lacunar infarcts, whereas 395 patients (including 251 men [63.5%]) had nonlacunar infarcts. Patients with lacunar infarcts were younger than patients with nonlacunar infarcts (mean age [SD], 63 [12] years vs 66 [12] years; P = .003). Of patients with lacunar infarcts, 55 (50.9%) were assigned to treatment with alteplase and 53 (49.1%) to receive placebo. Treatment with alteplase was associated with higher odds of favorable outcome, with no heterogeneity of treatment outcome between lacunar and nonlacunar stroke subtypes. In patients with lacunar strokes, a favorable outcome was observed in 31 of 53 patients (59%) in the alteplase group compared with 24 of 52 patients (46%) in the placebo group (adjusted odds ratio [aOR], 1.67 [95% CI, 0.77-3.64]). There was 1 death and 1 symptomatic intracranial hemorrhage according to Safe Implementation of Thrombolysis in Stroke-Monitoring Study criteria in the alteplase group, while no death and no symptomatic intracranial hemorrhage occurred in the placebo group. The distribution of the modified Rankin Scale scores 90 days after stroke also showed a nonsignificant shift toward better outcomes in patients with lacunar infarcts treated with alteplase, with an adjusted common odds ratio of 1.94 (95% CI, 0.95-3.93).
While the WAKE-UP trial was not powered to demonstrate the efficacy of treatment in subgroups of patients, the results indicate that the association of intravenous alteplase with functional outcome does not differ in patients with imaging-defined lacunar infarcts compared with those experiencing other stroke subtypes.",0
28114600,"The benefits of pay-for-performance (P4P) programs are uncertain.
To update and expand a prior review examining the effects of P4P programs targeted at the physician, group, managerial, or institutional level on process-of-care and patient outcomes in ambulatory and inpatient settings.
PubMed from June 2007 to October 2016; MEDLINE, PsycINFO, CINAHL, Business Economics and Theory, Business Source Elite, Scopus, Faculty of 1000, and Gartner Research from June 2007 to February 2016.
Trials and observational studies in ambulatory and inpatient settings reporting process-of-care, health, or utiliz","Effects of pay-for-performance programs on physician and institutional performance, process-of-care quality, and patient outcomes in ambulatory and inpatient settings.",34605920,"Effect of Financial Incentives for Process, Outcomes, or Both on Cholesterol Level Change: A Randomized Clinical Trial.","Financial incentives may improve health behaviors. It is unknown whether incentives are more effective if they target a key process (eg, medication adherence), an outcome (eg, low-density lipoprotein cholesterol [LDL-C] levels), or both.
To determine whether financial incentives awarded daily for process (adherence to statins), awarded quarterly for outcomes (personalized LDL-C level targets), or awarded for process plus outcomes induce reductions in LDL-C levels compared with control.
A randomized clinical trial was conducted from February 12, 2015, to October 3, 2018; data analysis was performed from October 4, 2018, to May 27, 2021, at the University of Pennsylvania Health System, Philadelphia. Participants included 764 adults with an active statin prescription, elevated risk of atherosclerotic cardiovascular disease, suboptimal LDL-C level, and evidence of imperfect adherence to statin medication.
Interventions lasted 12 months. All participants received a smart pill bottle to measure adherence and underwent LDL-C measurement every 3 months. In the process group, daily financial incentives were awarded for statin adherence. In the outcomes group, participants received incentives for achieving or sustaining at least a quarterly 10-mg/dL LDL-C level reduction. The process plus outcomes group participants were eligible for incentives split between statin adherence and quarterly LDL-C level targets.
Change in LDL-C level from baseline to 12 months, determined using intention-to-treat analysis.
Of the 764 participants, 390 were women (51.2%); mean (SD) age was 62.4 (10.0) years, 310 (40.6%) had diabetes, 298 (39.0%) had hypertension, and mean (SD) baseline LDL-C level was 138.8 (37.6) mg/dL. Mean LDL-C level reductions from baseline to 12 months were -36.9 mg/dL (95% CI, -42.0 to -31.9 mg/dL) among control participants, -40.0 mg/dL (95% CI, -44.7 to -35.4 mg/dL) among process participants, -41.6 mg/dL (95% CI, -46.3 to -37.0 mg/dL) among outcomes participants, and -42.8 mg/dL (95% CI, -47.4 to -38.1 mg/dL) among process plus outcomes participants. In exploratory analysis among participants with diabetes and hypertension, no spillover effects of incentives were detected compared with the control group on hemoglobin A1c level and blood pressure over 12 months.
In this randomized clinical trial, process-, outcomes-, or process plus outcomes-based financial incentives did not improve LDL-C levels vs control.
ClinicalTrials.gov Identifier: NCT02246959.",0
31585960,"To map and assess prognostic models for outcome prediction in patients with chronic obstructive pulmonary disease (COPD).
Systematic review.
PubMed until November 2018 and hand searched references from eligible articles.
Studies developing, validating, or updating a prediction model in COPD patients and focusing on any potential clinical outcome.
The systematic search yielded 228 eligible articles, describing the development of 408 prognostic models, the external validation of 38 models, and the validation of 20 prognostic models derived for diseases other than COPD. The 408 prognostic models were developed in three clinical settings: outpatients (n=239; 59%), patients admitted to hospital (n=155; 38%), and patients attending the emergency department (n=14; 3%).","Prognostic prediction models for clinical outcome assessment in chronic obstructive pulmonary disease patients across outpatient, hospital, and emergency department settings.",22212006,"Using the Johns Hopkins' Aggregated Diagnosis Groups (ADGs) to predict 1-year mortality in population-based cohorts of patients with diabetes in Ontario, Canada.","There are limited validated methods to ascertain comorbidities for risk adjustment in ambulatory populations of patients with diabetes using administrative health-care databases. The objective was to examine the ability of the Johns Hopkins' Aggregated Diagnosis Groups to predict mortality in population-based ambulatory samples of both incident and prevalent subjects with diabetes.
Retrospective cohorts constructed using population-based administrative data. The incident cohort consisted of all 346,297 subjects diagnosed with diabetes between 1 April 2004 and 31 March 2008. The prevalent cohort consisted of all 879,849 subjects with pre-existing diabetes on 1 January, 2007. The outcome was death within 1 year of the subject's index date.
A logistic regression model consisting of age, sex and indicator variables for 22 of the 32 Johns Hopkins' Aggregated Diagnosis Group categories had excellent discrimination for predicting mortality in incident diabetes patients: the c-statistic was 0.87 in an independent validation sample. A similar model had excellent discrimination for predicting mortality in prevalent diabetes patients: the c-statistic was 0.84 in an independent validation sample. Both models demonstrated very good calibration, denoting good agreement between observed and predicted mortality across the range of predicted mortality in which the large majority of subjects lay. For comparative purposes, regression models incorporating the Charlson comorbidity index, age and sex, age and sex, and age alone had poorer discrimination than the model that incorporated the Johns Hopkins' Aggregated Diagnosis Groups.
Logistical regression models using age, sex and the John Hopkins' Aggregated Diagnosis Groups were able to accurately predict 1-year mortality in population-based samples of patients with diabetes.",0
28114600,"The benefits of pay-for-performance (P4P) programs are uncertain.
To update and expand a prior review examining the effects of P4P programs targeted at the physician, group, managerial, or institutional level on process-of-care and patient outcomes in ambulatory and inpatient settings.
PubMed from June 2007 to October 2016; MEDLINE, PsycINFO, CINAHL, Business Economics and Theory, Business Source Elite, Scopus, Faculty of 1000, and Gartner Research from June 2007 to February 2016.
Trials and observational studies in ambulatory and inpatient settings reporting process-of-care, health, or utiliz","Effects of pay-for-performance programs on physician and institutional performance, process-of-care quality, and patient outcomes in ambulatory and inpatient settings.",22997223,Assessment of a pay-for-performance program in primary care designed by target users.,"Evidence for pay-for-performance (P4P) has been searched for in the last decade as financial incentives increased to influence behaviour of health care professionals to improve quality of care. The effectiveness of P4P is inconclusive, though some reviews reported significant effects.
To assess changes in performance after introducing a participatory P4P program.
An observational study with a pre- and post-measurement. Setting and subjects. Sixty-five general practices in the south of the Netherlands. Intervention. A P4P program designed by target users containing indicators for chronic care, prevention, practice management and patient experience (general practitioner's [GP] functioning and organization of care). Quality indicators were calculated for each practice. A bonus with a maximum of 6890 Euros per 1000 patients was determined by comparing practice performance with a benchmark.
Quality indicators for clinical care (process and outcome) and patient experience.
We included 60 practices. After 1 year, significant improvement was shown for the process indicators for all chronic conditions ranging from +7.9% improvement for cardiovascular risk management to +11.5% for asthma. Five outcome indicators significantly improved as well as patients' experiences with GP's functioning and organization of care. No significant improvements were seen for influenza vaccination rate and the cervical cancer screening uptake. The clinical process and outcome indicators, as well as patient experience indicators were affected by baseline measures. Smaller practices showed more improvement.
A participatory P4P program might stimulate quality improvement in clinical care and improve patient experiences with GP's functioning and the organization of care.",1
28348110,[No Abstract],"Clinical study with unspecified population, interventions, and outcomes.",24898987,Trial to re-evaluate ultrasound in the treatment of tibial fractures (TRUST): a multicenter randomized pilot study.,"The role of low-intensity pulsed ultrasound (LIPUS) in the management of fractures remains controversial. The purpose of this study was to assess the feasibility of a definitive trial to determine the effect of LIPUS on functional and clinical outcomes in tibial fractures managed operatively.
We conducted a multicenter, concealed, blinded randomized trial of 51 skeletally mature adults with operatively managed tibial fractures who were treated with either LIPUS or a sham device. All participating centers were located in Canada and site investigators were orthopedic surgeons specializing in trauma surgery. The goals of our pilot study were to determine recruitment rates in individual centers, investigators' ability to adhere to study protocol and data collection procedures, our ability to achieve close to 100% follow-up rates, and the degree to which patients were compliant with treatment. Patients were followed for one year and a committee (blinded to allocation) adjudicated all outcomes. The committee adjudicators were experienced (10 or more years in practice) orthopedic surgeons with formal research training, specializing in trauma surgery.
Our overall rate of recruitment was approximately 0.8 patients per center per month and site investigators successfully adhered to the study protocol and procedures. Our rate of follow-up at one year was 84%. Patient compliance, measured by an internal timer in the study devices, revealed that 39 (76%) of the patients were fully compliant and 12 (24%) demonstrated a greater than 50% compliance. Based on patient feedback regarding excessive questionnaire burden, we conducted an analysis using data from another tibial fracture trial that revealed the Short Musculoskeletal Function Assessment (SMFA) dysfunction index offered no important advantages over the SF-36 Physical Component Summary (PCS) score. No device-related adverse events were reported.
Our pilot study identified key issues that might have rendered a definitive trial unfeasible. By modifying our protocol to address these challenges we have enhanced the feasibility of a definitive trial to explore the effect of LIPUS on tibial fracture healing.
The TRUST definitive trial was registered at ClinicalTrials.gov on 21 April 2008 (identifier: NCT00667849).",1
27737830," To identify and characterise non-specific immunological effects after routine childhood vaccines against BCG, measles, diphtheria, pertussis, and tetanus.
 Systematic review of randomised controlled trials, cohort studies, and case-control studies.
 Embase, PubMed, Cochrane library, and Trip searched between 1947 and January 2014. Publications submitted by a panel of experts in the specialty were also included.
 All human studies reporting non-specific immunological effects after vaccination with standard childhood immunisations. Studies using recombinant vaccines, no vaccine at all, or repor","Non-specific immunological effects and off-target immune responses following routine childhood vaccination with BCG, measles, diphtheria, pertussis, and tetanus vaccines.",14521754,"[Relationships between the diameters of Bacille Calmette-Guerin scars and asthma, atopy in urban and rural Beijing children].","To compare the diameters of Bacille Calmette-Guerin (BCG) scars between asthmatic (allergic) students and normal students, and to compare the diameters of BCG scars in children in rural Beijing area with those in urban Beijing area, and to compare the prevalence of asthmatic (allergic) symptoms and atopy between rural and urban Beijing students.
Sampled by cluster-random Method, 819 urban school children and 1 044 rural school children aged 13 - 14 years were recruited for the Beijing arm of the phase III international study of asthma and allergies in childhood. The children answered the core questionnaires, and underwent skin prick test for 13 allergens, and were checked for BCG scars on their arms.
(1) In both rural and urban Beijing students, the mean diameters of BCG scars in those with asthma (allergy) (asthma ever, wheeze ever, current wheeze within 12 months, hay fever ever, repeated rash ever, eczema ever, allergic rhinitis, atopy, high-sensitivity or were diagnosed asthma) were (7.0 +/- 2.1) mm-(8.8 +/- 2.8) mm, which were not significantly different from those of (7.2 +/- 2.7) mm-(8.2 +/- 2.2) mm in normal students (P > 0.05). (2) Compared to the urban students, the mean diameter of BCG scars in the rural students was (8.2 +/- 2.3) mm, significantly larger than that of (7.3 +/- 2.9) mm in the urban students (P < 0.01). The prevalence of asthma (allergy) (asthma ever, wheeze ever, current wheeze within 12 months, hay fever ever, repeated rash ever, eczema ever, allergic rhinitis, atopy, high-sensitivity or diagnosed asthma) were 0.6% - 11.4% in the rural Beijing students, significantly lower than that of 3.1% - 35.7% in urban Beijing schoolchildren (P < 0.01).
The diameters of BCG scars were not significantly different between asthmatic (allergic) students and normal students. The diameters of BCG scars in the rural students were significantly larger than those in the urban students. The prevalence of asthma and allergy in the rural children were significantly lower than that in the urban students. The results suggest that there is difference in immunity between rural and urban children from early life, which may be caused by the different living environments.",0
24922745,"To review, summarise, and compare the evidence for effectiveness of screening sigmoidoscopy and screening colonoscopy in the prevention of colorectal cancer occurrence and deaths.
Systematic review and meta-analysis of randomised controlled trials and observational studies.
PubMed, Embase, and Web of Science. Two investigators independently extracted characteristics and results of identified studies and performed standardised quality ratings.
Randomised controlled trials and observational studies in English on the impact of screening sigmoidoscopy and screening colonoscopy on colorectal cancer",Screening sigmoidoscopy and screening colonoscopy effectiveness in preventing colorectal cancer occurrence and mortality.,8340943,Screening for colorectal cancer with fecal occult blood testing and sigmoidoscopy.,"The high incidence of and mortality from colorectal cancer (160,000 new cases and 60,000 deaths in the United States each year) are compelling public health concerns. Following the evolution of effective surgery for this disease since the 1960s, the focus has been on improving methods of detection and integrating them into effective screening programs.
This was the first study to evaluate the effectiveness, in a setting of comprehensive medical examinations, of using the fecal occult blood test in conjunction with sigmoidoscopy, rather than sigmoidoscopy alone, to screen for colorectal cancer. Our end points were extent of compliance with fecal occult blood test and sigmoidoscopy, numbers of cancers detected, and mortality rate.
From 1975 through 1979, a total of 21,756 patients (aged 40 and older) who presented at the Preventive Medicine Institute-Strang Clinic for routine medical examinations were enrolled by calendar period into study and control groups. Study patients were offered annually both rigid sigmoidoscopy examinations and fecal occult blood tests requiring two stool specimens per day for 3 days, while control patients were offered only annual sigmoidoscopy. The majority of fecal occult blood test cards were not rehydrated before assay. Patients with positive tests were referred for double-contrast barium enema and colonoscopy. Two distinct trials were carried out. Trial I was primarily a demonstration of feasibility of using the fecal occult blood test as a supplemental screening method. Of the 9277 participants, 7168 (77%) were assigned to the study group and offered the fecal occult blood test. In trial II, approximately half of the 12,479 patients were assigned to each group. Patients in both trials had follow-up through 1984.
Compliance with the fecal occult blood test was initially high in both trials, but diminished such that only 56% of study patients in trial I and 20% of those in trial II returned for second tests. On the initial (prevalence) screen, a substantial number of early-stage cancers were detected by the fecal occult blood test, primarily in trial II. In trial II, survival probability was significantly greater (P < .001) in the study group than in the controls (70% versus 48%), and colorectal cancer mortality was lower (0.36 versus 0.63) with borderline significance (P = .053, one-sided).
The screening of average-risk individuals (aged 50 and older) for colorectal cancer through use of the fecal occult blood test in conjunction with sigmoidoscopy can increase the likelihood of early detection of this disease. This practice, coupled with prompt diagnostic work-up following positive tests, will result in treatment of earlier stage cancers and increased survival after treatment.",0
26903336,"Septic shock currently refers to a state of acute circulatory failure associated with infection. Emerging biological insights and reported variation in epidemiology challenge the validity of this definition.
To develop a new definition and clinical criteria for identifying septic shock in adults.
The Society of Critical Care Medicine and the European Society of Intensive Care Medicine convened a task force (19 participants) to revise current sepsis/septic shock definitions. Three sets of studies were conducted: (1) a systematic review and meta-analysis of observational studies in adults publis",Development and validation of revised clinical criteria and definition for septic shock in adults with acute circulatory failure and infection.,24967858,Epidemiology of sepsis in Colombian intensive care units.,"Currently, there is not enough data available concerning sepsis in developing countries, especially in Latin America.
We developed a study aimed at determining the frequency, clinical and epidemiological characteristics, and the consequences of sepsis in patients requiring admission to intensive care units in Colombia.
This was a secondary analysis of a prospective cohort study carried out over a six-month period, from September 1, 2007, to February 28, 2008, in ten medical/surgical intensive care units in four Colombian cities. Patients were considered eligible if they had a probable or confirmed diagnosis of infection according to medical records. We recorded demographic characteristics, first admission diagnosis and co-morbidities, clinical status, and sepsis, severe sepsis or septic shock.
During the study period, 826 patients were admitted to the intensive care units. From these patients, 421 (51%) developed sepsis in the community, 361 (44%) in the ICU, and 44 (5%) during hospitalization in the general ward. Two hundred and fifty three patients (30.6%) had involvement of one organ system: 20% had respiratory involvement, followed by kidney and central nervous system involvement with 3.4% and 2.7%, respectively.
In our cohort of septic patients, the prevalence of sepsis treated in ICU is similar to that reported in other studies, as well as the overall mortality.",1
24157497,"To assess the effects of different classes of antihypertensive treatments, including monotherapy and combination therapy, on survival and major renal outcomes in patients with diabetes.
Systematic review and bayesian network meta-analysis of randomised clinical trials.
Electronic literature search of PubMed, Medline, Scopus, and the Cochrane Library for studies published up to December 2011.
Randomised clinical trials of antihypertensive therapy (angiotensin converting enzyme (ACE) inhibitors, angiotensin receptor blockers (ARBs), α blockers, β blockers, calcium channel blockers, diuretics, an",Antihypertensive therapy classes and combinations on survival and renal outcomes in diabetic patients.,9867064,Effects of perindopril on renal histomorphometry in diabetic subjects with microalbuminuria: a 3-year placebo-controlled biopsy study.,"We conducted a 3-year randomized placebo-controlled double-blind study to determine the effects of the angiotensin-converting enzyme (ACE) inhibitor perindopril (PE) on the progress of renal function and histology in subjects with diabetes and microalbuminuria. Forty non-insulin-dependent (NIDDM) and insulin-dependent (IDDM) diabetic subjects, either normotensive or hypertensive, were randomly assigned to receive PE (n = 20) or placebo (n = 20). A percutaneous renal biopsy was performed initially in all patients and repeated in 29 patients after 3 years. The mean glomerular volume, glomerular basement membrane (GBM) thickness, interstitial fibrosis, sclerosed glomeruli, and volume fraction of capillary lumina were measured histomorphometrically. Before treatment, both groups had similar clinical characteristics, blood pressure, glycosylated hemoglobin (Hb), albumin excretion rate, glomerular filtration rate (GFR), serum creatinine, and renal structural damage. Blood pressure was well controlled in both groups. After 3 years' therapy, there was no significant change in renal function and albuminuria in the PE or placebo groups. The increase in GBM thickness in nine paired biopsies was significantly less in PE-treated subjects (P = .0275). Interstitial fibrosis tended to increase less in the PE group, although this did not reach statistical significance. This study indicates that long-term therapy with PE may decrease or delay the progression of structural glomerular damage in microalbuminuric diabetic subjects.",1
31585960,"To map and assess prognostic models for outcome prediction in patients with chronic obstructive pulmonary disease (COPD).
Systematic review.
PubMed until November 2018 and hand searched references from eligible articles.
Studies developing, validating, or updating a prediction model in COPD patients and focusing on any potential clinical outcome.
The systematic search yielded 228 eligible articles, describing the development of 408 prognostic models, the external validation of 38 models, and the validation of 20 prognostic models derived for diseases other than COPD. The 408 prognostic models were developed in three clinical settings: outpatients (n=239; 59%), patients admitted to hospital (n=155; 38%), and patients attending the emergency department (n=14; 3%).","Prognostic prediction models for clinical outcome assessment in chronic obstructive pulmonary disease patients across outpatient, hospital, and emergency department settings.",29747650,Hospital financing of ischaemic stroke: determinants of funding and usefulness of DRG subcategories based on severity of illness.,"Several Western and Arab countries, as well as over 30 States in the US are using the ""All-Patient Refined Diagnosis-Related Groups"" (APR-DRGs) with four severity-of-illness (SOI) subcategories as a model for hospital funding. The aim of this study is to verify whether this is an adequate model for funding stroke hospital admissions, and to explore which risk factors and complications may influence the amount of funding.
A bottom-up analysis of 2496 ischaemic stroke admissions in Belgium compares detailed in-hospital resource use (including length of stay, imaging, lab tests, visits and drugs) per SOI category and calculates total hospitalisation costs. A second analysis examines the relationship between the type and location of the index stroke, medical risk factors, patient characteristics, comorbidities and in-hospital complications on the one hand, and the funding level received by the hospital on the other hand. This dataset included 2513 hospitalisations reporting on 35,195 secondary diagnosis codes, all medically coded with the International Classification of Disease (ICD-9).
Total costs per admission increased by SOI (€3710-€16,735), with severe patients costing proportionally more in bed days (86%), and milder patients costing more in medical imaging (24%). In all resource categories (bed days, medications, visits and imaging and laboratory tests), the absolute utilisation rate was higher among severe patients, but also showed more variability. SOI 1-2 was associated with vague, non-specific stroke-related ICD-9 codes as primary diagnosis (71-81% of hospitalisations). 24% hospitalisations had, in addition to the primary diagnosis, other stroke-related codes as secondary diagnoses. Presence of lung infections, intracranial bleeding, severe kidney disease, and do-not-resuscitate status were each associated with extreme SOI (p < 0.0001).
APR-DRG with SOI subclassification is a useful funding model as it clusters stroke patients in homogenous groups in terms of resource use. The data on medical care utilisation can be used with unit costs from other countries with similar healthcare set-ups to 1) assess stroke-related hospital funding versus actual costs; 2) inform economic models on stroke prevention and treatment. The data on diagnosis codes can be used to 3) understand which factors influence hospital funding; 4) raise awareness about medical coding practices.",0
30383109,"Although sickle cell trait (SCT) is largely a benign carrier state, it may increase risk for certain clinical outcomes.
To evaluate associations between SCT and clinical outcomes in children and adults.
English-language searches of PubMed, CINAHL, the Cochrane Library, Current Contents Connect, Scopus, and Embase (1 January 1970 to 30 June 2018) and bibliographies of review articles.
Observational controlled studies (published in English) in children or adults that examined an association between SCT and any of 24 clinical outcomes specified a priori in the following 6 categories: exertion-rel",Sickle cell trait association with clinical outcomes and adverse events in children and adults compared to non-carriers.,2628314,Detection of alpha thalassaemia in sickle cell trait patients by Hb-Bart's screening & quantitation of Hb-A & Hb-S.,"Haemoglobin fractionation in 27 subjects with sickle cell trait revealed 12 (44%) with sickle cell haemoglobin less than 35 per cent (23.4-34.2%, mean 30.4 +/- 3.3%) suggesting an association of alpha thalassaemia. Electrophoresis of 91 samples of cord blood revealed demonstrable amounts of haemoglobin Bart's in 7 (7.7%); six between 5 and 10 per cent and one with less than 2 per cent. It appeared that the six infants with higher amounts of haemoglobin Bart's were homozygous for alpha-thalassaemia + (-a/-a) genotypes and one was heterozygous for alpha-thalassaemia + (-a/aa) Results of haemoglobin electrophoresis done on 2754 blood samples analysed from hospital records, retrospectively did not reveal haemoglobin-H and haemoglobin Constant Spring in any of the samples.",0
32199484,"Tens of millions of children are exposed to Mycobacterium tuberculosis globally every year; however, there are no contemporary estimates of the risk of developing tuberculosis in exposed children. The effectiveness of contact investigations and preventive therapy remains poorly understood.
In this systematic review and meta-analysis, we investigated the development of tuberculosis in children closely exposed to a tuberculosis case and followed for incident disease. We restricted our search to cohort studies published between Jan 1, 1998, and April 6, 2018, in MEDLINE, Web of Science, BIOSIS, a",Incidence and risk of tuberculosis disease development in children exposed to tuberculosis cases and effectiveness of contact investigations and preventive therapy.,27632221,Lower subjective life expectancy in later life is a risk factor for posttraumatic stress symptoms among trauma survivors.,"These studies examined whether exposure to traumatic events at different stages of life would predict posttraumatic stress symptoms (PTSS) in old age. Furthermore, the regulating role of perceptions that relate to one's future time horizons (subjective life expectancy, SLE) and age (subjective age) were also examined.
It was hypothesized that exposure to trauma would predict more PTSS, and that this association would be moderated by SLE and subjective age, so that for those with higher SLE and a younger subjective age, exposure to trauma will have a weaker association with PTSS. Study 1 (N = 294) revealed that among Israeli war veterans (mean age 57), those who experienced the trauma of war captivity in the Yom Kippur War reported higher PTSS than comparable veterans, and that the relationship between captivity and PTSS was weaker for those with a higher SLE. Study 2 (N = 339), which was based on older adults who were currently exposed to ongoing rocket fire in the south of Israel (mean age 65), revealed the same pattern of findings: Exposure to rocket fire predicted more PTSS, but this relationship was weaker among those with a higher SLE. Subjective age did not reveal a moderation effect.
These findings suggest that different traumatic experiences, whether belonging to one's past or whether currently ongoing, predict PTSS in later life. Moreover, it appears that subjective time horizons until death, but not subjective age since birth, can buffer against the negative effect of the trauma. (PsycINFO Database Record",0
33148618,"To assess whether exposure to high temperatures in pregnancy is associated with increased risk for preterm birth, low birth weight, and stillbirth.
Systematic review and random effects meta-analysis.
Medline and Web of Science searched up to September 2018, updated in August 2019.
Clinical studies on associations between high environmental temperatures, and preterm birth, birth weight, and stillbirths.
14 880 records and 175 full text articles were screened.","High environmental temperature exposure during pregnancy and risk of preterm birth, low birth weight, and stillbirth.",19031080,Neonatal outcome in preterm deliveries between 23 and 27 weeks' gestation with and without preterm premature rupture of membranes.,"To characterize neonatal morbidity and mortality rates in extreme preterm deliveries (between 23 and 27 weeks' gestation) with and without PPROM, and to evaluate the association between PPROM and chorioamnionitis.
A retrospective population-based study was conducted on preterm singleton pregnancies delivered between 23 and 27 weeks' gestation from 1988 to 2007. Immediate neonatal morbidity and mortality rates in pregnancies complicated by PPROM were compared to pregnancies with intact membranes. A multivariate analysis was conducted in order to determine the independent association between PPROM and chorioamnionitis.
Out of 1,437 preterm deliveries, 236 (16.4%) were complicated with PPROM. There were more neonates with low 1 min (61.0 vs. 42.5%; P = 0.001) and low 5 min (30.1 vs. 23.8%; P = 0.042) Apgar scores (of less than 7) in pregnancies complicated by PPROM than in the comparison group. There were more cases of chorioamnionitis in the PPROM group born at 23-24 weeks' gestation (33.8 vs. 17.0%; P < 0.001), and in the PPROM group born at 25-27 weeks (42.0 vs. 15.5%; P < 0.001). In the group born at 23-24 weeks' gestation, there were more postpartum deaths (PPD) in the PPROM group (70.0 vs. 54.8%; P = 0.013); however, there was no significant difference in PPD in the groups born at 25-27 weeks. In the group born at 23-24 weeks, as well as at 25-27 weeks, there were fewer antepartum deaths (APD) in the PPROM group as compared to the control group (16.3 vs. 32.6%; P = 0.002, and 5.3 vs. 36.3%; P < 0.001; respectively). After adjusting for gestational age and gender, using a multivariate analysis, the association between PPROM and chorioamnionitis remained significant (OR = 3.32; 95% CI 2.43-4.51, P < 0.001).
PPROM is associated with adverse perinatal outcome in deliveries between 23 and 27 weeks' gestation. Moreover, PPROM is an independent risk factor for chorioamnionitis.",0
24727842,"The functional and quality-of-life benefits of transcatheter aortic valve replacement (TAVR) have not been established.
To evaluate the changes in functional status and quality of life after TAVR.
MEDLINE, EMBASE, and the Cochrane Central Register of Controlled Trials from 1 January 2002 to 30 September 2013.
Studies of TAVR that reported the New York Heart Association (NYHA) class, Short Form-12/36 Health Survey physical and mental component summary (points), or other measures of functional status.
Two reviewers independently extracted the mean change (follow-up minus baseline) in primary outcomes. Because of substantial heterogeneity, data were not pooled; the range of mean change was summarized.",Transcatheter aortic valve replacement TAVR improves functional status and quality of life outcomes measured by NYHA class and SF-12/36 health survey.,22915555,Clinical profile and outcome of patients with severe aortic stenosis at high surgical risk: single-center prospective evaluation according to treatment assignment.,"The study sought to assess the clinical profile, outcome, and predictors for mortality of ""real-world"" high-risk severe aortic stenosis patients according to the mode of treatment assigned.
Patients were referred to a dedicated clinic for meticulous screening and multidisciplinary team assessment and 343 were finally assigned treatment (age 81.3 ± 7.2 years, 42.3% men): transcatheter aortic valve replacement (TAVR) with the Edwards SAPIEN or CoreValve device, 100 (29.2%); surgical aortic valve replacement (SAVR), 61 (17.8%); balloon valvuloplasty (as definitive therapy), 27 (7.9%); medication only, 155 (45.2%). No patient was lost to follow-up.
The balloon valvuloplasty group had a significantly higher 1-month mortality rate (18.5%) than the TAVR group (3%, P = 0.006) and medical therapy group (3.9%; P = 0.004), without significant difference from the SAVR group (11.5%, P = 0.5). One-year cumulative survival was significantly higher in the TAVR group (92%) than in the other groups (SAVR 71%, balloon valvuloplasty 61.5%, medication 65%; all P < 0.001). Among survivors, 1-year rates of high functional class (NYHA I/II) were as follows: TAVR, 84.6%; SAVR, 63.3%; balloon valvuloplasty, 18.2%; medication, 21.4% (TAVR vs. SAVR, P = 0.04; SAVR vs. balloon valvuloplasty or medical therapy, P = 0.01). On multivariate regression analysis, renal failure (hazard ratio [HR] = 5.3, P < 0.001), not performing TAVR (HR = 4.9, P < 0.001), and pulmonary pressure (10 mm Hg, HR = 1.2, P = 0.02) were independent predictors of 1-year mortality.
TAVR, performed in carefully selected high-risk patients, is associated with an excellent survival rate and high functional class. Patients treated with another of the available modalities, including SAVR, had a worse outcome, regardless of which alternative treatment they receive.",1
26199070,"To examine the prospective associations between consumption of sugar sweetened beverages, artificially sweetened beverages, and fruit juice with type 2 diabetes before and after adjustment for adiposity, and to estimate the population attributable fraction for type 2 diabetes from consumption of sugar sweetened beverages in the United States and United Kingdom.
Systematic review and meta-analysis.
PubMed, Embase, Ovid, and Web of Knowledge for prospective studies of adults without diabetes, published until February 2014. The population attributable fraction was estimated in national surveys in","Prospective association between sugar sweetened beverages, artificially sweetened beverages, and fruit juice consumption with type 2 diabetes incidence in adults, with adjustment for adiposity and population attributable fraction estimation.",20142243,Soft drink and juice consumption and risk of pancreatic cancer: the Singapore Chinese Health Study.,"Sugar-sweetened carbonated beverages (called soft drinks) and juices, which have a high glycemic load relative to other foods and beverages, have been hypothesized as pancreatic cancer risk factors. However, data thus far are scarce, especially from non-European descent populations. We investigated whether higher consumption of soft drinks and juice increases the risk of pancreatic cancer in Chinese men and women.
A prospective cohort analysis was done to examine the association between soft drink and juice consumption and the risk of pancreatic cancer in 60,524 participants of the Singapore Chinese Health Study with up to 14 years of follow-up. Information on consumption of soft drinks, juice, and other dietary items, as well as lifestyle and environmental exposures, was collected through in-person interviews at recruitment. Pancreatic cancer cases and deaths were ascertained by record linkage of the cohort database with records of population-based Singapore Cancer Registry and the Singapore Registry of Births and Deaths.
The first 14 years for the cohort resulted in cumulative 648,387 person-years and 140 incident pancreatic cancer cases. Individuals consuming > or = 2 soft drinks/wk experienced a statistically significant increased risk of pancreatic cancer (hazard ratio, 1.87; 95% confidence interval, 1.10-3.15) compared with individuals who did not consume soft drinks after adjustment for potential confounders. There was no statistically significant association between juice consumption and risk of pancreatic cancer.
Regular consumption of soft drinks may play an independent role in the development of pancreatic cancer.",0
29540345,"To evaluate rates of serious organ specific immune-related adverse events, general adverse events related to immune activation, and adverse events consistent with musculoskeletal problems for anti-programmed cell death 1 (PD-1) drugs overall and compared with control treatments.
Systematic review and meta-analysis.
Medline, Embase, Cochrane Library, Web of Science, and Scopus searched to 16 March 2017 and combined with data from ClinicalTrials.gov.
Eligible studies included primary clinical trial data on patients with cancer with recurrent or metastatic disease.
Three independent investigators",Rates of serious immune-related adverse events and musculoskeletal adverse events in patients with metastatic cancer treated with anti-PD-1 drugs compared to control treatments.,29023213,"Nivolumab Versus Docetaxel in Previously Treated Patients With Advanced Non-Small-Cell Lung Cancer: Two-Year Outcomes From Two Randomized, Open-Label, Phase III Trials (CheckMate 017 and CheckMate 057).","Purpose Nivolumab, a programmed death-1 inhibitor, prolonged overall survival compared with docetaxel in two independent phase III studies in previously treated patients with advanced squamous (CheckMate 017; ClinicalTrials.gov identifier: NCT01642004) or nonsquamous (CheckMate 057; ClinicalTrials.gov identifier: NCT01673867) non-small-cell lung cancer (NSCLC). We report updated results, including a pooled analysis of the two studies. Methods Patients with stage IIIB/IV squamous (N = 272) or nonsquamous (N = 582) NSCLC and disease progression during or after prior platinum-based chemotherapy were randomly assigned 1:1 to nivolumab (3 mg/kg every 2 weeks) or docetaxel (75 mg/m",0
31990319,"The tort liability system is intended to serve 3 functions: compensate patients who sustain injury from negligence, provide corrective justice, and deter negligence. Deterrence, in theory, occurs because clinicians know that they may experience adverse consequences if they negligently injure patients.
To review empirical findings regarding the association between malpractice liability risk (ie, the extent to which clinicians face the threat of being sued and having to pay damages) and health care quality and safety.
Systematic search of multiple databases for studies published between January ",Association between malpractice liability risk and healthcare quality and patient safety outcomes in clinical practice.,9642609,Statistical models of outcome in malpractice lawsuits involving death or neurologically impaired infants.,"The objective was to determine whether factors could be identified in medical and legal records that are associated with the successful defense of obstetrical malpractice cases involving the death or neurological impairment of infants. Obstetrical claims (169) closed by PROMUTUAL between January 1, 1990, and December 31, 1994, were retrospectively abstracted and analyzed to identify associations between medical and legal factors, and the medicolegal outcome. Multivariable analysis identifies that the use of pitocin, diagnosis of asphyxia, a delay in delivery, and the use of multiple defense expert witnesses decreased the chances of a successful defense. Two statistical models explaining indemnity payment were developed. The first, based on medical outcome, showed an increased indemnity payment when a case involved major neurological deficits, diagnosis of asphyxia, newborn seizures, later year of delivery, and participation of a particular defense firm. Perinatal or childhood death and the use of pitocin were indicators of a decrease in payment. The second model was based on long-term care requirements. In this model, indicators of increased indemnity payment were: nonreassuring intrapartum fetal heart rate tracing, later year of delivery, intensity of long-term care required, and participation of a particular defense law firm. Perinatal or childhood death, the use of pitocin, and settlement date increasingly removed from the occurrence date were the determinants of decreased payments in this model. Finally, the presence of major neurological deficits, the prolongation of a case, and the involvement of multiple law firms and defense witnesses increased the expense charged to and paid by the insurance company. Using the medical, legal, and financial data relevant to 169 obstetrical cases closed by one malpractice insurance carrier between 1990 and 1994, statistical models with potential predictive values for future malpractice claims involving neurologically impaired infants were constructed. These models may help determine in advance the chance a future case has for successful defense and the likely amount of expense and indemnity dollars that will be paid out to settle and defend it.",0
23033409,"To synthesise the literature on indoor tanning and non-melanoma skin cancer.
Systematic review and meta-analysis.
PubMed (1966 to present), Embase (1974 to present), and Web of Science (1898 to present).
All articles that reported an original effect statistic for indoor tanning and non-melanoma skin cancer were included. Articles that presented no data, such as review articles and editorials, were excluded, as were articles in languages other than English.
Two investigators independently extracted data. Random effects meta-analysis was used to summarise the relative risk of ever use versus nev",Indoor tanning exposure and risk of non-melanoma skin cancer: systematic review and meta-analysis of relative risk.,24684198,"Ultraviolet exposure and risk of melanoma and basal cell carcinoma in Ulm and Dresden, Germany.","There is a perpetuating increase in melanoma and basal cell carcinoma (BCC) incidence in Europe. Few studies are evaluating various risk factors for both tumours.
This pre-planned additional analysis directly compared occupational and past-time ultraviolet exposure behaviour, and examined the effects of sun sensitivity between melanoma and sporadic BCC, and assessed its importance for the two entities.
The study included 503 patients (melanoma, n = 291 and BCC, n = 212), and 329 controls from Germany. In all, 244 (49%) of the cases and 165 (50%) of the controls were male (median age melanoma, 55 years; BCC, 69 years; and controls, 57 years). Selection of important risk factors was performed by backward elimination in a polytomous logistic regression.
When directly comparing melanoma and sporadic BCC, actinic elastosis (OR 48.83; 95% CI 17.87, 133.40) and site were associated with a higher risk of melanoma, whereas mountaineering in childhood, sunburn 20 years before diagnosis, farming full time, sunbed use in general, seborrheic keratosis, actinic cheilitis, actinic keratosis and age were associated with a higher risk of sporadic BCC. Gardening 20 years before melanoma, hair colour and solar lentigo were risk factors for both entities. A re-evaluation of the data excluding lentiginous melanoma entities (i.e. acro-lentiginous and lentigo-maligna melanoma) resulted in selection of the same factors. However, compared to controls, atopy evolved as a protective factor for melanoma (OR 0.29; 95% CI 0.15, 0.57) and BCC (OR 0.41; 95% CI 0.17, 0.99), respectively, but was associated with a higher risk of sporadic BCC compared to melanoma.
The odds for having clinical actinic elastosis was lower in BCC compared to melanoma. In contrast, various factors associated with chronic UV exposure and age had higher odds for sporadic BCC, rather than melanoma. Further research is required to set the context for these findings, especially regarding, atopy in non-lentiginous vs. lentiginous forms of melanoma, and possible molecular pathways involved.",0
30884526,"Urinary incontinence (UI), a common malady in women, most often is classified as stress, urgency, or mixed.
To compare the effectiveness of pharmacologic and nonpharmacologic interventions to improve or cure stress, urgency, or mixed UI in nonpregnant women.
MEDLINE, Cochrane Central Register of Controlled Trials (Wiley), Cochrane Database of Systematic Reviews (Wiley), EMBASE (Elsevier), CINAHL (EBSCO), and PsycINFO (American Psychological Association) from inception through 10 August 2018.
84 randomized trials that evaluated 14 categories of interventions and reported categorical cure or imp",Pharmacologic and nonpharmacologic interventions for stress urgency or mixed urinary incontinence in nonpregnant women with cure or improvement outcomes.,21030144,"Duloxetine for mild to moderate postprostatectomy incontinence: preliminary results of a randomised, placebo-controlled trial.","Duloxetine is effective in the management of stress urinary incontinence (SUI) in women but has been poorly evaluated in the treatment of SUI following radical prostatectomy (RP).
To establish the superiority of duloxetine over placebo in SUI after RP.
We conducted a prospective, randomised, placebo-controlled, double-blind, monocentric superiority trial. After a placebo run-in period of 2 wk, patients with SUI after RP were randomised to receive either 80mg of duloxetine daily or matching placebo for 3 mo.
The primary outcome measure was the relative variation in incontinence episodes frequency (IEF) at the end of study compared to baseline. Secondary outcomes included quality of life (QoL) measures (Incontinence Impact Questionnaire Short Form [IIQ-SF], Urogenital Distress Inventory Short Form [UDI-SF], Incontinence Quality of Life [I-QoL]), symptom scores (Urinary Symptom Profile [USP] questionnaire, International Consultation on Incontinence/World Health Organisation Short Form questionnaire [ICIQ-SF], the Beck Depression Inventory [BDI-II] questionnaire), 1-h pad test, and assessment of adverse events.
Thirty-one patients were randomised to either the treatment (n=16) or control group (n=15). Reduction in IEF was significant with duloxetine compared to placebo (mean±standard deviation [SD] variation: -52.2%±38.6 [range: -100 to +46] vs +19.0%±43.5 [range: -53 to +104]; mean difference: 71.2%; 95% confidence interval [CI] for the difference: 41.0-101.4; p<0.0001). IIQ-SF total score, UDI-SF total score, SUI subscore of the USP questionnaire, and question 3 of the ICIQ-SF questionnaire showed improvement in the duloxetine group (p=0.006, p=0.02, p=0.0004, and p=0.003, respectively). Both treatments were well tolerated throughout the study period.
Duloxetine is effective in the treatment of incontinence symptoms and improves QoL in patients with SUI after RP.",0
32427305,"The benefit of blood pressure lowering for the prevention of dementia or cognitive impairment is unclear.
To determine the association of blood pressure lowering with dementia or cognitive impairment.
Search of PubMed, EMBASE, and CENTRAL for randomized clinical trials published from database inception through December 31, 2019, that evaluated the association of blood pressure lowering on cognitive outcomes. The control groups consisted of either placebo, alternative antihypertensive agents, or higher blood pressure targets.
Data were screened and extracted independently by 2 authors. Random-e",Blood pressure lowering interventions and their effects on dementia and cognitive impairment outcomes in randomized clinical trials.,22118707,What matters in ADVANCE and ADVANCE-ON.,"Most recent meta-analyses of morbidity-mortality risk hazards brought about by the presence of diabetes as compared with non-diabetics underline the dominant risk of renal disease and cardiovascular outcomes and the relevance of blood glucose, blood pressure (BP) and cholesterol levels. The translation of this reality into therapeutic guidelines always requires interventional evidence. Evidence for combined approaches in controlling for BP and blood glucose was provided by Action in Diabetes and Vascular disease: PreterAx and DiamicroN-MR Controlled Evaluation (ADVANCE), conducted in over 11 000 subjects from 20 countries. Reduction in systolic BP by 7.1 mm Hg, in diastolic BP by 2.9 mm Hg and in glycated haemoglobin A1c by 0.61% points in the combined routine BP lowering and intensive blood glucose-control group after an average 4.3 years of follow-up resulted in a relative risk reduction of 28% in renal events, 24% in cardiovascular death and 18% in all-cause mortality. While other major intervention trials performed in similar populations with analogous goals did not achieve the same level of positive therapeutic evidence and even pointed to some risk of intensified treatment of type 2 diabetes, all three major studies [Action to Control Cardiovascular Risk in Diabetes (ACCORD), Veterans Affairs Diabetes Trial (VADT) and ADVANCE] showed significant reduction in renal events, the major risk in type 2 diabetes. The divergence for other outcomes underlines the importance of considering specific therapeutic approaches for glucose control and prudent targets for BP. The current target values for glycated haemoglobin of 6.5-7% and for BP of 130/80 mmHg appear safe and beneficial. The potential long-term benefit, particularly that of initial tight blood glucose control, suggested by recent post-trial evidence is currently being evaluated in the ADVANCE-ON study.",0
32199484,"Tens of millions of children are exposed to Mycobacterium tuberculosis globally every year; however, there are no contemporary estimates of the risk of developing tuberculosis in exposed children. The effectiveness of contact investigations and preventive therapy remains poorly understood.
In this systematic review and meta-analysis, we investigated the development of tuberculosis in children closely exposed to a tuberculosis case and followed for incident disease. We restricted our search to cohort studies published between Jan 1, 1998, and April 6, 2018, in MEDLINE, Web of Science, BIOSIS, a",Incidence and risk of tuberculosis disease development in children exposed to tuberculosis cases and effectiveness of contact investigations and preventive therapy.,28976407,Contributors to Screening Positive for Mental Illness in Lebanon's Shatila Palestinian Refugee Camp.,"This study evaluates contributors to the mental health status of Palestinians, Syrians, and nonrefugee residents of Lebanon's Shatila Refugee Camp. Primary health care clinic patients in Shatila were screened for mental illness between 2012 and 2013 using the K6, the Primary Care Posttraumatic Stress Disorder (PTSD), and the Modified Mini International Neuropsychiatric Interview. Logistic regressions enabled the consideration of potential contributors to participants' positive mental illness screens. The sample (n = 254) included 63.4% Palestinians, 18.5% Syrians, and 18.1% nonrefugees. People lived in the camp for 21.1 years (±17), 63% had stable housing and 78% had war event exposure. Mental illness prevalence was 51.6% in total (34.8% serious mental illness [SMI] alone, 5.1% PTSD alone, 11.4% comorbid SMI/PTSD, and 0.08% comorbid psychotic spectrum disorder SMI/PTSD). For Palestinians and nonrefugees, respectively, stable housing accounted for a 79% and a 98% reduction in positive SMI screen risk. For Syrians, access to paid employment accounted for a 66% risk reduction. Stable living situations and economically productive employment for those trapped in a refugee situation, even in the face of war trauma, seem most important for ensuring reduced mental disorder risk.",0
30383109,"Although sickle cell trait (SCT) is largely a benign carrier state, it may increase risk for certain clinical outcomes.
To evaluate associations between SCT and clinical outcomes in children and adults.
English-language searches of PubMed, CINAHL, the Cochrane Library, Current Contents Connect, Scopus, and Embase (1 January 1970 to 30 June 2018) and bibliographies of review articles.
Observational controlled studies (published in English) in children or adults that examined an association between SCT and any of 24 clinical outcomes specified a priori in the following 6 categories: exertion-rel",Sickle cell trait association with clinical outcomes and adverse events in children and adults compared to non-carriers.,29590102,Common α-globin variants modify hematologic and other clinical phenotypes in sickle cell trait and disease.,"Co-inheritance of α-thalassemia has a significant protective effect on the severity of complications of sickle cell disease (SCD), including stroke. However, little information exists on the association and interactions for the common African ancestral α-thalassemia mutation (-α3.7 deletion) and β-globin traits (HbS trait [SCT] and HbC trait) on important clinical phenotypes such as red blood cell parameters, anemia, and chronic kidney disease (CKD). In a community-based cohort of 2,916 African Americans from the Jackson Heart Study, we confirmed the expected associations between SCT, HbC trait, and the -α3.7 deletion with lower mean corpuscular volume/mean corpuscular hemoglobin and higher red blood cell count and red cell distribution width. In addition to the recently recognized association of SCT with lower estimated glomerular filtration rate and glycated hemoglobin (HbA1c), we observed a novel association of the -α3.7 deletion with higher HbA1c levels. Co-inheritance of each additional copy of the -α3.7 deletion significantly lowered the risk of anemia and chronic kidney disease among individuals with SCT (P-interaction = 0.031 and 0.019, respectively). Furthermore, co-inheritance of a novel α-globin regulatory variant was associated with normalization of red cell parameters in individuals with the -α3.7 deletion and significantly negated the protective effect of α-thalassemia on stroke in 1,139 patients with sickle cell anemia from the Cooperative Study of Sickle Cell Disease (CSSCD) (P-interaction = 0.0049). Functional assays determined that rs11865131, located in the major alpha-globin enhancer MCS-R2, was the most likely causal variant. These findings suggest that common α- and β-globin variants interact to influence hematologic and clinical phenotypes in African Americans, with potential implications for risk-stratification and counseling of individuals with SCD and SCT.",0
30326495,"Burnout is a self-reported job-related syndrome increasingly recognized as a critical factor affecting physicians and their patients. An accurate estimate of burnout prevalence among physicians would have important health policy implications, but the overall prevalence is unknown.
To characterize the methods used to assess burnout and provide an estimate of the prevalence of physician burnout.
Systematic search of EMBASE, ERIC, MEDLINE/PubMed, psycARTICLES, and psycINFO for studies on the prevalence of burnout in practicing physicians (ie, excluding physicians in training) published before Jun",Prevalence of burnout syndrome among practicing physicians assessed using standardized measurement instruments and methods.,20809437,Trend of burnout among Swiss doctors.,"Over the last decade the Swiss health care system has undergone several changes, resulting in stronger economic constraints, a heavier administrative workload and limited work autonomy for doctors. In this context we examined the change in burnout prevalence over time among Swiss doctors surveyed during this period.
Cross-sectional survey data collected by mail in 2002, 2004 and 2007 throughout the country were used. Measures included the Maslach Burnout Inventory (MBI), several socio-demographics (gender, living alone, having children), and work-related characteristics (number of years in current workplace, hours worked). Answers to the MBI were used to classify respondents into moderate (high score on either the emotional exhaustion or the depersonalisation/cynicism subscale) and high degree of burnout (scores in the range of burnout in all three scales).
Rates of moderate-degree burnout increased from 33% to 42% among general practitioners (p = 0.002) and from 19% to 34% among paediatricians (p = 0.001) (high degree of burnout: 4% to 6% [p = 0.17] and 2% to 4% [p = 0.42] respectively). After adjustment for significant socio-demographic and work-related characteristics, an increased risk of moderate burnout was found for doctors surveyed in 2004 and 2007 (OR 1.6, 95%CI 1.3 to 2.0), general practitioners (OR 1.6, 95%CI 1.3 to 2.0) and French-speaking doctors (OR 1.5, 95%CI 1.3 to 1.9). An increased risk of high-degree burnout was found only for general practitioners (OR 1.8, 95%CI 1.05 to 3.0).
Burnout levels among Swiss doctors have increased over the last decade, in particular among French-speaking doctors.",0
27737830," To identify and characterise non-specific immunological effects after routine childhood vaccines against BCG, measles, diphtheria, pertussis, and tetanus.
 Systematic review of randomised controlled trials, cohort studies, and case-control studies.
 Embase, PubMed, Cochrane library, and Trip searched between 1947 and January 2014. Publications submitted by a panel of experts in the specialty were also included.
 All human studies reporting non-specific immunological effects after vaccination with standard childhood immunisations. Studies using recombinant vaccines, no vaccine at all, or repor","Non-specific immunological effects and off-target immune responses following routine childhood vaccination with BCG, measles, diphtheria, pertussis, and tetanus vaccines.",24611083,Neonatal BCG vaccination is associated with enhanced T-helper 1 immune responses to heterologous infant vaccines.,Neonatal Bacille Calmette Guérin (BCG) vaccination has been reported to have beneficial effects beyond preventing infantile tuberculous meningitis and miliary disease. We hypothesized that BCG vaccine given at birth would enhance T-helper 1 (Th1) immune responses to the first vaccines given later in infancy. We conducted a nested case-control study of neonatal BCG vaccination and its heterologous Th1 immune effects in 2-3 months old infants. BCG vaccination at birth was associated with an increased frequency of interferon-γ (IFN-γ) producing spot-forming cells (SFC) to tetanus toxoid 2-3 months later. The frequency of IFN-γ producing SFC to polioviruses 1-3 also trended higher among infants who received BCG vaccination at birth. The frequency of IFN-γ+/tumor necrosis factor-α (TNF-α)+CD45RO+CD4+ T-cells upon stimulation with phorbol myristate acetate (PMA)/Ionomycin was higher in 2-3 months old infants who received BCG vaccination at birth compared to those who did not. The circulating frequency of forkhead box P3 (FoxP3)+ CD45RO+ regulatory CD4+ T-cells also trended lower in these infants. Neonatal BCG vaccination is associated with heterologous Th1 immune effects 2-3 months later.,1
27802478,"Gout is a common type of inflammatory arthritis in patients seen by primary care physicians.
To review evidence about treatment of acute gout attacks, management of hyperuricemia to prevent attacks, and discontinuation of medications for chronic gout in adults.
Multiple electronic databases from January 2010 to March 2016, reference mining, and pharmaceutical manufacturers.
Studies of drugs approved by the U.S. Food and Drug Administration and commonly prescribed by primary care physicians, randomized trials for effectiveness, and trials and observational studies for adverse events.
Data extra","Pharmacological treatment of acute gout attacks and management of hyperuricemia to prevent recurrent attacks in adults, including efficacy, adverse events, and medication discontinuation strategies.",3058974,"Ketoprofen versus indomethacin in patients with acute gouty arthritis: a multicenter, double blind comparative study.","Fifty-nine patients with acute gouty arthritis entered into a 7-day multicenter, double blind trial of ketoprofen versus indomethacin. Patients were randomly assigned to receive 100 mg of ketoprofen (n = 29 patients) or 50 mg of indomethacin (n = 30 patients) 3 times a day. More than 90% of the patients in each group reported pain relief within the 1st day of treatment. By Day 5, 7 patients in the ketoprofen group and 6 in the indomethacin group discontinued treatment because of complete or substantial pain relief. At the end of the study, most patients in both groups were rated as having marked improvement both by the investigators and by self-assessment. Three patients in each group withdrew prematurely because of drug related gastrointestinal disorders. Ketoprofen compared favorably for efficacy and safety with indomethacin in the treatment of gouty arthritis.",1
30158148,"To conduct a systematic review and meta-analysis of epidemiological studies investigating the association of arsenic, lead, cadmium, mercury, and copper with cardiovascular disease.
Systematic review and meta-analysis.
PubMed, Embase, and Web of Science searched up to December 2017.
Studies reporting risk estimates for total cardiovascular disease, coronary heart disease, and stroke for levels of arsenic, lead, cadmium, mercury, or copper were included. Two investigators independently extracted information on study characteristics and outcomes in accordance with PRISMA and MOOSE guidelines. Re","Heavy metal exposure (arsenic, lead, cadmium, mercury, copper) and cardiovascular disease risk including coronary heart disease and stroke.",28157645,Low-level arsenic in drinking water and risk of incident myocardial infarction: A cohort study.,"Epidemiological studies have shown that intake of drinking water with high levels of arsenic (>100μg/L) is associated with risk for cardiovascular diseases, but studies on lower levels of arsenic show inconsistent results.
The aim of this study was to investigate the relationship between exposure to low level arsenic in drinking water and risk of myocardial infarction in Denmark.
From the Danish Diet, Cancer and Health cohort of 57,053 people aged 50-64 years at enrolment in 1993-1997, we identified 2707 cases of incident myocardial infarction from enrolment to end of follow-up in February 2012. Cohort participants were enrolled in the Copenhagen and Aarhus areas. We geocoded residential addresses of the cohort members and used a geographic information system to link addresses with water supply areas. Arsenic in tap water at each cohort members address from 1973 to 2012 was estimated for all cohort members. Poisson regression was used to estimate incidence rate ratios (IRRs) for myocardial infarction after adjustment for lifestyle factors and educational level.
Arsenic levels in drinking water at baseline addresses ranged from 0.03 to 25.34μg/L, with the highest concentrations in the Aarhus area. We found no overall association between 20-years average concentration of arsenic and risk of myocardial infarction. However, in the Aarhus area, fourth arsenic quartile (2.21-25.34μg/L) was associated with an IRR of 1.48 (95% confidence interval (CI): 1.19-1.83) when compared with first quartile (0.05-1.83μg/L). An IRR of 1.26 (95% CI: 0.89-1.79) was found for ever (versus never) having lived at an address with 10μg/L or more arsenic in the drinking water.
This study provides some support for an association between low levels of arsenic in drinking water and the risk of myocardial infarction.",1
32427305,"The benefit of blood pressure lowering for the prevention of dementia or cognitive impairment is unclear.
To determine the association of blood pressure lowering with dementia or cognitive impairment.
Search of PubMed, EMBASE, and CENTRAL for randomized clinical trials published from database inception through December 31, 2019, that evaluated the association of blood pressure lowering on cognitive outcomes. The control groups consisted of either placebo, alternative antihypertensive agents, or higher blood pressure targets.
Data were screened and extracted independently by 2 authors. Random-e",Blood pressure lowering interventions and their effects on dementia and cognitive impairment outcomes in randomized clinical trials.,37737064,Blood pressure targets for prevention of cognitive decline in patients with diabetes and hypertension: Design of the Blood Pressure Control Target in Diabetes (BPROAD) Cognitive Study.,"Both hypertension and diabetes are risk factors of dementia. Proper management of blood pressure (BP) and blood glucose is critical in delaying cognitive decline in the elderly. However, little is known regarding the optimal BP target in type 2 diabetes (T2DM) for the management of cognitive decline.
The Blood Pressure Control Target in Diabetes (BPROAD) study is a nationwide, multicenter, randomized controlled trial that will enroll 12 702 T2DM patients with elevated systolic BP and increased cardiovascular risk from approximately 150 study centers across mainland China to undergo randomly antihypertensive treatment achieving systolic BP <120 mm Hg or systolic BP <140 mm Hg for up to 5 years. All BPROAD participants will take part in the BPROAD Cognitive Study for the assessment of cognitive function at baseline and annual visits by blinded outcome assessors to determine whether intensive BP treatment reduces risk of dementia and mild cognitive impairment (MCI) compared with standard BP treatment in patients with T2DM. In addition, approximately 1000 BPROAD participants will be enrolled in the magnetic resonance imaging (MRI) substudy to receive brain MRI at baseline and at closeout. The primary outcome of BPROAD Cognitive Study is a composite of all-cause dementia and MCI.
The BPROAD Cognitive Study will provide crucial clinical trial data on the possible benefit of an intensive systolic BP lowering strategy in reducing dementia and MCI in patients with T2DM.
背景:高血压和糖尿病都是痴呆症的风险因素。适当地管理血压(BP)和血糖是延缓老年人认知下降的关键。然而，对于2型糖尿病(T2DM)认知减退管理的最佳BP目标值知之甚少。 方法:BPROAD研究是一项全国性多中心随机对照试验，将招募12,702名T2DM患者。这些患者来自中国大陆约150个研究中心，患者的收缩压升高，心血管风险增加。所有BPROAD参与者将参加BPROAD认知研究，以评估基线和年度访问时的认知功能，由盲态的结果评估员确定与标准BP治疗相比，强化BP治疗是否可降低T2DM患者的痴呆和轻度认知障碍(MCI)风险。此外，约1,000名BPROAD参与者将参加磁共振成像(MRI)亚组研究，在基线和4年随访中接受脑部MRI检查。BPROAD认知研究的主要结果是所有原因的痴呆症和MCI的复合指标。 结论:BPROAD认知研究将为减少T2DM患者的痴呆症和MCI提供关键的临床试验数据。.",0
28903922,[No Abstract],"Clinical study with unspecified population, interventions, and outcomes.",8666561,An open-label trial of nefazodone in high comorbidity panic disorder.,"Nefazodone is a recently marketed compound with demonstrated efficacy in major depression. This study was undertaken to assess the efficacy and safety of nefazodone in a sample of panic disorder patients with a high degree of depressive comorbidity.
Fourteen patients were screened for entry into an open 8-week trial of nefazodone clinically titrated between 200-600 mg. Patients fulfilled DSM-III-R criteria for panic disorder and were allowed to enter with concurrent diagnoses of major depression, dysthymia, generalized anxiety disorder, and depression NOS. Primary outcome measures included panic attack frequency and severity and the Clinical Global Impression scale.
At Week 8 of treatment, 10/14 patients (71%) were judged to be much or very much improved with study treatment. Panic attack frequency decreased from a mean of 5.4 at baseline to 2.1 at Week 8, reaching significance by Week 8 (p < .05) as did decreases in phobic anxiety. Improvement in panic attack severity, phobic avoidance, HAM-D, HAM-A, CGI-Severity, and Sheehan Disability Scale scores was significant by Week 4. Five of the 8 patients with comorbid major depression were responders, as were 3/5 patients with generalized anxiety disorder comorbidity. Five of 6 patients with pure panic or minor depressive symptoms responded to the study treatment. None of the patients withdrew because of side effects of nefazodone.
This report presents preliminary evidence for the efficacy and tolerability of nefazodone in panic disorder and panic with comorbid depression or depressive symptoms.",0
22226047,"Despite widespread use of intrapartum antibiotic prophylaxis, group B streptococcus remains a leading cause of morbidity and mortality in infants in Europe, the Americas, and Australia. However, estimates of disease burden in many countries outside of these regions is not available. We aimed to examine the current global burden of invasive disease and the serotype distribution of group B streptococcus isolates.
We searched Medline, Embase, and Wholis databases for studies on invasive early-onset (day 0-6) and late-onset (day 7-89) group B streptococcal disease. Eligible studies were those that described incidence, deaths, or serotypes. We also reviewed reference lists and contacted experts to seek unpublished data and data missed by our search. Random effects meta-analysis was used to pool data.",Global burden and serotype distribution of invasive group B streptococcal disease in neonates with early-onset and late-onset infection across different geographic regions.,9534974,Serotype distribution of invasive group B streptococcal isolates in Maryland: implications for vaccine formulation. Maryland Emerging Infections Program.,"Invasive group B streptococcal (GBS) infection is a major health problem among infants and adults. The formulation of GBS vaccines depends on knowledge of the GBS serotype distribution. Serotype V GBS infection appears to have recently emerged, suggesting that the serotype distribution changes over time. GBS isolates from 210 pediatric patients, 23 pregnant women, and 314 nonpregnant adults with invasive infection in Maryland were studied. The predominant serotypes from infants with early-onset disease were as follows: serotype III, 38% of isolates; serotype Ia, 36%; serotype V, 13%; and serotype II, 11%. Although the majority (60%) of isolates among infants with late-onset infection were serotype III, serotype Ia (23%) was also common. The predominant serotype among isolates from nonpregnant adult patients was serotype V, accounting for 29% of the isolates. The serotype distribution differs between pediatric patients and adults and is changing over time. The inclusion of a relatively small number of serotypes in a GBS vaccine could provide protection against the vast majority of isolates.",0
26903336,"Septic shock currently refers to a state of acute circulatory failure associated with infection. Emerging biological insights and reported variation in epidemiology challenge the validity of this definition.
To develop a new definition and clinical criteria for identifying septic shock in adults.
The Society of Critical Care Medicine and the European Society of Intensive Care Medicine convened a task force (19 participants) to revise current sepsis/septic shock definitions. Three sets of studies were conducted: (1) a systematic review and meta-analysis of observational studies in adults publis",Development and validation of revised clinical criteria and definition for septic shock in adults with acute circulatory failure and infection.,30518642,Prolonged length of stay in the emergency department and increased risk of hospital mortality in patients with sepsis requiring ICU admission.,"Delayed patient admission to the intensive care unit (ICU) from the ED is common in China. Patients with severe sepsis or septic shock requiring ICU admission are in need of specialised monitoring and tailored treatment. Delayed admission to the ICU might be associated with adverse clinical outcomes for patients with sepsis.
Patients with sepsis admitted to the ICU from the ED from January 2010 to April 2018 were retrospectively identified from a clinical data warehouse. The primary endpoint was in-hospital mortality. Length of stay in ED (EDLOS) was compared between survivors and non-survivors. A multivariable regression model was employed to adjust for potential confounding due to patient clinical condition.
A total of 1997 patients, including 473 non-survivors and 1524 survivors, were included. The crude mortality rate for patients with EDLOS <6 hours was 21.4%, which was significantly lower than patients with EDLOS of 12-24 hours (31.9%), and those with EDLOS >24 hours (31.8%). After adjusting for PaO
Our study shows that prolonged EDLOS is independently associated with increased risk of hospital mortality in patients with sepsis requiring ICU admission.",0
26868137,"To evaluate the outcomes with use of renin angiotensin system (RAS) blockers compared with other antihypertensive agents in people with diabetes.
Meta-analysis.
PubMed, Embase, and the Cochrane central register of controlled trials databases for randomized trials of RAS blockers versus other antihypertensive agents in people with diabetes mellitus. Outcomes were death, cardiovascular death, myocardial infarction, angina, stroke, heart failure, revascularization, and end stage renal disease.
The search yielded 19 randomized controlled trials that enrolled 25,414 participants with diabetes for a",RAS blockers compared to other antihypertensive agents in diabetic patients for cardiovascular and renal outcomes.,10972367,Randomised trial of effects of calcium antagonists compared with diuretics and beta-blockers on cardiovascular morbidity and mortality in hypertension: the Nordic Diltiazem (NORDIL) study.,"Calcium antagonists are a first-line treatment for hypertension. The effectiveness of diltiazem, a non-dihydropyridine calcium antagonist, in reducing cardiovascular morbidity or mortality is unclear. We compared the effects of diltiazem with that of diuretics, beta-blockers, or both on cardiovascular morbidity and mortality in hypertensive patients.
In a prospective, randomised, open, blinded endpoint study, we enrolled 10,881 patients, aged 50-74 years, at health centres in Norway and Sweden, who had diastolic blood pressure of 100 mm Hg or more. We randomly assigned patients diltiazem, or diuretics, beta-blockers, or both. The combined primary endpoint was fatal and non-fatal stroke, myocardial infarction, and other cardiovascular death. Analysis was done by intention to treat.
Systolic and diastolic blood pressure were lowered effectively in the diltiazem and diuretic and beta-blocker groups (reduction 20.3/18.7 vs 23.3/18.7 mm Hg; difference in systolic reduction p<0.001). A primary endpoint occurred in 403 patients in the diltiazem group and in 400 in the diuretic and beta-blocker group (16.6 vs 16.2 events per 1000 patient-years; relative risk 1.00 [95% CI 0.87-1.15], p=0.97). Fatal and non-fatal stroke occurred in 159 patients in the diltiazem group and in 196 in the diuretic and beta-blocker group (6.4 vs 7.9 events per 1000 patient-years; 0.80 [0.65-0.99], p=0.04) and fatal and non-fatal myocardial infarction in 183 and 157 patients (7.4 vs 6.3 events per 1000 patient-years; 1.16 [0.94-1.44], p=0.17).
Diltiazem was as effective as treatment based on diuretics, beta-blockers, or both in preventing the combined primary endpoint of all stroke, myocardial infarction, and other cardiovascular death.",0
33472813,"To investigate the efficacy and safety of antidepressants for back and osteoarthritis pain compared with placebo.
Systematic review and meta-analysis.
Medline, Embase, Cochrane Central Register of Controlled Trials, CINAHL, International Pharmaceutical Abstracts, ClinicalTrials.gov, and the World Health Organization International Clinical Trials Registry Platform from inception to 15 November and updated on 12 May 2020.
Randomised controlled trials comparing the efficacy or safety, or both of any antidepressant drug with placebo (active or inert) in participants with low back or neck pain, sci","Antidepressants for low back pain, neck pain, and osteoarthritis pain compared with placebo: efficacy and safety outcomes.",10425979,"Trazodone in burning mouth pain: a placebo-controlled, double-blind study.","An 8-week parallel, placebo-controlled, double-blind trial evaluated the efficacy of the antidepressant trazodone in the treatment of chronic burning mouth pain.
Thirty-seven carefully selected women aged 39 to 71 (mean 58.6 years) were randomized to receive either 200 mg of trazodone or a placebo in a similar manner. Pain and pain-related symptoms were evaluated on a visual analogue scale and other measures at 0, 2, 4, and 8 weeks.
There were no significant differences between the groups in treatment effects for pain or pain-related symptoms. Seven patients in the trazodone group and 2 in the placebo group failed to complete the trial because of side effects. The most common side effects were dizziness and drowsiness.
In this controlled trial, trazodone failed to relieve burning mouth pain.",0
32199484,"Tens of millions of children are exposed to Mycobacterium tuberculosis globally every year; however, there are no contemporary estimates of the risk of developing tuberculosis in exposed children. The effectiveness of contact investigations and preventive therapy remains poorly understood.
In this systematic review and meta-analysis, we investigated the development of tuberculosis in children closely exposed to a tuberculosis case and followed for incident disease. We restricted our search to cohort studies published between Jan 1, 1998, and April 6, 2018, in MEDLINE, Web of Science, BIOSIS, a",Incidence and risk of tuberculosis disease development in children exposed to tuberculosis cases and effectiveness of contact investigations and preventive therapy.,18384228,"Lifetime prevalence of mental disorders in Lebanon: first onset, treatment, and exposure to war.","There are no published data on national lifetime prevalence and treatment of mental disorders in the Arab region. Furthermore, the effect of war on first onset of disorders has not been addressed previously on a national level, especially in the Arab region. Thus, the current study aims at investigating the lifetime prevalence, treatment, age of onset of mental disorders, and their relationship to war in Lebanon.
The Lebanese Evaluation of the Burden of Ailments and Needs Of the Nation study was carried out on a nationally representative sample of the Lebanese population (n = 2,857 adults). Respondents were interviewed using the fully structured WHO Composite International Diagnostic Interview 3.0. Lifetime prevalence of any Diagnostic and Statistical Manual of Mental Disorders, fourth edition (DSM-IV) disorder was 25.8%. Anxiety (16.7%) and mood (12.6%) were more common than impulse control (4.4%) and substance (2.2%) disorders. Only a minority of people with any mental disorder ever received professional treatment, with substantial delays (6 to 28 y) between the onset of disorders and onset of treatment. War exposure increased the risk of first onset of anxiety (odds ratio [OR] 5.92, 95% confidence interval [CI] 2.5-14.1), mood (OR 3.32, 95% CI 2.0-5.6), and impulse control disorders (OR 12.72, 95% CI 4.5-35.7).
About one-fourth of the sample (25.8%) met criteria for at least one of the DSM-IV disorders at some point in their lives. There is a substantial unmet need for early identification and treatment. Exposure to war events increases the odds of first onset of mental disorders.",0
31990319,"The tort liability system is intended to serve 3 functions: compensate patients who sustain injury from negligence, provide corrective justice, and deter negligence. Deterrence, in theory, occurs because clinicians know that they may experience adverse consequences if they negligently injure patients.
To review empirical findings regarding the association between malpractice liability risk (ie, the extent to which clinicians face the threat of being sued and having to pay damages) and health care quality and safety.
Systematic search of multiple databases for studies published between January ",Association between malpractice liability risk and healthcare quality and patient safety outcomes in clinical practice.,20666935,Analysis of birth-related medical malpractice litigation cases in Japan: review and discussion towards implementation of a no-fault compensation system.,"We examined birth-related malpractice civil litigation cases in Japan to clarify the actual status related to the implementation of an obstetrical no-fault compensation system in 2009.
In this retrospective review, we analyzed legal and medical information from 64 cases with a delivery date after 1987 and a judgment date between April 1997 and March 2007.
The malpractice claim was accepted in 44 cases and rejected in 20 cases. The period from the delivery to the judgment date was lengthy (90.1 months overall). The average amount of damages awarded was yen97 810,000 for cases of cerebral palsy (CP). Preterm births and less than 2500 g infants represented a higher incidence rate in the rejected cases. There were 32 cases (50.0%) with CP, 18 (28.1%) with infant death, 10 (15.6%) with neonatal death, and 4 (6.3%) with fetal death. Twenty-three of 44 accepted cases (52.3%) and 11/20 rejected cases (55.0%) had a gestational age of more than 33 weeks at birth and weighed more than 2000 g. Forced deliveries were performed in 45/64 cases (70.3%), and augmentation/induction of labor was performed in 28/64 cases (43.8%). There were 13/16 (81.3%) accepted cases that underwent vacuum and/or forceps extraction after labor augmentation/induction.
More than half of our cases could be sufficient for a no-fault compensation system in Japan. Though the system is considered to have some problems that need to be solved, this finding suggests that many children and their families may benefit from the new system without having to file.",0
31585960,"To map and assess prognostic models for outcome prediction in patients with chronic obstructive pulmonary disease (COPD).
Systematic review.
PubMed until November 2018 and hand searched references from eligible articles.
Studies developing, validating, or updating a prediction model in COPD patients and focusing on any potential clinical outcome.
The systematic search yielded 228 eligible articles, describing the development of 408 prognostic models, the external validation of 38 models, and the validation of 20 prognostic models derived for diseases other than COPD. The 408 prognostic models were developed in three clinical settings: outpatients (n=239; 59%), patients admitted to hospital (n=155; 38%), and patients attending the emergency department (n=14; 3%).","Prognostic prediction models for clinical outcome assessment in chronic obstructive pulmonary disease patients across outpatient, hospital, and emergency department settings.",34211292,Prognostic Value of Neutrophil:Lymphocyte and Platelet:Lymphocyte Ratios for 28-Day Mortality of Patients with AECOPD.,"Acute exacerbation of chronic obstructive pulmonary disease (AECOPD) is the most common cause of hospitalization and death among COPD patients. Clinicians are seeking simple, inexpensive, and easily obtained biomarkers for prognostic evaluation. The aim of this study was to evaluate the association of the neutrophil:lymphocyte ratio (NLR), platelet:lymphocyte ratio (PLR) and lymphocyte:monocyte ratio (LMR) with 28-day mortality and assess the clinical prognostic utility of the NLR, PLR, and LMR in patients with AECOPD.
A retrospective study was conducted from January 2017 to April 2020 at Ningbo First Hospital. Clinical characteristics, NLR, PLR, LMR, serum levels of CRP, and other data were collected. Relationships between the NLR/PLR/LMR and CRP were evaluated with Pearson's correlation test. Receiver-operating characteristic curves and area under the curve were used to assess the ability of NLR/PLR/LMR to predict 28-day mortality in patients with AECOPD. Optimal cutoff values were determined by the Youden index. Univariate and multivariate logistic regression analysis were used to identify risk factors for 28-day mortality in patients with AECOPD.
By reviewing the medical case records, we collected 533 cases diagnosed with AECOPD for analysis. Death had occurred in 48 (9%) patients within 28 days. Univariate analysis identified age, smoking history, FEV
Our results indicated that the NLR and PLR were associated with 28-day mortality in patients with AECOPD. These ratios may serve as prognostic biomarkers for short-term mortality in patients hospitalized with AECOPD.",0
28348110,[No Abstract],"Clinical study with unspecified population, interventions, and outcomes.",11792776,Treatment of syndesmotic disruptions of the ankle with bioabsorbable screw fixation.,"Bioabsorbable implants have restricted indications because of their unique biochemical properties and their inferior biomechanical properties compared with those of conventional metallic implants. The purpose of this prospective study was to assess the efficacy of screws made of polylevolactic acid (PLLA) in the treatment of syndesmotic disruptions associated with ankle fractures and fracture-dislocations.
Thirty-three consecutive patients with a syndesmotic disruption were managed with standard metallic plate-and-screw fixation of the malleolar fracture and with 4.5-mm polylevolactic acid screws, with purchase in four cortices, for fixation of the syndesmosis. Intraoperative radiographs confirmed reduction of the syndesmosis, and all of the patients were managed with a non-weight-bearing plaster splint or brace for six weeks. Clinical and radiographic assessment and functional evaluation with use of the Olerud-Molander scoring system were performed at the time of follow-up.
Ten patients were lost to follow-up prior to the twenty-four-month evaluation, leaving twenty-three patients with an average duration of follow-up of thirty-four months (range, twenty-four to forty-three months). All of the malleolar fractures healed in an anatomical position at an average of three months, and no postoperative displacement of the syndesmosis or widening of the medial clear space was detectable on radiographs. No episodes of osteolysis or late inflammation secondary to the hydrolyzed polylactide occurred. Nineteen patients (83%) had an excellent result, and four patients (17%) had a good result. All twenty-three patients returned to their preinjury level of work and activities of daily living. No patient had malunion, nonunion, loss of reduction, or complications attributable to the biomechanical or biochemical properties of the implants.
Polylevolactic acid screws are effective in stabilizing disruption of the syndesmosis during healing of unstable ankle fractures. In this small series, the bioabsorbable screw was well tolerated, and there was no need for a second operation to remove it.",0
31727627,"To assess the efficacy and safety of different endoscopic surgical treatments for benign prostatic hyperplasia.
Systematic review and network meta-analysis of randomised controlled trials.
A comprehensive search of PubMed, Embase, and Cochrane databases from inception to 31 March 2019.
Randomised controlled trials comparing vapourisation, resection, and enucleation of the prostate using monopolar, bipolar, or various laser systems (holmium, thulium, potassium titanyl phosphate, or diode) as surgical treatments for benign prostatic hyperplasia. The primary outcomes were the maximal flow rate (Q","Efficacy and safety of endoscopic surgical treatments for benign prostatic hyperplasia including vapourisation, resection, and enucleation using monopolar, bipolar, and laser systems.",28952693,[Laser enucleation of the prostate (HOLEP and THULEP): a comparative effectiveness analysis in treating recurrent prostatic hyperplasia].,"The estimated recurrence rate of benign prostatic hyperplasia (BPH) after transurethral resection of the prostate is about 5 to 15%. Laser enucleation of the prostate results in a much lower recurrence rate (not exceeding 1-1.5%). At the same time, laser enucleation of the prostate is still not widely used for recurrent prostatic hyperplasia since it believed to be technically difficult in cases.
To describe the distinctive features of thulium and holmium laser enucleations of the prostate in the management of recurrent BPH and show that the technical difficulties are not an obstacle to the wide application of this technique.
This was a retrospective study comprising 676 patients aged 54 to 87 years with clinically pronounced infravesical obstruction due to prostatic hyperplasia (IPSS>20, Qmax<10). All patients were divided into four groups. Groups 1 (n=489) and 3 (n=153) underwent holmium (HoLEP) and thulium (ThuLEP) laser enucleations of the prostate, respectively. Groups 2 (n=23) and 4 (n=11) included patients with BPH recurrence after HoLEP (group 2) and ThuLEP (group 4). All patients underwent diagnostic evaluation at baseline and at 6 months after surgery.
The mean ThuLEP operating time was shorter than that of HoLEP (p=0.02). The mean duration of repeat and primary ThuLEP and HoLEP did not differ statistically significantly (p>0.05). There was no difference in the length of hospitalization and catheterization between the four groups (p>0.05). At six months after surgery, a statistically significant improvement in I-PSS, Qmax, QoL, and RUV was observed in all groups compared with preoperative values (p>0.05)).
We found that the technical difficulties of the re-operation, such as the difficult separation of adenomatous tissue from the prostate capsule, the multinodular nature of the adenoma, increased tissue density are easy to overcome and do not confer a significant complexity. In turn, better completeness of resection, low complication and recurrence rates and the possibility of surgery, even in elderly patients with multiple comorbidities - these features allow us to conclude that laser enucleation of the prostate is not only an effective treatment for infravesical obstruction due to benign prostatic hyperplasia, but is also a method of choice in the treatment of patients with recurrent BPH.",0
30917990,"To estimate the comparative clinical efficacy and acceptability of non-surgical brain stimulation for the acute treatment of major depressive episodes in adults.
Systematic review with pairwise and network meta-analysis.
Electronic search of Embase, PubMed/Medline, and PsycINFO up to 8 May 2018, supplemented by manual searches of bibliographies of several reviews (published between 2009 and 2018) and included trials.
Clinical trials with random allocation to electroconvulsive therapy (ECT), transcranial magnetic stimulation (repetitive (rTMS), accelerated, priming, deep, and synchronised), the",Non-surgical brain stimulation including electroconvulsive therapy and transcranial magnetic stimulation for acute treatment of major depressive episodes in adults: comparative efficacy and acceptability.,17935639,A randomized controlled trial with 4-month follow-up of adjunctive repetitive transcranial magnetic stimulation of the left prefrontal cortex for depression.,"Effectiveness of repetitive transcranial magnetic stimulation (rTMS) for major depression is unclear. The authors performed a randomized controlled trial comparing real and sham adjunctive rTMS with 4-month follow-up.
Fifty-nine patients with major depression were randomly assigned to a 10-day course of either real (n=29) or sham (n=30) rTMS of the left dorsolateral prefrontal cortex (DLPFC). Primary outcome measures were the 17-item Hamilton Depression Rating Scale (HAMD) and proportions of patients meeting criteria for response (50% reduction in HAMD) and remission (HAMD8) after treatment. Secondary outcomes included mood self-ratings on Beck Depression Inventory-II and visual analogue mood scales, Brief Psychiatric Rating Scale (BPRS) score, and both self-reported and observer-rated cognitive changes. Patients had 6-week and 4-month follow-ups.
Overall, Hamilton Depression Rating Scale (HAMD) scores were modestly reduced in both groups but with no significant groupxtime interaction (p=0.09) or group main effect (p=0.85); the mean difference in HAMD change scores was -0.3 (95% CI -3.4 to 2.8). At end-of-treatment time-point, 32% of the real group were responders compared with 10% of the sham group (p=0.06); 25% of the real group met the remission criterion compared with 10% of the sham group (p=0.2); the mean difference in HAMD change scores was 2.9 (95% CI -0.7 to 6.5). There were no significant differences between the two groups on any secondary outcome measures. Blinding was difficult to maintain for both patients and raters.
Adjunctive rTMS of the left DLPFC could not be shown to be more effective than sham rTMS for treating depression.",1
30326495,"Burnout is a self-reported job-related syndrome increasingly recognized as a critical factor affecting physicians and their patients. An accurate estimate of burnout prevalence among physicians would have important health policy implications, but the overall prevalence is unknown.
To characterize the methods used to assess burnout and provide an estimate of the prevalence of physician burnout.
Systematic search of EMBASE, ERIC, MEDLINE/PubMed, psycARTICLES, and psycINFO for studies on the prevalence of burnout in practicing physicians (ie, excluding physicians in training) published before Jun",Prevalence of burnout syndrome among practicing physicians assessed using standardized measurement instruments and methods.,32667434,Burnout syndrome among healthcare professionals in intensive care units: a cross-sectional population-based study.,"To assess the prevalence of and factors associated with Burnout syndrome among intensive care unit professionals.
In this cross-sectional population-based study, a questionnaire assessing sociodemographic, behavioral, and occupational data was administered to 241 nurses and physicians working in 17 public intensive care units in São Luis (MA), Brazil. The Maslach Burnout Inventory - Human Services Survey was used to identify Burnout syndrome based on Maslach's and Grunfeld's criteria. The prevalence of each dimension of the syndrome was estimated with a 95% confidence interval. Associations were estimated by the odds ratios via multiple logistic regression analyses (α = 5%).
The prevalence of Burnout syndrome was 0.41% (0.01 - 2.29) according to Maslach's criteria and 36.9% (30.82 - 43.36) according to Grunfeld's criteria. Infant intensive care unit professionals were more likely to develop emotional exhaustion than other intensive care professionals (OR = 3.16). Respondents over the age of 35 were less likely to develop emotional exhaustion (OR = 0.32) and depersonalization (OR = 0.06). Longer working hours in intensive care units were associated with a reduced sense of personal accomplishment (OR = 1.13). Among nurses, males had a lower sense of professional accomplishment, and not exercising regularly was associated with more emotional exhaustion and less depersonalization. Among physicians, working in infant and cardiology intensive care units made them less likely to have a reduced sense of personal accomplishment, and physicians without a postgraduate degree who worked in intensive care units had a higher chance of having a lower sense of personal accomplishment.
This study demonstrated the low prevalence of Burnout syndrome. Most of the professionals reported low levels for each dimension of Burnout, including low levels of emotional exhaustion, low levels of depersonalization, and a lower likelihood of having a reduced sense of personal accomplishment. Nurses and physicians have different characteristics associated with Burnout syndrome.
Avaliar a prevalência e os fatores associados com a síndrome de 
Estudo transversal com base populacional. Aplicou-se um questionário sociodemográfico, comportamental e ocupacional a 241 enfermeiros e médicos atuantes em 17 unidades de terapia intensiva públicas na cidade de São Luís (MA). Utilizou-se o 
A prevalência da síndrome de 
Este estudo demonstrou baixa prevalência da síndrome de ",0
31585960,"To map and assess prognostic models for outcome prediction in patients with chronic obstructive pulmonary disease (COPD).
Systematic review.
PubMed until November 2018 and hand searched references from eligible articles.
Studies developing, validating, or updating a prediction model in COPD patients and focusing on any potential clinical outcome.
The systematic search yielded 228 eligible articles, describing the development of 408 prognostic models, the external validation of 38 models, and the validation of 20 prognostic models derived for diseases other than COPD. The 408 prognostic models were developed in three clinical settings: outpatients (n=239; 59%), patients admitted to hospital (n=155; 38%), and patients attending the emergency department (n=14; 3%).","Prognostic prediction models for clinical outcome assessment in chronic obstructive pulmonary disease patients across outpatient, hospital, and emergency department settings.",38762800,Bisoprolol in Patients With Chronic Obstructive Pulmonary Disease at High Risk of Exacerbation: The BICS Randomized Clinical Trial.,"Chronic obstructive pulmonary disease (COPD) is a leading cause of morbidity and mortality worldwide. Observational studies report that β-blocker use may be associated with reduced risk of COPD exacerbations. However, a recent trial reported that metoprolol did not reduce COPD exacerbations and increased COPD exacerbations requiring hospital admission.
To test whether bisoprolol decreased COPD exacerbations in people with COPD at high risk of exacerbations.
The Bisoprolol in COPD Study (BICS) was a double-blind placebo-controlled randomized clinical trial conducted in 76 UK sites (45 primary care clinics and 31 secondary clinics). Patients with COPD who had at least moderate airflow obstruction on spirometry (ratio of forced expiratory volume in the first second of expiration [FEV1] to forced vital capacity <0.7; FEV1 <80% predicted) and at least 2 COPD exacerbations treated with oral corticosteroids, antibiotics, or both in the prior 12 months were enrolled from October 17, 2018, to May 31, 2022. Follow-up concluded on April 18, 2023.
Patients were randomly assigned to bisoprolol (n = 261) or placebo (n = 258). Bisoprolol was started at 1.25 mg orally daily and was titrated as tolerated during 4 sessions to a maximum dose of 5 mg/d, using a standardized protocol.
The primary clinical outcome was the number of patient-reported COPD exacerbations treated with oral corticosteroids, antibiotics, or both during the 1-year treatment period. Safety outcomes included serious adverse events and adverse reactions.
Although the trial planned to enroll 1574 patients, recruitment was suspended from March 16, 2020, to July 31, 2021, due to the COVID-19 pandemic. Two patients in each group were excluded postrandomization. Among the 515 patients (mean [SD] age, 68 [7.9] years; 274 men [53%]; mean FEV1, 50.1%), primary outcome data were available for 514 patients (99.8%) and 371 (72.0%) continued taking the study drug. The primary outcome of patient-reported COPD exacerbations treated with oral corticosteroids, antibiotics, or both was 526 in the bisoprolol group, with a mean exacerbation rate of 2.03/y, vs 513 exacerbations in the placebo group, with a mean exacerbation rate of 2.01/y. The adjusted incidence rate ratio was 0.97 (95% CI, 0.84-1.13; P = .72). Serious adverse events occurred in 37 of 255 patients in the bisoprolol group (14.5%) vs 36 of 251 in the placebo group (14.3%; relative risk, 1.01; 95% CI, 0.62-1.66; P = .96).
Among people with COPD at high risk of exacerbation, treatment with bisoprolol did not reduce the number of self-reported COPD exacerbations requiring treatment with oral corticosteroids, antibiotics, or both.
isrctn.org Identifier: ISRCTN10497306.",0
33472813,"To investigate the efficacy and safety of antidepressants for back and osteoarthritis pain compared with placebo.
Systematic review and meta-analysis.
Medline, Embase, Cochrane Central Register of Controlled Trials, CINAHL, International Pharmaceutical Abstracts, ClinicalTrials.gov, and the World Health Organization International Clinical Trials Registry Platform from inception to 15 November and updated on 12 May 2020.
Randomised controlled trials comparing the efficacy or safety, or both of any antidepressant drug with placebo (active or inert) in participants with low back or neck pain, sci","Antidepressants for low back pain, neck pain, and osteoarthritis pain compared with placebo: efficacy and safety outcomes.",19411388,"Efficacy, safety, and tolerability of the cyclooxygenase-inhibiting nitric oxide donator naproxcinod in treating osteoarthritis of the hip or knee.","Naproxcinod, a cyclooxygenase-inhibiting nitric oxide donator antiinflammatory drug, was evaluated in this phase 2, double-blind, randomized, parallel group study to determine its optimal dose in patients with osteoarthritis (OA).
In total 543 patients with OA of the hip or knee were randomized to receive naproxcinod 750 mg once daily (qd), 750 mg twice daily (bid), 1125 mg bid, rofecoxib 25 mg qd, or placebo for 6 weeks. The primary efficacy variable was the within-patient change from baseline to the average of Weeks 4 and 6 in WOMAC pain subscale score. Treatment-group differences were compared using ANCOVA with factors for treatment and country, and baseline pain subscale score as a covariate. Safety endpoints included vital signs and adverse events. Treatment-group differences in mean change from baseline to Week 6 in systolic blood pressure (SBP) were compared using an ANCOVA with treatment and country as fixed factors and baseline SBP as covariate.
All active treatments showed statistically significant reductions in WOMAC pain score compared to placebo (p<or=0.02). Naproxcinod was well tolerated. The 750 mg bid dose appeared to have the best balance of benefit versus safety. All 3 naproxcinod doses showed a reduction in SBP, while an increase was shown for rofecoxib. The changes for the naproxcinod groups were statistically significantly better compared to rofecoxib (p<or=0.02).
This dose-finding study identified naproxcinod 750 mg bid as the upper dose for further therapeutic confirmatory clinical trials. Naproxcinod at all doses decreased mean SBP compared to an increase with rofecoxib.",0
31727627,"To assess the efficacy and safety of different endoscopic surgical treatments for benign prostatic hyperplasia.
Systematic review and network meta-analysis of randomised controlled trials.
A comprehensive search of PubMed, Embase, and Cochrane databases from inception to 31 March 2019.
Randomised controlled trials comparing vapourisation, resection, and enucleation of the prostate using monopolar, bipolar, or various laser systems (holmium, thulium, potassium titanyl phosphate, or diode) as surgical treatments for benign prostatic hyperplasia. The primary outcomes were the maximal flow rate (Q","Efficacy and safety of endoscopic surgical treatments for benign prostatic hyperplasia including vapourisation, resection, and enucleation using monopolar, bipolar, and laser systems.",19178175,Management of large (>60 g) prostate gland: PlasmaKinetic Superpulse (bipolar) versus conventional (monopolar) transurethral resection of the prostate.,"Today, urologists around the world are encountering greater numbers of larger prostate glands, probably because of an initial trial of pharmacotherapy. The present study was performed to assess the safety and efficacy of bipolar transurethral resection of large prostate glands using the PlasmaKinetic (PK) Superpulse System.
This single-blind, randomized study included 70 patients with prostate gland >60 g seen on three-dimensional transrectal ultrasonography. Patients were randomized 1:1 using envelopes into either a PK Superpulse transurethral resection of the prostate (TURP) group or conventional TURP group, and underwent the procedure accordingly. Perioperative and postoperative parameters included operative time, blood loss, need for blood transfusion, clinical transurethral resection (TUR) syndrome, and duration of catheterization and hospitalization. Of 70 patients, 67 were followed for a minimum of 9 months, and data were analyzed using SPSS software.
Both groups were comparable in terms of preoperative parameters, which included American Urological Association Symptom Score, Qmax, gland size, and postvoid residual. A statistically significant difference between the two groups was found in terms of perioperative blood loss, change in serum sodium, and duration of catheterization. These complications were significantly less in the PK Superpulse group, with an obvious reduction in the duration of hospitalization in that group.
The PK Superpulse System can be used as safely and effectively in the resection of the large gland (>60 g) as it has been reported to be in the resection of small and medium-sized glands. By using physiologic saline (0.9% NaCl) as irrigation fluid, it eliminates any danger of TUR syndrome and thus eliminates the conventional time limit of resection. PK Superpulse TURP is a promising treatment modality in the management of large prostate glands. It has all the features of gold-standard monopolar TURP, along with added safety and efficacy. It is ready to be included in the urologist's armamentarium.",1
25006006,"To assess the association between leucocyte telomere length and risk of cardiovascular disease.
Systematic review and meta-analysis.
Studies published up to March 2014 identified through searches of Medline, Web of Science, and Embase.
Prospective and retrospective studies that reported on associations between leucocyte telomere length and coronary heart disease (defined as non-fatal myocardial infarction, coronary heart disease death, or coronary revascularisation) or cerebrovascular disease (defined as non-fatal stroke or death from cerebrovascular disease) and were broadly representative of",Leucocyte telomere length as a biomarker for cardiovascular disease risk including coronary heart disease and cerebrovascular disease outcomes.,19644062,"Gene variation of the transient receptor potential cation channel, subfamily M, member 7 (TRPM7), and risk of incident ischemic stroke: prospective, nested, case-control study.","Transient receptor potential cation channel, subfamily M, member 7 (TRPM7), has been implicated in ischemic brain damage, a major source of morbidity and mortality in westernized society. We hypothesized that TRPM7 gene variation might play a role in the risk of ischemic stroke.
From a group of DNA samples collected at baseline in a prospective cohort of 14 916 initially healthy American men, we assessed 16 TRPM7 tag-single-nucleotide polymorphisms (SNPs) (dbSNP: rs11854949, rs4775899, rs11635825, rs12905120, rs16973487, rs7173321, rs7163283, rs17520378, rs17520350, rs4775892, rs7174839, rs17645523, rs3109894, rs616256, rs11070795, and rs313158) from 245 white men who subsequently had an incident ischemic stroke and from 245 age- and smoking habit-matched white men who remained free of reported vascular disease during follow-up (controls).
All SNPs examined were in Hardy-Weinberg equilibrium. Overall allele, genotype, and haplotype distributions were similar between cases and controls. Marker-by-marker conditional logistic-regression analysis, adjusted for potential risk factors, showed no evidence for an association between any of the SNPs tested and ischemic stroke. Further investigation with an Entropy Blocker-defined, haplotype-based approach showed similar null findings. Prespecified analysis limited to participants without baseline diabetes and hypertension (ie, low-risk group) again showed similar null findings.
The present prospective investigation provides no evidence of a role for the TRPM7 gene in the risk of incident ischemic stroke.",0
30884526,"Urinary incontinence (UI), a common malady in women, most often is classified as stress, urgency, or mixed.
To compare the effectiveness of pharmacologic and nonpharmacologic interventions to improve or cure stress, urgency, or mixed UI in nonpregnant women.
MEDLINE, Cochrane Central Register of Controlled Trials (Wiley), Cochrane Database of Systematic Reviews (Wiley), EMBASE (Elsevier), CINAHL (EBSCO), and PsycINFO (American Psychological Association) from inception through 10 August 2018.
84 randomized trials that evaluated 14 categories of interventions and reported categorical cure or imp",Pharmacologic and nonpharmacologic interventions for stress urgency or mixed urinary incontinence in nonpregnant women with cure or improvement outcomes.,1781626,[Perineal retraining in urinary stress incontinence].,"Twenty patients suffering from urinary stress incontinence were treated by perineal reeducation. The assessment included a medical and urological questionnaire, a physical examination, a urine analysis and culture, a cystoscopy, urinary flow and cystometry, a urethral pressure profile and a subjective evaluation of the perineal musculature. The 20 patients selected had documented stress incontinence, had never been operated on for incontinence and had a stable bladder at urodynamic assessment. Treatment was identical for all patients and included 12 biofeedback and electrostimulation sessions over a 4 to 6 week period. The questionnaire, urodynamic and perineal assessment were repeated at the end of treatment. No complication occurred. Micturition frequency decreased in all patients. Clinical correction of incontinence was observed in ten patients, improvement in nine and no change in one for an overall cure or improvement rate of 95%. The urethrocystocele evaluation did not change. Perineal evaluation and urodynamic parameters were only slightly improved. At follow-up evaluation 6 to 9 months post treatment, a 75% cure or improvement rate was still present. Perineal reeducation is a non morbid and effective modality to correct urinary stress incontinence. Its long term efficacy and its use for other types of incontinence has to be demonstrated.",0
22777524,"Patients with diabetes mellitus need information about the effectiveness of innovations in insulin delivery and glucose monitoring.
To review how intensive insulin therapy (multiple daily injections [MDI] vs. rapid-acting analogue-based continuous subcutaneous insulin infusion [CSII]) or method of monitoring (self-monitoring of blood glucose [SMBG] vs. real-time continuous glucose monitoring [rt-CGM]) affects outcomes in types 1 and 2 diabetes mellitus.
MEDLINE, EMBASE, and the Cochrane Central Register of Controlled Trials through February 2012 without language restrictions.
33 randomized, co",Intensive insulin therapy with multiple daily injections versus continuous subcutaneous insulin infusion and self-monitoring of blood glucose versus real-time continuous glucose monitoring in type 1 and type 2 diabetes mellitus.,26292721,Design and rationale of the IN CONTROL trial: the effects of real-time continuous glucose monitoring on glycemia and quality of life in patients with type 1 diabetes mellitus and impaired awareness of hypoglycemia.,"Hypoglycemia is the main side effect of intensified insulin therapy in type 1 diabetes and recognized as a limitation in achieving glycemic targets. Patients with impaired awareness of hypoglycemia have a threefold to sixfold increased risk of severe hypoglycemia. Real-time continuous glucose monitoring may help patients with type 1 diabetes to achieve better glycemic control with less hypoglycemic episodes. Accordingly, one may hypothesize that particularly type 1 diabetes mellitus patients with impaired awareness of hypoglycemia will profit most from this technology with improvements in their quality of life. However, this has not yet been established. This trial aims to study the effect of real-time continuous glucose monitoring on glycemia and quality of life specifically in type 1 diabetes mellitus patients with established impaired awareness of hypoglycemia.
This is a two-center, randomized, cross-over trial with a 12-week wash-out period in between intervention periods. A total of 52 type 1 diabetes mellitus patients with impaired awareness of hypoglycemia according to Gold et al. criteria will be randomized to receive real-time continuous glucose monitoring or blinded continuous glucose monitoring for 16 weeks. After a wash-out period, patients will cross over to the other intervention. The primary outcome measure is time spent in euglycemia. Secondary outcomes include (diabetes-specific) markers of quality of life and other glycemic variables.
It remains unclear whether patients with type 1 diabetes and impaired awareness of hypoglycemia benefit from real-time continuous glucose monitoring in real-life. This study will provide insight into the potential benefits of real-time continuous glucose monitoring in this patient population.
Clinicaltrials.gov: NCT01787903.",0
26830055,"Iodine contrast media are essential components of many imaging procedures. An important potential side effect is contrast-induced nephropathy (CIN).
To compare CIN risk for contrast media within and between osmolality classes in patients receiving diagnostic or therapeutic imaging procedures.
PubMed, EMBASE, Cochrane Library, Clinical Trials.gov, and Scopus through June 2015.
Randomized, controlled trials that reported CIN-related outcomes in patients receiving low-osmolar contrast media (LOCM) or iso-osmolar contrast media for imaging.
Independent study selection and quality assessment by 2 r",Contrast-induced nephropathy risk comparison between low-osmolar and iso-osmolar contrast media in patients undergoing diagnostic or therapeutic imaging procedures.,21672370,Assessment of urinary N-acetyl-β-glucosaminidase as an early marker of contrast-induced nephropathy.,"Early detection and timely intervention are important for improving contrast-induced nephropathy (CIN) prognosis. Whether urinary N-acetyl-β-glucosaminidase (NAG) is a useful marker for early detection of CIN was investigated in 590 patients undergoing diagnostic coronary angiography (CA) and/or therapeutic percutaneous coronary intervention (PCI) for acute coronary syndromes or stable angina, and who received low-osmolality nonionic contrast agent. Urinary NAG, osmolality and serum creatinine were measured before and 1, 2 and 6 days after contrast agent exposure. CIN occurred in 33 patients; its incidence in high-risk patients (pre-existing renal dysfunction with/without diabetes mellitus) was significantly higher than in others. In patients with CIN, urinary NAG and serum creatinine levels on days 1 and 2 were significantly higher than at baseline and compared with patients without CIN; mean levels were gradually returning to baseline by day 6. Compared with serum creatinine, urinary NAG levels peaked earlier in CIN patients and increased much more. The results suggest that, following CA and/or PCI, CIN occurs to a certain degree and that NAG may be a useful early CIN marker as it is noninvasive, simple, inexpensive and sensitive.",0
32371466,"To examine the psychological effects on clinicians of working to manage novel viral outbreaks, and successful measures to manage stress and psychological distress.
Rapid review and meta-analysis.
Cochrane Central Register of Controlled Trials, PubMed/Medline, PsycInfo, Scopus, Web of Science, Embase, and Google Scholar, searched up to late March 2020.
Any study that described the psychological reactions of healthcare staff working with patients in an outbreak of any emerging virus in any clinical setting, irrespective of any comparison with other clinicians or the general population.",Psychological effects and stress management interventions for healthcare workers during novel viral outbreaks and emerging infectious disease epidemics.,15200809,SARS in hospital emergency room.,"Thirty-one cases of severe acute respiratory syndrome (SARS) occurred after exposure in the emergency room at the National Taiwan University Hospital. The index patient was linked to an outbreak at a nearby municipal hospital. Three clusters were identified over a 3-week period. The first cluster (5 patients) and the second cluster (14 patients) occurred among patients, family members, and nursing aids. The third cluster (12 patients) occurred exclusively among healthcare workers. Six healthcare workers had close contact with SARS patients. Six others, with different working patterns, indicated that they did not have contact with a SARS patient. Environmental surveys found 9 of 119 samples of inanimate objects to be positive for SARS coronavirus RNA. These observations indicate that although transmission by direct contact with known SARS patients was responsible for most cases, environmental contamination with the SARS coronavirus may have lead to infection among healthcare workers without documented contact with known hospitalized SARS patients.",0
23420235,"Glaucoma is an acquired degeneration of the optic nerve and a leading cause of blindness worldwide. Medical and surgical treatments that decrease intraocular pressure may prevent visual impairment and blindness.
To compare the effectiveness of medical, laser, and surgical treatments in adults with open-angle glaucoma with regard to decreasing intraocular pressure and preventing optic nerve damage, vision loss, and visual impairment.
MEDLINE, CENTRAL, and an existing database for systematic reviews (through 2 March 2011); MEDLINE, EMBASE, LILACS, and CENTRAL for primary studies (through 30 July",Effectiveness of medical laser and surgical treatments in open-angle glaucoma for reducing intraocular pressure and preventing optic nerve damage and vision loss.,15629835,Quality of life after macular translocation with 360 degrees peripheral retinectomy for age-related macular degeneration.,"To determine patients' quality of life (QOL) after macular translocation with 360 degrees peripheral retinectomy (MT360) for age-related macular degeneration.
Prospective, interventional, consecutive, noncomparative case series.
A prospective study assessed QOL 1 year after MT360 and its relation to postoperative visual function. The 25-item National Eye Institute Visual Function Questionnaire (NEI VFQ-25) and the Medical Outcomes Study 12-item short form (SF-12) health survey were used to assess vision-related QOL and general health, respectively. Surveys were administered preoperatively and postoperatively. Postoperative NEI VFQ-25 QOL and SF-12 subscale scores for all patients were compared with the preoperative scores. Preoperative and postoperative distance and near visual acuities (VAs) and reading speed were assessed. Changes in NEI VFQ-25 QOL subscale scores were compared in patients with and without improved visual function. Postoperative NEI VFQ-25 QOL subscale scores in patients with distance VA of >or=69 Early Treatment Diabetic Retinopathy Study letters, near VA of >or=20/70, and reading speed of >or=90 words per minute were compared with subscale scores in patients with worse postoperative visual function.
National Eye Institute VFQ-25 and SF-12 QOL scores and their association with distance VA, near VA, and reading speed.
In total, 50 patients with a mean age of 76.9 years were studied. Postoperative mean NEI VFQ-25 QOL scores were higher than the preoperative mean scores, and this difference was significant for important vision-specific subscales. Patients with improved visual function had greater mean changes in NEI VFQ-25 QOL scores than those with no improvement. Patients with the outlined higher levels of visual function had greater mean NEI VFQ-25 QOL scores than those who had worse visual function. Preoperative and postoperative mean SF-12 QOL scores were similar.
Macular translocation with 360 degrees peripheral retinectomy was associated with improvement in vision-related QOL. The amount of improvement was greatest in patients with postoperative improvement in visual function, and the best postoperative vision-related QOL was seen in patients with better postoperative visual function. This was not associated with a change in patients' general health.",0
28114600,"The benefits of pay-for-performance (P4P) programs are uncertain.
To update and expand a prior review examining the effects of P4P programs targeted at the physician, group, managerial, or institutional level on process-of-care and patient outcomes in ambulatory and inpatient settings.
PubMed from June 2007 to October 2016; MEDLINE, PsycINFO, CINAHL, Business Economics and Theory, Business Source Elite, Scopus, Faculty of 1000, and Gartner Research from June 2007 to February 2016.
Trials and observational studies in ambulatory and inpatient settings reporting process-of-care, health, or utiliz","Effects of pay-for-performance programs on physician and institutional performance, process-of-care quality, and patient outcomes in ambulatory and inpatient settings.",27399144,Impact of pay-for-performance on mortality in diabetes patients in Taiwan: A population-based study.,"The impact of pay-for-performance (P4P) programs on long-term mortality for chronic illnesses, especially diabetes mellitus, has been rarely reported. Several studies described the favorable impact of P4P for diabetes mellitus on medical utilizations or intermediate outcomes. Therefore, this study aimed to investigate the impact of a P4P program on mortality in patients with type 2 diabetes.
The P4P group in this population-based cohort study was 2090 individuals with a primary diagnosis of type 2 diabetes who had been newly enrolled in the P4P program of Taiwan between January 1, 2004 and December 31, 2004. Matched by 1:1 ratio, patients in the non-P4P group were selected by propensity score matching (PSM) for sex, age, the first year of diagnosis as diabetes, and 32 other potential confounding factors. Mean (SD) age was 60.91 (12.04) years when diabetes was first diagnosed and mean (SD) duration of diabetes was 4.3 (1.9) years at baseline. The time-dependent Cox regression model was used to explore the impact of P4P on all-cause mortality.
During a mean of 5.13 years (SD = 1.07 years) of follow-up, 206 and 263 subjects died in the P4P group and the non-P4P group, respectively. After adjusting for the potential confounding factors at baseline, survival was significantly longer in the P4P group than in the non-P4P group (hazard ratio, 0.76 [95% confidence interval, 0.64-0.92], P = 0.004, by log-rank test). This decrease in mortality is equivalent to one less death for every 37 patients who were treated in the P4P program for 5.13 years. In this study, the P4P program significantly increased the medical utilization of physician visits and diabetes-related examinations, improved the adherence of oral hypoglycemic drugs during the first 3 years and that of insulin during the second 3 years, and was negatively associated with risk of cancer and chronic kidney disease. In annual health expense, there was no significant difference between P4P and non-P4P groups, P = 0.430.
As compared with control, pay-for-performance program significantly improved survival in patients with diabetes without increasing the medical cost. The P4P group had significantly lower risk of cancer and chronic kidney disease.",1
30383109,"Although sickle cell trait (SCT) is largely a benign carrier state, it may increase risk for certain clinical outcomes.
To evaluate associations between SCT and clinical outcomes in children and adults.
English-language searches of PubMed, CINAHL, the Cochrane Library, Current Contents Connect, Scopus, and Embase (1 January 1970 to 30 June 2018) and bibliographies of review articles.
Observational controlled studies (published in English) in children or adults that examined an association between SCT and any of 24 clinical outcomes specified a priori in the following 6 categories: exertion-rel",Sickle cell trait association with clinical outcomes and adverse events in children and adults compared to non-carriers.,12365091,[Influence of blood pressure profile on erythropoietin levels in diabetics].,"The purpose of this study was to investigate the relationships between 24-h BP profil and erythropoietin level in diabetics.
This study included 58 patients (26 women and 32 men, mean age: 58.7 +/- 14.6 yrs, diabetes duration: 16 +/- 11.2 yrs). Patients were divided by 24 hrs ABPM into 2 groups, one in which night-time pressures dipped by more than 10% (dippers, n = 16) and the other in which pressures dipped by less than 10% (non-dippers, n = 42) when compared to daytime pressures. Haemoglobin (Hb) and erythropoietin (EPO) levels where compared between diabetics and a control group (n = 110) and between dippers and non-dippers.
Hb concentration of diabetics was significantly lower than those of control subjects (13.5 +/- 1.5 vs 14.5 +/- 1 g/dL; p < 0.0001) but EPO levels did not differ from significant manner between these two groups. EPO concentrations were lower in dippers than in control subjects (13.7 +/- 5.4 vs 17.9 +/- 5 mU/mL; p < 0.01), but there was not significant difference in Hb levels. Non-dippers had a Hb level lower than dippers (13.1 +/- 1.5 vs 14.6 +/- 1.1 g/dL, p < 0.0001), but EPO concentrations did not differ from significant manner. Hb was correlated with between daytime and night-time BP difference (SBP: r = 0.262; p < 0.05 and DBP: r = 0.396; p < 0.002). Hb was negatively correlated with albumin excretion rate (r = -0.335, p < 0.01) and with creatinine level (r = -0.419: p < 0.001).
These data indicated that EPO production could be impaired in diabetics with abnormal diurnal BP variation. Nephropathy and cardiac autonomic dysfunction could explain these results.",0
31200992,"Existing WHO estimates of the prevalence of mental disorders in emergency settings are more than a decade old and do not reflect modern methods to gather existing data and derive estimates. We sought to update WHO estimates for the prevalence of mental disorders in conflict-affected settings and calculate the burden per 1000 population.
In this systematic review and meta-analysis, we updated a previous systematic review by searching MEDLINE (PubMed), PsycINFO, and Embase for studies published between Jan 1, 2000, and Aug 9, 2017, on the prevalence of depression, anxiety disorder, post-traumati","Prevalence and burden of mental disorders including depression, anxiety, and post-traumatic stress disorder in conflict-affected and emergency settings.",19216888,"Cumulative effect of multiple trauma on symptoms of posttraumatic stress disorder, anxiety, and depression in adolescents.","Recent literature has indicated that exposure to multiple traumatic events in adults is associated with high levels of posttraumatic stress disorder (PTSD), anxiety, and depression. Against the backdrop of stressful life events and childhood abuse and neglect, we investigated the cumulative effect of multiple trauma exposure on PTSD, anxiety, and depression in an adolescent sample.
One thousand one hundred forty 10th-grade learners from 9 Cape Town (South Africa) schools completed questionnaires on stressful life experiences; trauma exposure; and symptoms of anxiety, depression, and PTSD. Our population of interest for this study was adolescents between the ages of 14 and 18 years who had been exposed to serious, Diagnostic and Statistical Manual of Mental Disorders, Fourth Edition, qualifying traumatic events. The final sample size was thus 922.
Rates of trauma exposure, PTSD, depression, and anxiety were high. Controlling for sex, stressful life experiences in the past year, and childhood adversity, we found an effect of cumulative trauma exposure effect on PTSD and depression, with an increase in the number of traumas linearly associated with an increase in symptoms of PTSD (F((4,912)) = 7.60, P < .001) and depression (F((4,912)) = 2.77, P < .05). We did not find a cumulative effect on anxiety.
Our findings indicate that adolescents exposed to multiple traumas are more likely to experience more severe symptoms of PTSD and depression than those who experience a single event, with this effect independent of childhood adversity and everyday stressful life experiences. Exposure to multiple trauma, however, does not seem to be associated with more severe anxiety symptoms.",0
27802478,"Gout is a common type of inflammatory arthritis in patients seen by primary care physicians.
To review evidence about treatment of acute gout attacks, management of hyperuricemia to prevent attacks, and discontinuation of medications for chronic gout in adults.
Multiple electronic databases from January 2010 to March 2016, reference mining, and pharmaceutical manufacturers.
Studies of drugs approved by the U.S. Food and Drug Administration and commonly prescribed by primary care physicians, randomized trials for effectiveness, and trials and observational studies for adverse events.
Data extra","Pharmacological treatment of acute gout attacks and management of hyperuricemia to prevent recurrent attacks in adults, including efficacy, adverse events, and medication discontinuation strategies.",23673101,Etoricoxib versus indometacin in the treatment of Chinese patients with acute gouty arthritis: a randomized double-blind trial.,"Acute gout is an intensely painful, inflammatory arthritis. Although the non-steroidal anti-inflammatory drugs (NSAIDs) are widely used for this condition, the efficacy is based on only a few studies, particularly in China. We tried to assess the safety and efficacy of etoricoxib in the treatment of acute gouty arthritis in China.
A randomized, double-blind, active comparator study was conducted at 10 sites in China. Patients (n = 178; ≥ 18 years of age) with acute gouty attack (< 48 hours) were treated for 5 days with etoricoxib (120 mg/d; n = 89) or indometacin (75 mg twice daily; n = 89). The primary efficacy end point was self-assessed pain in the affected joint (0-4 point Likert scale) from days 2 - 5. Secondary end points included investigator assessments of tenderness and swelling, patient/ investigator global assessments of response to therapy, and patients discontinuing treatment. Safety was assessed by adverse events (AEs).
Etoricoxib and indometacin had comparable primary and secondary end points. Mean change difference from baseline from days 2 - 5 was 0.03 (95% confidence interval (CI) -0.19 to 0.25; P = 0.6364), which fell within the prespecified comparative bounds of -0.5 to 0.5. No severe AEs were associated with etoricoxib use. Non-severe AEs were mainly digestive and general, and most (73.7%) were mild, although they caused withdrawal of two subjects in the etoricoxib group, due to bilateral renal calculi and uronephrosis of the left kidney (unrelated to etoricoxib) and fever and chills (potentially etoricoxib-related). Overall, AEs were similar, although the absolute number of AEs in the etoricoxib group (n = 31) was less than the indometacin group (n = 34).
Etoricoxib (120 mg once daily) is effective in treating acute gout, is generally safe and well-tolerated, and is comparable in efficacy to indometacin (75 mg twice daily).",1
28348110,[No Abstract],"Clinical study with unspecified population, interventions, and outcomes.",18839377,Current management of tibial shaft fractures: a survey of 450 Canadian orthopedic trauma surgeons.,"Strategies to manage tibial fractures include nonoperative and operative approaches. Strategies to enhance healing include a variety of bone stimulators. It is not known what forms of management for tibial fractures predominate among Canadian orthopedic surgeons. We therefore asked a representative sample of orthopedic trauma surgeons about their management of tibial fracture patients.
This was a cross-sectional survey of 450 Canadian orthopedic trauma surgeons. We inquired about demographic variables and current tibial shaft fracture management strategies.
268 surgeons completed the survey, a response rate of 60%. Most respondents (80%) managed closed tibial shaft fracture operatively; 47% preferred reamed intramedullary nailing and 40% preferred unreamed. For open tibial shaft fractures, 59% of surgeons preferred reamed intramedullary nailing. Some surgeons (16%) reported use of bone stimulators for management of uncomplicated open and closed tibial shaft fractures, and almost half (45%) made use of this adjunctive modality for complicated tibial shaft fractures. Low-intensity pulsed ultrasound and electrical stimulation proved equally popular (21% each) and 80% of respondents felt that a reduction in healing time of 6 weeks or more, attributed to a bone stimulator, would be clinically important.
Current practice regarding orthopedic management of tibial shaft fractures in Canada strongly favors operative treatment with intramedullary nailing, although respondents were divided in their preference for reamed and unreamed nailing. Use of bone stimulators is common as an adjunctive modality in this injury population. Large randomized trials are needed to provide better evidence to guide clinical decision making regarding the choice of reamed or unreamed nailing for tibial shaft fractures, and to inform surgeons about the actual effect of bone stimulators.",0
32909814,"Although intensive blood pressure (BP)-lowering treatment reduces risk for cardiovascular disease, there are concerns that it might cause orthostatic hypotension (OH).
To examine the effects of intensive BP-lowering treatment on OH in hypertensive adults.
MEDLINE, EMBASE, and Cochrane CENTRAL from inception through 7 October 2019, without language restrictions.
Randomized trials of BP pharmacologic treatment (more intensive BP goal or active agent) that involved more than 500 adults with hypertension or elevated BP and that were 6 months or longer in duration. Trial comparisons were groups ass",Intensive blood pressure-lowering pharmacologic treatment effects on orthostatic hypotension risk in hypertensive adults randomized controlled trials.,9732338,Efficacy of atenolol and captopril in reducing risk of macrovascular and microvascular complications in type 2 diabetes: UKPDS 39. UK Prospective Diabetes Study Group.,"To determine whether tight control of blood pressure with either a beta blocker or an angiotensin converting enzyme inhibitor has a specific advantage or disadvantage in preventing the macrovascular and microvascular complications of type 2 diabetes.
Randomised controlled trial comparing an angiotensin converting enzyme inhibitor (captopril) with a beta blocker (atenolol) in patients with type 2 diabetes aiming at a blood pressure of <150/<85 mm Hg.
20 hospital based clinics in England, Scotland, and Northern Ireland.
1148 hypertensive patients with type 2 diabetes (mean age 56 years, mean blood pressure 160/94 mm Hg). Of the 758 patients allocated to tight control of blood pressure, 400 were allocated to captopril and 358 to atenolol. 390 patients were allocated to less tight control of blood pressure.
Predefined clinical end points, fatal and non-fatal, related to diabetes, death related to diabetes, and all cause mortality. Surrogate measures of microvascular and macrovascular disease included urinary albumin excretion and retinopathy assessed by retinal photography.
Captopril and atenolol were equally effective in reducing blood pressure to a mean of 144/83 mm Hg and 143/81 mm Hg respectively, with a similar proportion of patients (27% and 31%) requiring three or more antihypertensive treatments. More patients in the captopril group than the atenolol group took the allocated treatment: at their last clinic visit, 78% of those allocated captopril and 65% of those allocated atenolol were taking the drug (P<0.0001). Captopril and atenolol were equally effective in reducing the risk of macrovascular end points. Similar proportions of patients in the two groups showed deterioration in retinopathy by two grades after nine years (31% in the captopril group and 37% in the atenolol group) and developed clinical grade albuminuria >=300 mg/l (5% and 9%). The proportion of patients with hypoglycaemic attacks was not different between groups, but mean weight gain in the atenolol group was greater (3.4 kg v 1.6 kg).
Blood pressure lowering with captopril or atenolol was similarly effective in reducing the incidence of diabetic complications. This study provided no evidence that either drug has any specific beneficial or deleterious effect, suggesting that blood pressure reduction in itself may be more important than the treatment used.",0
25006006,"To assess the association between leucocyte telomere length and risk of cardiovascular disease.
Systematic review and meta-analysis.
Studies published up to March 2014 identified through searches of Medline, Web of Science, and Embase.
Prospective and retrospective studies that reported on associations between leucocyte telomere length and coronary heart disease (defined as non-fatal myocardial infarction, coronary heart disease death, or coronary revascularisation) or cerebrovascular disease (defined as non-fatal stroke or death from cerebrovascular disease) and were broadly representative of",Leucocyte telomere length as a biomarker for cardiovascular disease risk including coronary heart disease and cerebrovascular disease outcomes.,20426626,"Relative leukocyte telomere length and risk of incident ischemic stroke in men: a prospective, nested case-control approach.","Recent data have implicated telomere-length shortening as potential risk predictor for vascular diseases, including stroke. However, to date, prospective epidemiological data are scarce in relation to ischemic stroke risk. Using leukocyte DNA samples collected at baseline in a prospective cohort of 14,916 initially healthy American men, we examined the relationship of leukocyte telomere repeat copy number to single gene copy number (TSR), using a quantitative polymerase chain reaction protocol, amongst 259 white males who subsequently developed an ischemic stroke and amongst an equal number of age- and smoking-matched white males who remained free of reported vascular disease during follow up (controls). The observed TSRs were inversely correlated with age in the controls (p < 0.0001). However, the observed TSRs were similar between cases and controls (p = 0.92). In a multivariable adjusted analysis, no evidence was found for an association of the TSRs with ischemic stroke risk (odds ratio [OR] = 1.100, 95% confidence interval [CI], 0.506-2.392, p = 0.811). The present investigation has shown no evidence for an association of relative leukocyte telomere length with risk of incident ischemic stroke. More importantly, our present findings require replication/confirmation in future large, prospective studies.",1
32479176,"Ninety percent of health care systems now offer patient portals to access electronic health records (EHRs) in the United States, but only 15% to 30% of patients use these platforms. Using PubMed, the authors identified 53 studies published from September 2013 to June 2019 that informed best practices and priorities for future research on patient engagement with EHR data through patient portals, These studies mostly involved outpatient settings and fell into 3 major categories: interventions to increase use of patient portals, usability testing of portal interfaces, and documentation of patient",Interventions and strategies to increase patient engagement and utilization of electronic health record patient portals in outpatient settings.,30094287,Methods for Patient-Centered Interface Design of Test Result Display in Online Portals.,"Patients have unique information needs to help them interpret and make decisions about laboratory test results they receive on web-based portals. However, current portals are not designed in a patient-centered way and little is known on how best to harness patients' information needs to inform user-centered interface design of portals. We designed a patient-facing laboratory test result interface prototype based on requirement elicitation research and used a mixed-methods approach to evaluate this interface.
After designing an initial test result display prototype, we used multiple evaluation methods, including focus group review sessions, expert consultation, and user testing, to make iterative design changes. For the user testing component, we recruited 14 patient-users to collect and analyze three types of data: comments made during testing sessions, responses to post-session questionnaires, and system usability scores.
Our initial patient-centered interface design included visual ranges of laboratory values, nontechnical descriptions of the test and result, and access to features to help patients interpret and make decisions about their results. Findings from our evaluation resulted in 6 design iterations of the interface. Results from user testing indicate that the later versions of the interface fulfilled patient's information needs, were perceived as usable, and provided access to information and techniques that facilitated patient's ability to derive meaning from each test result.
Requirement elicitation studies can inform the design of a patient-facing test result interface, but considerable user-centered design efforts are necessary to create an interface that patients find useful. To promote patient engagement, health information technology designers and developers can use similar approaches to enhance user-centered software design in patient portals.",1
28348110,[No Abstract],"Clinical study with unspecified population, interventions, and outcomes.",18804590,Treatment for scaphoid fracture and nonunion--the application of 3.0 mm cannulated screws and pedicle vascularised bone grafts.,"Scaphoid fractures are very common in wrist trauma, and scaphoid nonunions with avascular necrosis are frequent complications of a fractured scaphoid. The purpose of these two retrospective studies was to examine the clinical and x-ray results of treatments for acute scaphoid fracture and scaphoid nonunion. The surgical techniques of cannulated screw fixation and pedicled vascularised bone graft are described.
From 2001-2004, 80 patients with scaphoid fractures were treated with 3.0 mm cannulated screws and 5.5 mm threaded washers in our hospitals. The average age was 35 years, and the average time from injury to surgery was 16.5 hours. Outcomes were assessed by x-ray and the modified Mayo wrist score system. During the 6-year period of 1998-2004, 72 patients with scaphoid nonunions were treated using pedicled vascularised bone graft (VBG)in our hospitals. The average age was 38.5 years, and the average time from injury to surgery was 9.5 months.
The union rate was 96.25% and satisfactory function rate was 93.75% in acute scaphoid fractures with an average follow-up of 3.5 years. The union rate (90.28%) and satisfactory function rate (81.94%) achieved in scaphoid nonunions were acceptable, with an average follow-up of 5 years.
Our studies suggested that appropriate application of a cannulated screw and threaded washer was able to produce satisfactory results in scaphoid fracture, and that pedicled vascularised bone graft was effective for treating scaphoid nonunion.",0
31585960,"To map and assess prognostic models for outcome prediction in patients with chronic obstructive pulmonary disease (COPD).
Systematic review.
PubMed until November 2018 and hand searched references from eligible articles.
Studies developing, validating, or updating a prediction model in COPD patients and focusing on any potential clinical outcome.
The systematic search yielded 228 eligible articles, describing the development of 408 prognostic models, the external validation of 38 models, and the validation of 20 prognostic models derived for diseases other than COPD. The 408 prognostic models were developed in three clinical settings: outpatients (n=239; 59%), patients admitted to hospital (n=155; 38%), and patients attending the emergency department (n=14; 3%).","Prognostic prediction models for clinical outcome assessment in chronic obstructive pulmonary disease patients across outpatient, hospital, and emergency department settings.",27330284,Can a supported self-management program for COPD upon hospital discharge reduce readmissions? A randomized controlled trial.,"Patients with COPD experience exacerbations that may require hospitalization. Patients do not always feel supported upon discharge and frequently get readmitted. A Self-management Program of Activity, Coping, and Education for COPD (SPACE for COPD), a brief self-management program, may help address this issue.
To investigate if SPACE for COPD employed upon hospital discharge would reduce readmission rates at 3 months, compared with usual care.
This is a prospective, single-blinded, two-center trial (ISRCTN84599369) with participants admitted for an exacerbation, randomized to usual care or SPACE for COPD. Measures, including health-related quality of life and exercise capacity, were taken at baseline (hospital discharge) and at 3 months. The primary outcome measure was respiratory readmission at 3 months.
Seventy-eight patients were recruited (n=39 to both groups). No differences were found in readmission rates or mortality at 3 months between the groups. Ten control patients were readmitted within 30 days compared to five patients in the intervention group (P>0.05). Both groups significantly improved their exercise tolerance and Chronic Respiratory Questionnaire (CRQ-SR) results, with between-group differences approaching statistical significance for CRQ-dyspnea and CRQ-emotion, in favor of the intervention. The ""Ready for Home"" survey revealed that patients receiving the intervention reported feeling better able to arrange their life to cope with COPD, knew when to seek help about feeling unwell, and more often took their medications as prescribed, compared to usual care (P<0.05).
SPACE for COPD did not reduce readmission rates at 3 months above that of usual care. However, encouraging results were seen in secondary outcomes for those receiving the intervention. Importantly, SPACE for COPD appears to be safe and may help prevent readmission with 30 days.",0
23420235,"Glaucoma is an acquired degeneration of the optic nerve and a leading cause of blindness worldwide. Medical and surgical treatments that decrease intraocular pressure may prevent visual impairment and blindness.
To compare the effectiveness of medical, laser, and surgical treatments in adults with open-angle glaucoma with regard to decreasing intraocular pressure and preventing optic nerve damage, vision loss, and visual impairment.
MEDLINE, CENTRAL, and an existing database for systematic reviews (through 2 March 2011); MEDLINE, EMBASE, LILACS, and CENTRAL for primary studies (through 30 July",Effectiveness of medical laser and surgical treatments in open-angle glaucoma for reducing intraocular pressure and preventing optic nerve damage and vision loss.,20179632,Meta-analysis of viscocanalostomy versus trabeculectomy in uncontrolled glaucoma.,"Compare the efficacy and safety profile of viscocanalostomy versus trabeculectomy in uncontrolled glaucoma.
We looked through various search engines for randomized controlled trials directly comparing viscocanalostomy with trabeculectomy. Outcome measurements we examined were mean intraocular pressure difference at 6 months, 12 months, and 24 months, mean difference in postoperative number of antiglaucomatous medications and relative risk of adverse events. Subgroup analysis looked at studies that included 1 eye per patient, studies that included only white patients, studies with only primary open angle glaucoma, studies that did not allow the use of intraoperative mitomycin C in trabeculectomy treatment, studies that did not allow any postoperative use of antimetabolites, and studies with and without the use of postviscocanalostomy Nd:YAG goniopuncture.
Ten randomized controlled trials were selected and included in the meta-analysis with a total of 458 eyes of 397 patients with medically uncontrolled glaucoma. At 6 months, mean intraocular pressure difference was 2.25 mm Hg (95% confidence interval 1.38-3.12), at 12 months it was 3.64 mm Hg (2.74, 4.54), whereas at 24 months it was 3.42 mm Hg (1.80, 5.03). Trabeculectomy was found to have a significantly better pressure-lowering outcome (P<0.0001). Relative risk of adverse events such as perforation of Descemet membrane, hypotony, hyphema, shallow anterior chamber, and cataract formation, were found to be 7.72 (2.37, 25.12), 0.29 (0.15, 0.58), 0.50 (0.30, 0.84), 0.19 (0.08, 0.45), and 0.31 (0.15, 0.64), respectively. Viscocanalostomy had a significantly higher relative risk of intraoperative perforation of Descemet membrane, whereas trabeculectomy had significantly more postoperative adverse events (P≤0.008).
Trabeculectomy was found to have a greater pressure-lowering effect compared with viscocanalostomy. However, viscocanalostomy had a significantly better risk profile.",1
30383109,"Although sickle cell trait (SCT) is largely a benign carrier state, it may increase risk for certain clinical outcomes.
To evaluate associations between SCT and clinical outcomes in children and adults.
English-language searches of PubMed, CINAHL, the Cochrane Library, Current Contents Connect, Scopus, and Embase (1 January 1970 to 30 June 2018) and bibliographies of review articles.
Observational controlled studies (published in English) in children or adults that examined an association between SCT and any of 24 clinical outcomes specified a priori in the following 6 categories: exertion-rel",Sickle cell trait association with clinical outcomes and adverse events in children and adults compared to non-carriers.,24459231,Sickle trait in African-American hemodialysis patients and higher erythropoiesis-stimulating agent dose.,"African Americans require higher doses of erythropoiesis-stimulating agents (ESAs) during dialysis to manage anemia, but the influence of sickle cell trait and other hemoglobinopathy traits on anemia in dialysis patients has not been adequately evaluated. We performed a cross-sectional study of a large cohort of adult African-American hemodialysis patients in the United States to determine the prevalence of hemoglobinopathy traits and quantify their influence on ESA dosing. Laboratory and clinical data were obtained over 6 months in 2011. Among 5319 African-American patients, 542 (10.2%) patients had sickle cell trait, and 129 (2.4%) patients had hemoglobin C trait; no other hemoglobinopathy traits were present. Sickle cell trait was more common in this cohort than the general African-American population (10.2% versus 6.5%-8.7%, respectively, P<0.05). Among 5002 patients (10.3% sickle cell trait and 2.4% hemoglobin C trait) receiving ESAs, demographic and clinical variables were similar across groups, with achieved hemoglobin levels being nearly identical. Patients with hemoglobinopathy traits received higher median doses of ESA than patients with normal hemoglobin (4737.4 versus 4364.1 units/treatment, respectively, P=0.02). In multivariable analyses, hemoglobinopathy traits associated with 13.2% more ESA per treatment (P=0.001). Within subgroups, sickle cell trait patients received 13.2% (P=0.003) higher dose and hemoglobin C trait patients exhibited a similar difference (12.9%, P=0.12). Sensitivity analyses using weight-based dosing definitions and separate logistic regression models showed comparable associations. Our findings suggest that the presence of sickle cell trait and hemoglobin C trait may explain, at least in part, prior observations of greater ESA doses administered to African-American dialysis patients relative to Caucasian patients.",1
27737830," To identify and characterise non-specific immunological effects after routine childhood vaccines against BCG, measles, diphtheria, pertussis, and tetanus.
 Systematic review of randomised controlled trials, cohort studies, and case-control studies.
 Embase, PubMed, Cochrane library, and Trip searched between 1947 and January 2014. Publications submitted by a panel of experts in the specialty were also included.
 All human studies reporting non-specific immunological effects after vaccination with standard childhood immunisations. Studies using recombinant vaccines, no vaccine at all, or repor","Non-specific immunological effects and off-target immune responses following routine childhood vaccination with BCG, measles, diphtheria, pertussis, and tetanus vaccines.",27622301,Polyfunctional CD4 T-cells correlate with in vitro mycobacterial growth inhibition following Mycobacterium bovis BCG-vaccination of infants.,"Vaccination with Bacillus Calmette Guerin (BCG) protects infants against childhood tuberculosis however the immune mechanisms involved are not well understood. Further elucidation of the infant immune response to BCG will aid with the identification of immune correlates of protection against tuberculosis and with the design of new improved vaccines. The purpose of this study was to investigate BCG-induced CD4+ T-cell responses in blood samples from infants for cytokine secretion profiles thought to be important for protection against tuberculosis and compare these to PBMC-mediated in vitro mycobacterial growth inhibition.
Blood from BCG-vaccinated or unvaccinated infants was stimulated overnight with Mycobacterium tuberculosis (M. tb) purified protein derivative (PPD) or controls and intracellular cytokine staining and flow cytometry used to measure CD4+T-cell responses. PBMC cryopreserved at the time of sample collection were thawed and incubated with live BCG for four days following which inhibition of BCG growth was determined.
PPD-specific IFNγ+TNFα+IL-2+CD4+T-cells represented the dominant T-cell response at 4monthsand1yearafter infant BCG. These responses were undetectable in age-matched unvaccinated infants. IL-17+CD4+T-cells were significantly more frequent in vaccinated infants at 4monthsbut not at 1-year post-BCG. PBMC-mediated inhibition of mycobacterial growth was significantly enhanced at 4monthspost-BCG as compared to unvaccinated controls. In an analysis of all samples with both datasets available, mycobacterial growth inhibition correlated significantly with the frequency of polyfunctional (IFNγ+TNFα+IL-2+) CD4+T-cells.
These data suggest that BCG vaccination of infants induces specific polyfunctional T-helper-1 and T-helper-17 responses and the ability, in the PBMC compartment, to inhibit the growth of mycobacteria in vitro. We also demonstrate that polyfunctional T-helper-1 cells may play a role in growth inhibition as evidenced by a significant correlation between the two.",0
23033409,"To synthesise the literature on indoor tanning and non-melanoma skin cancer.
Systematic review and meta-analysis.
PubMed (1966 to present), Embase (1974 to present), and Web of Science (1898 to present).
All articles that reported an original effect statistic for indoor tanning and non-melanoma skin cancer were included. Articles that presented no data, such as review articles and editorials, were excluded, as were articles in languages other than English.
Two investigators independently extracted data. Random effects meta-analysis was used to summarise the relative risk of ever use versus nev",Indoor tanning exposure and risk of non-melanoma skin cancer: systematic review and meta-analysis of relative risk.,1835402,A study of acne treatments as risk factors for skin cancer of the head and neck.,"A retrospective questionnaire was conducted as to the risk factors for facial skin cancer with emphasis on acne and past treatments for acne, in particular use of benzoyl peroxide preparations. The response rate was 90.9% for 964 cases and 79.9% for 3856 controls. There was no association between acne and the use of any acne medication for the risk of facial skin cancer. Cases of skin cancer were significantly more likely to have used phototherapy or sunbeds than the controls (P = 0.024), and more likely to have had radiotherapy prior to diagnosis (P = 0.001). The major risk factors as determined by generalized linear interactive modelling were family history of skin cancer (odds ratio 2.68; 95% confidence interval 2.15, 3.34), light skin (1.54; 1.25, 1.89), sunburning easily (1.43; 1.16, 1.76) and Irish, Scottish, Scandinavian or German mothers (1.33; 1.11, 1.59).",1
23814120,"To investigate the association between intake of fish and n-3 polyunsaturated fatty acids (n-3 PUFA) and the risk of breast cancer and to evaluate the potential dose-response relation.
Meta-analysis and systematic review of prospective cohort studies.
PubMed and Embase up to December 2012 and references of retrieved relevant articles.
Prospective cohort studies with relative risk and 95% confidence intervals for breast cancer according to fish intake, n-3 PUFA intake, or tissue biomarkers.
Twenty six publications, including 20,905 cases of breast cancer and 883,585 participants from 21 indepen",Fish and n-3 polyunsaturated fatty acid intake association with breast cancer risk and dose-response relationship in prospective cohort studies.,12569578,"Meat, fish and egg intake and risk of breast cancer.","Intakes of animal protein, meat, and eggs have been associated with breast cancer incidence and mortality in ecological studies, but data from long-term prospective studies are limited. We therefore examined these relationships in the Nurses' Health Study. We followed 88,647 women for 18 years, with 5 assessments of diet by food frequency questionnaire, cumulatively averaged and updated over time. We calculated the relative risks (RR) and 95% confidence intervals (95% CI) for risk of developing invasive breast cancer, over categories of nutrient and food intake. During follow-up, 4,107 women developed invasive breast cancer. Compared to the lowest quintile of intake, the RR and 95% CI for the highest quintile of intake were 1.02 (0.92-1.14) for animal protein, 0.93 (0.83-1.05) for red meat and 0.89 (0.79-1.00) for all meat. Results did not differ by menopausal status or family history of breast cancer. We found no evidence that intake of meat or fish during mid-life and later was associated with risk of breast cancer.",1
28114600,"The benefits of pay-for-performance (P4P) programs are uncertain.
To update and expand a prior review examining the effects of P4P programs targeted at the physician, group, managerial, or institutional level on process-of-care and patient outcomes in ambulatory and inpatient settings.
PubMed from June 2007 to October 2016; MEDLINE, PsycINFO, CINAHL, Business Economics and Theory, Business Source Elite, Scopus, Faculty of 1000, and Gartner Research from June 2007 to February 2016.
Trials and observational studies in ambulatory and inpatient settings reporting process-of-care, health, or utiliz","Effects of pay-for-performance programs on physician and institutional performance, process-of-care quality, and patient outcomes in ambulatory and inpatient settings.",23549583,"Mortality rates for Medicare beneficiaries admitted to critical access and non-critical access hospitals, 2002-2010.","Critical access hospitals (CAHs) provide inpatient care to Americans living in rural communities. These hospitals are at high risk of falling behind with respect to quality improvement, owing to their limited resources and vulnerable patient populations. How they have fared on patient outcomes during the past decade is unknown.
To evaluate trends in mortality for patients receiving care at CAHs and compare these trends with those for patients receiving care at non-CAHs.
Retrospective observational study using data from Medicare fee-for-service patients admitted to US acute care hospitals with acute myocardial infarction (1,902,586 admissions), congestive heart failure (4,488,269 admissions), and pneumonia (3,891,074 admissions) between 2002 and 2010.
Trends in risk-adjusted 30-day mortality rates for CAHs and other acute care US hospitals.
Accounting for differences in patient, hospital, and community characteristics, CAHs had mortality rates comparable with those of non-CAHs in 2002 (composite mortality across all 3 conditions, 12.8% vs 13.0%; difference, -0.3% [95% CI, -0.7% to 0.2%]; P = .25). Between 2002 and 2010, mortality rates increased 0.1% per year in CAHs but decreased 0.2% per year in non-CAHs, for an annual difference in change of 0.3% (95% CI, 0.2% to 0.3%; P < .001). Thus, by 2010, CAHs had higher mortality rates compared with non-CAHs (13.3% vs 11.4%; difference, 1.8% [95% CI, 1.4% to 2.2%]; P < .001). The patterns were similar when each individual condition was examined separately. Comparing CAHs with other small, rural hospitals, similar patterns were found.
Among Medicare beneficiaries with acute myocardial infarction, congestive heart failure, or pneumonia, 30-day mortality rates for those admitted to CAHs, compared with those admitted to other acute care hospitals, increased from 2002 to 2010. New efforts may be needed to help CAHs improve.",0
26830221,"N-acetylcysteine, sodium bicarbonate, statins, and ascorbic acid have been studied for reducing contrast-induced nephropathy (CIN).
To evaluate the comparative effectiveness of interventions to reduce CIN in adults receiving contrast media.
MEDLINE, EMBASE, Cochrane Library, ClinicalTrials.gov, and Scopus databases through June 2015. Risk of bias and overall strength of evidence (SOE) of studies were assessed.
Randomized, controlled trials of N-acetylcysteine, sodium bicarbonate, statins, or ascorbic acid that used intravenous (IV) or intra-arterial contrast media and defined CIN with enough d","Comparative effectiveness of N-acetylcysteine, sodium bicarbonate, statins, and ascorbic acid for preventing contrast-induced nephropathy in adults receiving contrast media.",18771430,Nephrotoxic effects of iodixanol and iopromide in patients with abnormal renal function receiving N-acetylcysteine and hydration before coronary angiography and intervention: a randomized trial.,"The use of contrast agents during coronary intervention can result in nephropathy, particularly in patients with renal dysfunction. We aimed to determine whether the use of iso-osmolar iodixanol is less nephrotoxic than that of low-osmolar iopromide when patients are adequately prehydrated and have received N-acetylcysteine.
We conducted a randomized, double-blind, multicentre study of patients with impaired renal function undergoing a coronary interventional procedure. Primary end-point was the incidence of contrast-induced nephropathy (CIN) on day 2, defined as an increase in serum creatinine concentration of > or =44 micromol/L (0.5 mg/dL) or by a relative increase of > or =25% from baseline. Secondary end-points included peak increase in serum creatinine between baseline and day 7.
Of 191 patients recruited, 15% (95% CI: 8-22) of the patients receiving iopromide and 12% (95% CI: 5-19) of the patients receiving iodixanol developed CIN (95% CI of the difference: 13 to -7, P = 0.56). When including peak serum creatinine on day 7, CIN developed in 23% of patients receiving iopromide and in 27% of patients receiving iodixanol (95% CI of the difference: 8 to -16, P = 0.48). The peak increase in serum creatinine concentration at day 7 was similar in both groups (patients receiving iopromide, 18.4 +/- 24.4 micromol/L, vs patients receiving iodixanol, 21.9 +/- 24.2 micromol/L; P = 0.33).
There remains a high incidence of CIN despite prehydration and routine use of N-acetylcysteine in patients with pre-existing renal dysfunction undergoing coronary interventional procedures. Although our study is underpowered, iodixanol was not associated with a statistically significant lower incidence of CIN when compared with iopromide.",0
30383109,"Although sickle cell trait (SCT) is largely a benign carrier state, it may increase risk for certain clinical outcomes.
To evaluate associations between SCT and clinical outcomes in children and adults.
English-language searches of PubMed, CINAHL, the Cochrane Library, Current Contents Connect, Scopus, and Embase (1 January 1970 to 30 June 2018) and bibliographies of review articles.
Observational controlled studies (published in English) in children or adults that examined an association between SCT and any of 24 clinical outcomes specified a priori in the following 6 categories: exertion-rel",Sickle cell trait association with clinical outcomes and adverse events in children and adults compared to non-carriers.,8881392,[A rare cause of hematuria: heterozygote sickle trait].,[No Abstract],0
29187358,[No Abstract],"Clinical study with unspecified population, interventions, and outcomes.",24163957,Effect of calcium-vitamin D supplementation on metabolic profiles in pregnant women at risk for pre-eclampsia: a randomized placebo-controlled trial.,"Increased metabolic profiles during pregnancy are associated with an increased risk of maternal and neonatal morbidity and remain a significant medical challenge. To our knowledge, no reports are available indicating the effects of calcium-vitamin D supplementation on metabolic profiles among pregnant women at risk for pre-eclampsia. This study was designed to determine the effects of consumption calcium-vitamin D supplements on metabolic profiles among Iranian pregnant women at risk for pre-eclampsia. This randomized single-blind controlled clinical trial was performed among 49 pregnant women at risk for pre-eclampsia, primigravida, aged 18-35 year old who were carrying singleton pregnancy at their third trimester. Subjects were randomly assigned to consume the placebo (n = 25) or calcium-vitamin D supplements (n = 24) for 9 weeks. Calcium-vitamin D supplements were containing 500 mg carbonate calcium plus 200 IU vitamin D3. Fasting blood samples were taken at baseline and after 9 week intervention to measures of Fasting Plasma Glucose (FPG) and serum lipid profiles. Consumption of calcium-vitamin D supplements resulted in decreased FPG and serum triglycerides levels as compared to the placebo (-9.1 vs. 0.5 mg dL(-1); p = 0.03, -11.7 vs. 49.9 mg dL(-1); p = 0.001, respectively). No significant differences were found comparing calcium-vitamin D supplements and the placebo in terms of their effect on serum total-, HDL-, LDL-cholesterol levels. Within-group differences in the placebo group revealed a significant increase in serum triglycerides levels (+49.9 mg dL(-1), p < 0.0001). In conclusion, consumption of calcium-vitamin D supplements for 9 weeks during pregnancy among pregnant women at risk for pre-eclampsia resulted in decreased FPG and serum triglycerides levels as compared to the placebo group, but could not affect serum total-, HDL-, LDL-cholesterol levels.",0
31255301,"More than 10 years have elapsed since human papillomavirus (HPV) vaccination was implemented. We did a systematic review and meta-analysis of the population-level impact of vaccinating girls and women against human papillomavirus on HPV infections, anogenital wart diagnoses, and cervical intraepithelial neoplasia grade 2+ (CIN2+) to summarise the most recent evidence about the effectiveness of HPV vaccines in real-world settings and to quantify the impact of multiple age-cohort vaccination.
In this updated systematic review and meta-analysis, we used the same search strategy as in our previous paper. We searched MEDLINE and Embase for studies published between Feb 1, 2014, and Oct 11, 2018. Studies were eligible if they compared the frequency (prevalence or incidence) of at least one HPV-related endpoint (genital HPV infections, anogenital wart diagnoses, or histologically confirmed CIN2+) between pre-vaccination and post-vaccination periods among the general population and if they used the same population sources and recruitment methods before and after vaccination. Our primary assessment was the relative risk (RR) comparing the frequency (prevalence or incidence) of HPV-related endpoints between the pre-vaccination and post-vaccination periods. We stratified all analyses by sex, age, and years since introduction of HPV vaccination. We used random-effects models to estimate pooled relative risks.","Population-level effectiveness of HPV vaccination in girls and women on HPV infections, anogenital warts, and cervical intraepithelial neoplasia grade 2+ in real-world settings.",25117753,Fall in genital warts diagnoses in the general and indigenous Australian population following implementation of a national human papillomavirus vaccination program: analysis of routinely collected national hospital data.,"Human papillomavirus (HPV) vaccination targeting females aged 12-13 years commenced in Australia in 2007, with catch-up vaccination of females aged 13-26 years continuing to 2009. Whole-population analyses, including effects on the Indigenous population, have not previously been reported.
All hospital admissions between 1999-2011 involving a diagnosis of genital warts were obtained from a comprehensive national database. We compared the age-specific rates before to those after implementation of the vaccination program, according to sex and other characteristics.
Admission rates decreased from mid-2007 in females aged 12-17 years (annual decline, 44.1% [95% confidence interval {CI}, 35.4%-51.6%]) and from mid-2008 in females and males aged 18-26 years (annual declines, 31.8% [95% CI, 28.4%-35.2%] and 14.0% [95% CI, 5.1%-22.1%], respectively). The overall reductions from 2006-2007 to 2010-2011 were 89.9% (95% CI, 84.4%-93.4%) for females aged 12-17 years, 72.7% (95% CI, 67.0%-77.5%) for females aged 18-26 years, and 38.3% (95% CI, 27.7%-47.2%) for males aged 18-26 years. Compared with the average annual number before program implementation, about 1000 fewer hospital admissions involved a warts diagnosis during 2010-2011. Reductions after program implementation were similar for Indigenous (86.7% [95% CI, 76.0-92.7]) and non-Indigenous (76.1% [95% CI, 71.6%-79.9%]) females aged 15-24 years (P(heterogeneity) = .08).
National population-based hospital data confirm previous clinic-based reports of a marked decline in genital warts diagnoses among young people in Australia after program implementation, including indirect benefits to males. The impact of HPV vaccination appears to be similar in young Indigenous and non-Indigenous females.",1
31585960,"To map and assess prognostic models for outcome prediction in patients with chronic obstructive pulmonary disease (COPD).
Systematic review.
PubMed until November 2018 and hand searched references from eligible articles.
Studies developing, validating, or updating a prediction model in COPD patients and focusing on any potential clinical outcome.
The systematic search yielded 228 eligible articles, describing the development of 408 prognostic models, the external validation of 38 models, and the validation of 20 prognostic models derived for diseases other than COPD. The 408 prognostic models were developed in three clinical settings: outpatients (n=239; 59%), patients admitted to hospital (n=155; 38%), and patients attending the emergency department (n=14; 3%).","Prognostic prediction models for clinical outcome assessment in chronic obstructive pulmonary disease patients across outpatient, hospital, and emergency department settings.",26028969,Factors associated with inadequate diagnosis of COPD: On-Sint cohort analysis.,"The purpose of this study was to evaluate the frequency of inadequate diagnosis and factors predictive of this in patients with chronic obstructive pulmonary disease (COPD) participating in the On-Sint study.
The On-Sint cohort was recruited for a multicenter observational study in which 356 physicians (71.6% from primary care) included adult patients who had been diagnosed with COPD. Patients' clinical and functional information since diagnosis and details for the recruiting physicians were collected from patient files and at the inclusion visit. We performed a multivariate analysis to evaluate the influence of these variables on diagnostic inadequacy (absence of postbronchodilator forced expiratory volume in one second/forced vital capacity [FEV1/FVC] <0.70 or, if this value was missing, prebronchodilator FEV1/FVC <0.70).
In total, 1,214 patients were included in the study. The patients had a mean age of 66.4±9.7 years and 78.8% were male. In total, 51.3% of patients did not have an obstructive spirometry performed, and 21.4% had a normal or non-obstructive spirometry pattern. Patient-related factors associated with inadequate diagnosis were: years since diagnosis (odds ratio [OR] 1.03, 95% confidence interval [CI] 1.01-1.05), number of exacerbations in the previous year (OR 1.01, 95% CI 1.01-1.02), comorbidities (OR 1.05, 95% CI 1.01-1.015), and obesity (OR 1.06, 95% CI 1.02-1.10 per kg/m(2) of body mass index), while a longer smoking history (OR 0.98, 95% CI 0.97-0.99 for each pack/year) and short-acting or long-acting bronchodilator therapy (OR 0.61, 95% CI 0.44-0.76 and OR 0.46, 95% CI 0.27-0.76, respectively) were inversely related. With regard to physician-related variables, being followed up by primary care physicians (OR 3.0, 95% CI 2.11-4.34) and in rural centers (OR 1.63, 95% CI 1.12-2.38) were positively associated with an inadequate diagnosis, while having regular follow-ups in the most severe cases (OR 0.66, 95% CI 0.46-0.93) and use of quality of life questionnaires (OR 0.55, 95% CI 0.40-0.76) were negatively associated.
Diagnosis of COPD was inadequate in half of the patients from the On-Sint cohort. There were multiple factors, both patient-related and physician-related, associated with this misdiagnosis.",0
32199484,"Tens of millions of children are exposed to Mycobacterium tuberculosis globally every year; however, there are no contemporary estimates of the risk of developing tuberculosis in exposed children. The effectiveness of contact investigations and preventive therapy remains poorly understood.
In this systematic review and meta-analysis, we investigated the development of tuberculosis in children closely exposed to a tuberculosis case and followed for incident disease. We restricted our search to cohort studies published between Jan 1, 1998, and April 6, 2018, in MEDLINE, Web of Science, BIOSIS, a",Incidence and risk of tuberculosis disease development in children exposed to tuberculosis cases and effectiveness of contact investigations and preventive therapy.,20856187,Impact of chronic Posttraumatic Stress Disorder on the Quality of life of war survivors.,"Research data from studies of functional neuroanatomy and neurochemistry indicate various dysfunctions in certain areas of the brain in individuals who suffer from chronic Posttraumatic Stress Disorder. These abnormalities are involved in the evolution of symptoms of PTSD, deterioration of cognitive functions and decreased quality of life of the survivors. The intensity of these symptoms is in direct correlation with the degree of dysfunction in the central nervous system. The aim of our study, was to evaluate the subjective perception of the Quality of life in subjects suffering from chronic PTSD and to compare prior to treatment results to results three and six months after receiving therapy, as well as to analyze whether perception of the Quality of life change related to treatment. The study was conducted at the Psychiatric Clinic of the Sarajevo University Clinical Center.
The sample consisted of 100 male persons, with war trauma experiences, whose age range was between 35 and 60 years, who were seeking treatment at the Psychiatric Clinic, University of Sarajevo Clinical Center and met the criteria for the diagnosis of chronic PTSD (Posttraumatic Stress Disorder) according to ICD-10. (International Statistical Classification of Diseases and Related Health Problems, 10th Revision). The exclusion criterion was prior psychiatric illness (traumatization before the war) and less than 8 years of education. All subjects received out-patient treatment. Their treatment involved psychopharmacological and psychotherapeutic therapy. The subjects were assessed using the following instruments: Sociodemographic Questionnaire designed by the authors for registering the social and demographic characteristics of the subjects (age, years of education, current employment, and socioeconomic status) and Manchester Quality of Life Scale (MANSA) as a self-report scale. The subjects were assessed prior to treatment, and three and six months after beginning the treatment (follow-up).
There was an increase in the mean values of subjective perception of Quality of Life between the first (3.2352), second (3.4447), and third test (3.6090). Differences between these mean values were not statistically significant between the first and second test, but significant between the second and third test. Also differences between sociodemographic characteristics prior to treatment and during six month follow-up were not statistically significant. A significant increase has been noted in the number of contacts with close friends between the first, second and third test. Also, we recorded a decrease in pertaining aggressive and criminal behavior between the three tests.
The results of our study indicate that subjects who are suffering from chronic PTSD have a lower subjective perception of their quality of life. Combined psychopharmacological and psychotherapeutic treatment over a period of six months lead to improvement in the perception of quality of life. This may indicate the need for longer treatment of individuals suffering from chronic PTSD. A significant increase has been noted in the number of contacts with close friends between the first, second and third test, reflecting positive treatment effects on everyday life functioning and coping skills.",0
26903336,"Septic shock currently refers to a state of acute circulatory failure associated with infection. Emerging biological insights and reported variation in epidemiology challenge the validity of this definition.
To develop a new definition and clinical criteria for identifying septic shock in adults.
The Society of Critical Care Medicine and the European Society of Intensive Care Medicine convened a task force (19 participants) to revise current sepsis/septic shock definitions. Three sets of studies were conducted: (1) a systematic review and meta-analysis of observational studies in adults publis",Development and validation of revised clinical criteria and definition for septic shock in adults with acute circulatory failure and infection.,39002447,Diagnostic and therapeutic yield of imaging studies in Polymicrobial and Monomicrobial Gram-negative bloodstream infections - a retrospective cohort study.,"Appropriate antimicrobial therapy and surgical drainage, improve survival in patients with Gram negative bloodstream infections (BSI). Data about the yield of imaging studies in polymicrobial BSI is sparse. The aim of the study was to assess the need for imaging studies and surgical drainage among patients with polymicrobial compared to monomicrobial BSI.
In a retrospective cohort study of adult patients with Gram negative BSI, 135 patients with monomicrobial BSI were compared to 82 with polymicrobial BSI. Imaging studies were performed in 56.3 % of patients with monomicrobial BSI and in 50 % of polymicrobial BSI (p=0.4), surgical drainage was performed in 20.1 % of patients with monomicrobial BSI and 27.2 % of polymicrobial BSI (p=0.25). Surgical drainage was performed in 26.2 % of patients who survived vs. 11.8 % of patients who died (p=0.035).
There is no difference in the diagnostic approach to monomicrobial and polymicrobial Gram-negative BSI. Surgical drainage is associated with decreased mortality.",0
26868137,"To evaluate the outcomes with use of renin angiotensin system (RAS) blockers compared with other antihypertensive agents in people with diabetes.
Meta-analysis.
PubMed, Embase, and the Cochrane central register of controlled trials databases for randomized trials of RAS blockers versus other antihypertensive agents in people with diabetes mellitus. Outcomes were death, cardiovascular death, myocardial infarction, angina, stroke, heart failure, revascularization, and end stage renal disease.
The search yielded 19 randomized controlled trials that enrolled 25,414 participants with diabetes for a",RAS blockers compared to other antihypertensive agents in diabetic patients for cardiovascular and renal outcomes.,12709465,Principal results of the Controlled Onset Verapamil Investigation of Cardiovascular End Points (CONVINCE) trial.,"Hypertensive patients are often given a calcium antagonist to reduce cardiovascular disease risk, but the benefit compared with other drug classes is controversial.
To determine whether initial therapy with controlled-onset extended-release (COER) verapamil is equivalent to a physician's choice of atenolol or hydrochlorothiazide in preventing cardiovascular disease.
Double-blind, randomized clinical trial conducted at 661 centers in 15 countries. A total of 16 602 participants diagnosed as having hypertension and who had 1 or more additional risk factors for cardiovascular disease were enrolled between September 1996 and December 1998 and followed up until December 31, 2000. After a mean of 3 years of follow-up, the sponsor closed the study before unblinding the results.
Initially, 8241 participants received 180 mg of COER verapamil and 8361 received either 50 mg of atenolol or 12.5 mg of hydrochlorothiazide. Other drugs (eg, diuretic, beta-blocker, or an angiotensin-converting enzyme inhibitor) could be added in specified sequence if needed.
First occurrence of stroke, myocardial infarction, or cardiovascular disease-related death.
Systolic and diastolic blood pressure were reduced by 13.6 mm Hg and 7.8 mm Hg for participants assigned to the COER verapamil group and by 13.5 and 7.1 mm Hg for partcipants assigned to the atenolol or hydrochlorothiazide group. There were 364 primary cardiovascular disease-related events that occurred in the COER verapamil group vs 365 in atenolol or hydrochlorothiazide group (hazard ratio [HR], 1.02; 95% confidence interval [CI], 0.88-1.18; P =.77). For fatal or nonfatal stroke, the HR was 1.15 (95% CI, 0.90-1.48); for fatal or nonfatal myocardial infarction, 0.82 (95% CI, 0.65-1.03); and for cardiovascular disease-related death, 1.09 (95% CI, 0.87-1.37). The HR was 1.05 (95% CI, 0.95-1.16) for any prespecified cardiovascular disease-related event and 1.08 (95% CI, 0.93-1.26) for all-cause mortality. Nonstroke hemorrhage was more common with participants in the COER-verapamil group (n = 118) compared with the atenolol or hydrochlorothiazide group (n = 79) (HR, 1.54 [95% CI, 1.16-2.04]; P =.003). More cardiovascular disease-related events occurred between 6 AM and noon in both the COER verapamil (99/277) and atenolol or hydrochlorothiazide (88/274) groups; HR, 1.15 (95% CI, 0.86-1.53).
The CONVINCE trial did not demonstrate equivalence of a COER verapamil-based antihypertensive regimen compared with a regimen beginning with a diuretic or beta-blocker. When considered in the context of other trials of calcium antagonists, these data indicate that the effectiveness of calcium-channel therapy in reducing cardiovascular disease is similar but not better than diuretic or beta-blocker treatment.",0
26830055,"Iodine contrast media are essential components of many imaging procedures. An important potential side effect is contrast-induced nephropathy (CIN).
To compare CIN risk for contrast media within and between osmolality classes in patients receiving diagnostic or therapeutic imaging procedures.
PubMed, EMBASE, Cochrane Library, Clinical Trials.gov, and Scopus through June 2015.
Randomized, controlled trials that reported CIN-related outcomes in patients receiving low-osmolar contrast media (LOCM) or iso-osmolar contrast media for imaging.
Independent study selection and quality assessment by 2 r",Contrast-induced nephropathy risk comparison between low-osmolar and iso-osmolar contrast media in patients undergoing diagnostic or therapeutic imaging procedures.,2354386,"A comparative study of the nephrotoxicity of iohexol, iopamidol and ioxaglate in peripheral angiography.","Iohexol (Omnipaque 350) and iopamidol (Isovue 370) are nonionic monomers; ioxaglate (Hexabrix 320) is an ionic dimer. We compared the nephrotoxicity of these three media by a prospective double-blind evaluation in 500 patients who underwent peripheral angiography during a 6-month period. Serum creatinine levels were determined before injection of the contrast medium and 72 hours after in 478 patients. In 308 (64%) patients there was an average increase in the serum creatinine level of 18.1 mumol/L after injection of an average volume of 123 ml of contrast medium. A subset of 80 patients who had an elevated baseline creatinine level (more than 110 mumol/L) had an average increase in the serum creatinine level of 40.45 mumol/L. Of patients who had arterial injections, 182 (72%) had an increase in serum creatinine level (20.7 mumol/L), but of those who had peripheral venous injections, only 43 (45%) had an elevated creatinine level (9.2 mumol/L), and of those who had central venous injections, 83 (63.8%) had an elevated level (17.0 mumol/L). In most patients elevation of the serum creatinine level was not of clinical importance. High-risk patients with an elevated serum creatinine level were found to be most vulnerable to contrast nephrotoxicity. Although mean differences were not statistically significant, there were consistent trends which suggested that ioxaglate was the least nephrotoxic of the three agents studied.",1
23935058,"To evaluate the effectiveness of current medical and psychological interventions for individuals at risk of sexually abusing children, both in known abusers and those at risk of abusing.
Systematic review of interventions designed to prevent reoffending among known abusers and prevention for individuals at risk of sexually abusing children. Randomised controlled trials and prospective observational studies were eligible. Primary outcomes were arrests, convictions, breaches of conditions, and self reported sexual abuse of children after one year or more.
After review of 1447 abstracts, we retrieved 167 full text studies, and finally included eight studies with low to moderate risk of bias.","Effectiveness of medical and psychological interventions to prevent sexual abuse reoffending in known abusers and at-risk individuals, measured by arrests, convictions, and self-reported abuse.",10905420,Adolescent sexual offender recidivism: success of specialized treatment and implications for risk prediction.,"To evaluate the success of specialized community-based treatment for reducing adolescent sexual reoffending and explore the predictive utility of variables assessed regarding sexual and nonsexual recidivism.
Recidivism data (criminal charges) were collected for 58 offenders participating in at least 12 months of specialized treatment at the SAFE-T Program. Data were also collected for a comparison group of 90 adolescents who received only an assessment (n = 46), refused treatment (n = 17), or dropped out before 12 months (n = 27). Follow-up interval ranged from 2 to 10 years (M = 6.23, SD = 2.02). Offenders completed a battery of psychological tests to provide standardized data regarding social, sexual, and family functioning.
Recidivism rates for sexual, violent nonsexual, and nonviolent offenses for treated adolescents were 5.17%, 18.9%, and 20.7%, respectively. The Comparison group had significantly higher rates of sexual (17.8%), violent nonsexual (32.2%), and nonviolent (50%) recidivism. Sexual recidivism was predicted by sexual interest in children. Nonsexual recidivism was related to factors commonly predictive of general delinquency such as history of previous offenses, low self-esteem, and antisocial personality.
Results support the efficacy of treatment for adolescent sexual offenders and are consistent with the notion that sexual recidivism is predicted by unique factors unrelated to general (nonsexual) reoffending.",0
31727627,"To assess the efficacy and safety of different endoscopic surgical treatments for benign prostatic hyperplasia.
Systematic review and network meta-analysis of randomised controlled trials.
A comprehensive search of PubMed, Embase, and Cochrane databases from inception to 31 March 2019.
Randomised controlled trials comparing vapourisation, resection, and enucleation of the prostate using monopolar, bipolar, or various laser systems (holmium, thulium, potassium titanyl phosphate, or diode) as surgical treatments for benign prostatic hyperplasia. The primary outcomes were the maximal flow rate (Q","Efficacy and safety of endoscopic surgical treatments for benign prostatic hyperplasia including vapourisation, resection, and enucleation using monopolar, bipolar, and laser systems.",20112479,TURIS plasma vaporization--initial Romanian experience with a new technology.,"Bipolar electrosurgical approach represents an increasingly acknowledged technology in the treatment of benign prostatic hyperplasia (BPH), and a promising alternative to standard transurethral resection of the prostate (TURP). In this study, we aimed to evaluate a new method, transurethral resection in saline - plasma vaporization of the prostate (TURIS-PVP), by determining its efficiency, safety and short-term postoperative results. In May 2009, TURIS-PVP was performed in 25 cases of BPH. The investigative protocol included digital rectal examination (DRE), prostatic specific antigen (PSA), International Prostate Symptom Score (IPSS), quality of life (QoL) score, maximum flow rate (Qmax) and abdominal ultrasonography assessing prostate volume and post-voiding residual urinary volume (RV). All patients were investigated 1 month after surgery using IPSS, QoL, Qmax and RV. TURIS-PVP was successfully performed in all cases. The average BPH size was 53 ml, the mean operating time was 28 minutes, the median catheterization time was 24 hours and the mean hospital stay was 48 hours. No patient required blood transfusions or re-catheterization, and there were no significant intra- or postoperative complications. Preoperatively, the mean value of IPSS was 21.4, the mean QoL score was 4, the mean RV was 72 ml and the mean Qmax was 9.7 ml/s. The 1 month follow-up emphasized a mean IPSS of 4, a mean QoL score of 1.4, a mean RV of 14 ml and a mean Qmax of 21.5 ml/s. TURIS-PVP represents a valuable endoscopic treatment alternative for patients with BPH, with good efficacy, reduced morbidity, satisfactory follow-up parameters and fast postoperative recovery. IPSS, QoL, Qmax and RV measurements showed significant improvements at the 1 month follow-up.",0
29187358,[No Abstract],"Clinical study with unspecified population, interventions, and outcomes.",8621807,Prenatal prediction of neonatal growth status in twins using individualized growth assessment.,"To determine if the growth status at birth of twins can be predicted in the third trimester using the Prenatal Growth Assessment Score (PGAS).
The growth of 40 twin fetuses were studied with ultrasound from 14 weeks until delivery. Measurements of the head circumference (HC), abdominal circumference (AC), thigh circumference (ThC), femur diaphysis length (FDL), head cube (A), and abdominal cube (B) were made at 2 to 3 week intervals. Rossavik growth models for these parameters were determined from second trimester measurements. These models were used to define expected third trimester growth curves and birth characteristics. Comparisons of expected and actual third trimester measurements were used to calculate PGAS values after various time points (PGASAt) and after the last time point (PGASAT). Similar comparisons after birth were used to determine Growth Potential Realization Index (GPRI) values for HC, AC, ThC, weight (WT), and crown-heel length (CHL), with and without correction for decreased soft tissue deposition. These two sets of GPRI values were used to calculate two sets of Neonatal Growth Assessment Scores (NGASS, NGASTw). Using NGASS and NGASTw (as well as GPRI values in some cases), the twin neonates were classified as Normal (N), Decreased Soft Tissue Deposition, (DSTD), Intrauterine Growth Retardation (IUGR) and Macrosomia (M).
At birth 22/40 (55%) were classified as N, 9/40 (22.5%) as DSTD, 6/40 (15.0%) as IUGR, and 3/40 (7.5%) as M. All -PGASAT values in the N group were greater than -0.40% with one exception (-PGASAT = -0.43%). All PGASAt values were above this same boundary except for one fetus. No differences were seen between the N and DSTD groups [mean -PGASAT (range): N, -0.12% (0% to -0.34%); DSTD, -0.10% (0% to -0.30%)]. The IUGR group had 4 fetuses with -PGASAT values between -0.65% and 2.79% and two with values of 0.0% and -0.12%. Growth retardation in the latter two was limited to a decrease in thigh soft tissue deposition. -PGASAt values in the first 4 fetuses were below -0.40% 1.6 to 9.5 weeks before delivery (mean: 6.1 weeks). Fetuses in group M had +PGASAT values of 0.0%, +1.8%, and +1.2%. PGASAt values were above +0.40% at 3.6 and 9.8 weeks before delivery in the latter two fetuses.
These results support the concept that PGASAT and PGASAt values outside +/- 0.40% indicate either IUGR or macrosomia. Almost all fetuses with growth problems in the third trimester can be detected, on average, 6 weeks before delivery unless the growth abnormality is limited to decreased soft tissue deposition.",0
23814120,"To investigate the association between intake of fish and n-3 polyunsaturated fatty acids (n-3 PUFA) and the risk of breast cancer and to evaluate the potential dose-response relation.
Meta-analysis and systematic review of prospective cohort studies.
PubMed and Embase up to December 2012 and references of retrieved relevant articles.
Prospective cohort studies with relative risk and 95% confidence intervals for breast cancer according to fish intake, n-3 PUFA intake, or tissue biomarkers.
Twenty six publications, including 20,905 cases of breast cancer and 883,585 participants from 21 indepen",Fish and n-3 polyunsaturated fatty acid intake association with breast cancer risk and dose-response relationship in prospective cohort studies.,23658396,"Association between 8-oxo-7,8-dihydro-2'-deoxyguanosine excretion and risk of postmenopausal breast cancer: nested case-control study.","Oxidative stress may be important in carcinogenesis and a possible risk factor for breast cancer. The urinary excretion of oxidatively generated biomolecules, such as 8-oxo-7,8-dihydro-2'-deoxyguanosine (8-oxodG), represents biomarkers of oxidative stress, reflecting the rate of global damage to DNA in steady state.
In a nested case-control design, we examined associations between urinary excretion of 8-oxodG and risk of breast cancer in a population-based cohort of 24,697 postmenopausal women aged 50 to 64 years with 3 to 7 years follow-up. The accruing cases of breast cancer were matched to controls by age at diagnosis, baseline age, and hormone replacement therapy (HRT). Spot urine samples collected at entry was analyzed for 8-oxodG by high-performance liquid chromatography with electrochemical detection. Incidence rate ratio (IRR; 95% confidence intervals) based on 336 matched pairs with all information was estimated per unit increase in 8-oxodG divided by creatinine for all and estrogen receptor (ER) positive and negative breast cancers.
There was a borderline significant positive association between 8-oxodG and risk of all breast cancer (IRR: 1.08; 1.00-1.17 per unit increase in nmol/mmol creatinine). This association was significant with respect to the risk of ER-positive cancer (IRR: 1.11; 1.01-1.23) and among women not using HRT (IRR: 1.11; 0.97-1.26) or with low dietary iron intake (IRR: 1.10; 1.06-1.37 per unit increase) for all breast cancer.
We observed positive association between 8-oxodG excretion and risk of especially ER-positive breast cancer.
Our results suggest that oxidative stress with damage to DNA is important for the development of breast cancer.",0
28114600,"The benefits of pay-for-performance (P4P) programs are uncertain.
To update and expand a prior review examining the effects of P4P programs targeted at the physician, group, managerial, or institutional level on process-of-care and patient outcomes in ambulatory and inpatient settings.
PubMed from June 2007 to October 2016; MEDLINE, PsycINFO, CINAHL, Business Economics and Theory, Business Source Elite, Scopus, Faculty of 1000, and Gartner Research from June 2007 to February 2016.
Trials and observational studies in ambulatory and inpatient settings reporting process-of-care, health, or utiliz","Effects of pay-for-performance programs on physician and institutional performance, process-of-care quality, and patient outcomes in ambulatory and inpatient settings.",27381486,Accounting for multimorbidity in pay for performance: a modelling study using UK Quality and Outcomes Framework data.,"The UK Quality and Outcomes Framework (QOF) offers financial incentives to deliver high-quality care for individual diseases, but the single-disease focus takes no account of multimorbidity.
To examine variation in QOF payments for two indicators incentivised in ≥1 disease domain.
Modelling study using cross-sectional data from 314 general practices in Scotland.
Maximum payments that practices could receive under existing financial incentives were calculated for blood pressure (BP) control and influenza immunisation according to the number of coexisting clinical conditions. Payments were recalculated assuming a single new indicator.
Payment varied by condition (£4.71-£11.08 for one BP control and £2.09-£5.78 for one influenza immunisation). Practices earned more for delivering the same action in patients with multimorbidity: in patients with 2, 3, and ≥4 conditions mean payments were £13.95, £21.92, and £29.72 for BP control, and £7.48, £11.21, and £15.14 for influenza immunisation, respectively. Practices in deprived areas had more multiple incentivised patients. When recalculated so that each incentivised action was only paid for once, all practices received less for BP control: affluent practices received more and deprived practices received less for influenza immunisation.
For patients with single conditions, existing QOF payment methods have more than twofold variation in payment for delivering the same process. Multiple payments were common in patients with multimorbidity. A payment method is required that ensures fairness of rewards while maintaining adequate funding for practices based on actual workload.",0
23460092,"Developing a culture of safety is a core element of many efforts to improve patient safety and care quality. This systematic review identifies and assesses interventions used to promote safety culture or climate in acute care settings. The authors searched MEDLINE, CINAHL, PsycINFO, Cochrane, and EMBASE to identify relevant English-language studies published from January 2000 to October 2012. They selected studies that targeted health care workers practicing in inpatient settings and included data about change in patient safety culture or climate after a targeted intervention. Two raters indep",Interventions to promote patient safety culture and climate in acute care hospital settings and their effectiveness in improving safety outcomes among healthcare workers.,17110876,Perceptions of safety culture vary across the intensive care units of a single institution.,"To determine whether safety culture factors varied across the intensive care units (ICUs) of a single hospital, between nurses and physicians, and to explore ICU nursing directors' perceptions of their personnel's attitudes.
Cross-sectional surveys using the Safety Attitudes Questionnaire-ICU version, a validated, aviation industry-based safety culture survey instrument. It assesses culture across six factors: teamwork climate, perceptions of management, safety climate, stress recognition, job satisfaction, and work environment.
Four ICUs in one tertiary care hospital.
All ICU personnel.
We conducted the survey from January 1 to April 1, 2003, and achieved a 70.2% response rate (318 of 453). We calculated safety culture factor mean and percent-positive scores (percentage of respondents with a mean score of > or =75 on a 0-100 scale for which 100 is best) for each ICU. We compared mean ICU scores by ANOVA and percent-positive scores by chi-square. Mean and percent-positive scores by job category were modeled using a generalized estimating equations approach and compared using Wald statistics. We asked ICU nursing directors to estimate their personnel's mean scores and generated ratios of their estimates to the actual scores.Overall, factor scores were low to moderate across all factors (range across ICUs: 43.4-74.9 mean scores, 8.6-69.4 percent positive). Mean and percent-positive scores differed significantly (p < .0083, Bonferroni correction) across ICUs, except for stress recognition, which was uniformly low. Compared with physicians, nurses had significantly lower mean working conditions and perceptions of management scores. ICU nursing directors tended to overestimate their personnel's attitudes. This was greatest for teamwork, for which all director estimates exceeded actual scores, with a mean overestimate of 16%.
Significant safety culture variation exists across ICUs of a single hospital. ICU nursing directors tend to overestimate their personnel's attitudes, particularly for teamwork. Culture assessments based on institutional level analysis or director opinion may be flawed.",0
31585960,"To map and assess prognostic models for outcome prediction in patients with chronic obstructive pulmonary disease (COPD).
Systematic review.
PubMed until November 2018 and hand searched references from eligible articles.
Studies developing, validating, or updating a prediction model in COPD patients and focusing on any potential clinical outcome.
The systematic search yielded 228 eligible articles, describing the development of 408 prognostic models, the external validation of 38 models, and the validation of 20 prognostic models derived for diseases other than COPD. The 408 prognostic models were developed in three clinical settings: outpatients (n=239; 59%), patients admitted to hospital (n=155; 38%), and patients attending the emergency department (n=14; 3%).","Prognostic prediction models for clinical outcome assessment in chronic obstructive pulmonary disease patients across outpatient, hospital, and emergency department settings.",25172140,FEV1 decline in patients with chronic obstructive pulmonary disease associated with biomass exposure.,"Biomass exposure is an important risk factor for chronic obstructive pulmonary disease (COPD). However, the time-course behavior of FEV1 in subjects exposed to biomass is unknown.
We undertook this study to determine the FEV1 rate decline in subjects exposed to biomass.
Pulmonary function was assessed every year in a Mexican cohort of patients with COPD associated with biomass or tobacco during a 15-year follow-up period.
The mean rate of decline was significantly lower for the biomass exposure COPD group (BE-COPD) than for the tobacco smoke COPD group (TS-COPD) (23 vs. 42 ml, respectively; P < 0.01). Of the TS-COPD group, 11% were rapid decliners, whereas only one rapid decliner was found in the BE-COPD group; 69 and 21% of smokers versus 17 and 83% of the BE-COPD group were slow decliners and sustainers, respectively. A higher FEV1 both as % predicted and milliliters was a predictive factor for decline for BE-COPD and TS-COPD, whereas reversibility to bronchodilator was a predictive factor for both groups when adjusted by FEV1% predicted and only for the TS-COPD group when adjusted by milliliters.
In the biomass exposure COPD group the rate of FEV1 decline is slower and shows a more homogeneous rate of decline over time in comparison with smokers. The rapid rate of FEV1 decline is a rare feature of biomass-induced airflow limitation.",0
27893131,"The use of palliative care programs and the number of trials assessing their effectiveness have increased.
To determine the association of palliative care with quality of life (QOL), symptom burden, survival, and other outcomes for people with life-limiting illness and for their caregivers.
MEDLINE, EMBASE, CINAHL, and Cochrane CENTRAL to July 2016.
Randomized clinical trials of palliative care interventions in adults with life-limiting illness.
Two reviewers independently extracted data. Narrative synthesis was conducted for all trials. Quality of life, symptom burden, and survival were analy","Palliative care interventions improve quality of life, reduce symptom burden, and affect survival outcomes in adults with life-limiting illness and their caregivers.",7474243,A controlled trial to improve care for seriously ill hospitalized patients. The study to understand prognoses and preferences for outcomes and risks of treatments (SUPPORT). The SUPPORT Principal Investigators.,"To improve end-of-life decision making and reduce the frequency of a mechanically supported, painful, and prolonged process of dying.
A 2-year prospective observational study (phase I) with 4301 patients followed by a 2-year controlled clinical trial (phase II) with 4804 patients and their physicians randomized by specialty group to the intervention group (n = 2652) or control group (n = 2152).
Five teaching hospitals in the United States.
A total of 9105 adults hospitalized with one or more of nine life-threatening diagnoses; an overall 6-month mortality rate of 47%.
Physicians in the intervention group received estimates of the likelihood of 6-month survival for every day up to 6 months, outcomes of cardiopulmonary resuscitation (CPR), and functional disability at 2 months. A specifically trained nurse had multiple contacts with the patient, family, physician, and hospital staff to elicit preferences, improve understanding of outcomes, encourage attention to pain control, and facilitate advance care planning and patient-physician communication.
The phase I observation documented shortcomings in communication, frequency of aggressive treatment, and the characteristics of hospital death: only 47% of physicians knew when their patients preferred to avoid CPR: 46% of do-not-resuscitate (DNR) orders were written within 2 days of death; 38% of patients who died spent at least 10 days in an intensive care unit (ICU); and for 50% of conscious patients who died in the hospital, family members reported moderate to severe pain at least half the time. During the phase II intervention, patients experienced no improvement in patient-physician communication (eg, 37% of control patients and 40% of intervention patients discussed CPR preferences) or in the five targeted outcomes, ie, incidence or timing of written DNR orders (adjusted ratio, 1.02; 95% confidence interval [CI], 0.90 to 1.15), physicians' knowledge of their patients' preferences not to be resuscitated (adjusted ratio, 1.22; 95% CI, 0.99 to 1.49), number of days spent in an ICU, receiving mechanical ventilation, or comatose before death (adjusted ratio, 0.97; 95% CI, 0.87 to 1.07), or level of reported pain (adjusted ratio, 1.15; 95% CI, 1.00 to 1.33). The intervention also did not reduce use of hospital resources (adjusted ratio, 1.05; 95% CI, 0.99 to 1.12).
The phase I observation of SUPPORT confirmed substantial shortcomings in care for seriously ill hospitalized adults. The phase II intervention failed to improve care or patient outcomes. Enhancing opportunities for more patient-physician communication, although advocated as the major method for improving patient outcomes, may be inadequate to change established practices. To improve the experience of seriously ill and dying patients, greater individual and societal commitment and more proactive and forceful measured may be needed.",1
22986378,"Transitional care is a time-limited service to prevent discontinuous care and adverse outcomes, including rehospitalization.
To describe transitional care interventions and evidence of benefit or harm in patients hospitalized for acute stroke or myocardial infarction (MI).
Cumulative Index to Nursing and Allied Health Literature, MEDLINE, Cochrane Database of Systematic Reviews, and EMBASE, supplemented with manual searches of reference lists of relevant studies and review articles (January 2000 to March 2012).
6 reviewers screened 5857 citations to identify English-language reports of trials ",Transitional care interventions to prevent rehospitalization and adverse outcomes in acute stroke and myocardial infarction patients.,12445108,Health care and social welfare costs in home-based and hospital-based rehabilitation after stroke.,"During the 1990s most western European and Organization of Economic Cooperation and Development (OECD) countries experienced financial difficulties and were forced to cut back on or restrain health care expenditures. Home rehabilitation has received attention in recent years because of its potential for cost containment. Often forgotten, however, is the redistribution of costs from one caregiver to another. The aim of this study was to analyse whether a redistribution of costs occurs between health care providers (the County councils) and social welfare providers (the municipalities) in a comparison of home-based rehabilitation and hospital-based rehabilitation after stroke. The study population included 123 patients, 53 in the home-based rehabilitation group and 68 in the hospital-based rehabilitation group. The patients were followed up at 6 and 12 months after onset of stroke. Resource use over a 12-month period included acute hospital care, in-hospital rehabilitation, home rehabilitation and use of home-help service as well as nursing home living. The hospital-based rehabilitation group had significantly fewer hospitalization days after a decision was made about rehabilitation at the acute care ward and consequently the cost for the acute care period was significantly lower. The cost for the rehabilitation period was significantly lower in the home-based rehabilitation group. However, the cost for home help service was significantly higher in the home-based rehabilitation group. The total costs for the care episode did not differ between the two groups. The main finding of this study is that there seems to occur a redistribution of costs between health care providers and social welfare providers in home rehabilitation after stroke in a group of patients with mixed degree of impairment.",0
31585960,"To map and assess prognostic models for outcome prediction in patients with chronic obstructive pulmonary disease (COPD).
Systematic review.
PubMed until November 2018 and hand searched references from eligible articles.
Studies developing, validating, or updating a prediction model in COPD patients and focusing on any potential clinical outcome.
The systematic search yielded 228 eligible articles, describing the development of 408 prognostic models, the external validation of 38 models, and the validation of 20 prognostic models derived for diseases other than COPD. The 408 prognostic models were developed in three clinical settings: outpatients (n=239; 59%), patients admitted to hospital (n=155; 38%), and patients attending the emergency department (n=14; 3%).","Prognostic prediction models for clinical outcome assessment in chronic obstructive pulmonary disease patients across outpatient, hospital, and emergency department settings.",17426210,"Copeptin, C-reactive protein, and procalcitonin as prognostic biomarkers in acute exacerbation of COPD.","A novel approach to estimate the severity of COPD exacerbation and predict its outcome is the use of biomarkers. We assessed circulating levels of copeptin, the precursor of vasopressin, C-reactive protein (CRP), and procalcitonin as potential prognostic parameters for in-hospital and long-term outcomes in patients with acute exacerbation of COPD (AECOPD) requiring hospitalization.
Data of 167 patients (mean age, 70 years; mean FEV(1), 39.9 +/- 16.9 of predicted [+/- SD]) presenting to the emergency department due to AECOPD were analyzed. Patients were evaluated based on clinical, laboratory, and lung function parameters on hospital admission, at 14 days, and at 6 months.
Plasma levels of all three biomarkers were elevated during the acute exacerbation (p < 0.001), but levels at 14 days and 6 months were similar (p = not significant). CRP was significantly higher in patients presenting with Anthonisen type I exacerbation (p = 0.003). In contrast to CRP and procalcitonin, copeptin on hospital admission was associated with a prolonged hospital stay (p = 0.002) and long-term clinical failure (p < 0.0001). Only copeptin was predictive for long-term clinical failure independent of age, comorbidity, hypoxemia, and lung functional impairment in multivariate analysis (p = 0.005). The combination of copeptin and previous hospitalization for COPD increased the risk of poor outcome (p < 0.0001). Long-term clinical failure was observed in 11% of cases with copeptin < 40 pmol/L and no history of hospitalization, as compared to 73% of patients with copeptin >/= 40 pmol/L and a history of hospitalization (p < 0.0001).
We suggest copeptin as a prognostic marker for short-term and long-term prognoses in patients with AECOPD requiring hospitalization.",0
28114600,"The benefits of pay-for-performance (P4P) programs are uncertain.
To update and expand a prior review examining the effects of P4P programs targeted at the physician, group, managerial, or institutional level on process-of-care and patient outcomes in ambulatory and inpatient settings.
PubMed from June 2007 to October 2016; MEDLINE, PsycINFO, CINAHL, Business Economics and Theory, Business Source Elite, Scopus, Faculty of 1000, and Gartner Research from June 2007 to February 2016.
Trials and observational studies in ambulatory and inpatient settings reporting process-of-care, health, or utiliz","Effects of pay-for-performance programs on physician and institutional performance, process-of-care quality, and patient outcomes in ambulatory and inpatient settings.",20529476,The impact of the Quality and Outcomes Framework on practice organisation and service delivery: summary of evidence from two qualitative studies.,"In 2003, the new General Medical Services Contract introduced a pay-for-performance programme know as the Quality and Outcomes Framework (QOF) into UK general practice, with payment for meeting a number of both clinical and organisational quality standards.
To investigate in detail the impact of the QOF on practice organisation and service delivery.
Two linked qualitative case studies in England and Scotland, using interviews and observation to investigate in depth the impact of the QOF in four general medical practices.
A number of significant changes to practice organisation and service delivery were observed, including: changes to practice organisational structures; an increased role for information technology; a move towards a more biomedical form of medical care; and changes to roles and relationships, including the introduction of internal peer-review and surveillance. In spite of this, the practices maintained a narrative of 'no change', arguing that they had 'fitted QOF in' to their routines with little trouble.",0
30884526,"Urinary incontinence (UI), a common malady in women, most often is classified as stress, urgency, or mixed.
To compare the effectiveness of pharmacologic and nonpharmacologic interventions to improve or cure stress, urgency, or mixed UI in nonpregnant women.
MEDLINE, Cochrane Central Register of Controlled Trials (Wiley), Cochrane Database of Systematic Reviews (Wiley), EMBASE (Elsevier), CINAHL (EBSCO), and PsycINFO (American Psychological Association) from inception through 10 August 2018.
84 randomized trials that evaluated 14 categories of interventions and reported categorical cure or imp",Pharmacologic and nonpharmacologic interventions for stress urgency or mixed urinary incontinence in nonpregnant women with cure or improvement outcomes.,18647298,Comparison of fesoterodine and tolterodine in patients with overactive bladder.,"To compare, in a post hoc analysis of a phase III trial, the maximum recommended doses of fesoterodine (8 mg) and tolterodine (4 mg) for improving overactive bladder (OAB) symptoms and health-related quality of life (HRQoL), as fesoterodine effectively reduces OAB symptoms vs placebo.
Eligible patients with frequency (> or =eight voids/24 h) and either urgency (> or =six episodes over 3 days) or urgency urinary incontinence (UUI; > or =three episodes over 3 days) were randomized to placebo, fesoterodine 4 or 8 mg, or tolterodine extended-release (ER) 4 mg for 12 weeks; fesoterodine 4 mg data were published elsewhere. Patients completed a 3-day bladder diary in which they recorded the time of each void, voided volume (VV), and the severity of urgency. A post hoc inferential analysis was conducted on the primary endpoint (voids/24 h), the two co-primary endpoints (UUI episodes/24 h and treatment response), several secondary endpoints (severe urgency plus UUI per 24 h, mean VV (MVV)/void, and continent days/week), HRQoL, using the King's Health Questionnaire (KHQ) and the International Consultation on Incontinence Questionnaire-Short Form (ICIQ-SF), and self-reported bladder-related problems. A subanalysis also assessed all endpoints for patients who were incontinent at baseline. Tolerability and safety were assessed by evaluating adverse events, residual urine volume, laboratory variables and treatment withdrawals.
By week 12, patients with OAB in both active-treatment groups showed significant improvements in most bladder diary variables and treatment response rates compared with placebo. Fesoterodine 8 mg was statistically significantly better than tolterodine ER 4 mg for improving UUI episodes, severe urgency plus UUI, mean VV, and number of continent days/week. In addition, the fesoterodine and tolterodine ER groups showed significantly greater improvements in HRQoL than the placebo group, with positive changes in most domains of the KHQ and an improvement in ICIQ-SF score. The fesoterodine 8-mg group had statistically significant improvements over placebo in eight of nine KHQ domains. A major improvement in the severity of bladder-related problems was reported by 39% of the fesoterodine 8 mg and 34% of the tolterodine ER groups vs 25% of those on placebo (P < or = 0.01). Results for the subgroup of incontinent patients at baseline were similar to the overall results. Adverse events reported most commonly with active treatment included dry mouth, constipation, dry eye, dry throat, and nausea.
Both fesoterodine and tolterodine ER significantly improved OAB symptoms and HRQoL, with statistically significant advantages for fesoterodine 8 mg compared with tolterodine ER on several important endpoints.",0
27802478,"Gout is a common type of inflammatory arthritis in patients seen by primary care physicians.
To review evidence about treatment of acute gout attacks, management of hyperuricemia to prevent attacks, and discontinuation of medications for chronic gout in adults.
Multiple electronic databases from January 2010 to March 2016, reference mining, and pharmaceutical manufacturers.
Studies of drugs approved by the U.S. Food and Drug Administration and commonly prescribed by primary care physicians, randomized trials for effectiveness, and trials and observational studies for adverse events.
Data extra","Pharmacological treatment of acute gout attacks and management of hyperuricemia to prevent recurrent attacks in adults, including efficacy, adverse events, and medication discontinuation strategies.",25392987,Uricosuric medications for chronic gout.,"Uricosuric agents have long been used in the treatment of gout but there is little evidence regarding their benefit and safety in this condition.
To assess the benefits and harms of uricosuric medications in the treatment of chronic gout.
We searched the Cochrane Central Register of Controlled Trials (CENTRAL, Issue 4, 2013), Ovid MEDLINE and Ovid EMBASE for studies to the 13 May 2013. We also searched the World Health Organization Clinical Trials Registry, ClinicalTrials.gov and the 2011 to 2012 American College of Rheumatology and European League against Rheumatism abstracts. WE considered black box warnings and searched drug safety databases to identify and describe rare adverse events.
We considered all randomised controlled trials (RCTs) or quasi-randomised controlled trials (controlled clinical trials (CCTs)) that compared uricosuric medications (benzbromarone, probenecid or sulphinpyrazone) alone or in combination with another therapy (placebo or other active uric acid-lowering medication, or non-pharmacological treatment) in adults with chronic gout for inclusion.
Two review authors independently selected the studies for inclusion, extracted data and performed a risk of bias assessment. Main outcomes were frequency of acute gout attacks, serum urate normalisation, study participant withdrawal due to adverse events, total adverse events, pain reduction, function and tophus regression.
The search identified four RCTs and one CCT that evaluated the benefit and safety of uricosurics for gout. One study (65 participants) compared benzbromarone with allopurinol for a duration of four months; one compared benzbromarone with allopurinol (36 participants) for a duration of nine to 24 months; one study (62 participants) compared benzbromarone with probenecid for two months and one study (74 participants) compared benzbromarone with probenecid. One study (37 participants) compared allopurinol with probenecid. No study was completely free from bias.Low-quality evidence from one study (55 participants) comparing benzbromarone with allopurinol indicated uncertain effects in terms of frequency of acute gout attacks (4% with benzbromarone versus 0% with allopurinol; risk ratio (RR) 3.58, 95% confidence interval (CI) 0.15 to 84.13), while moderate-quality evidence from two studies (101 participants; treated for four to nine months) indicated similar proportions of participants achieving serum urate normalisation (73.9% with benzbromarone versus 60% with allopurinol; pooled RR 1.27, 95% CI 0.90 to 1.79). Low-quality evidence indicated uncertain differences in withdrawals due to adverse events (7.1% with benzbromarone versus 6.1% with allopurinol; pooled RR 1.25, 95% CI 0.28 to 5.62), and total adverse events (20% with benzbromarone versus 6.7% with allopurinol; RR 3.00, 95% CI 0.64 to 14.16). The study did not measure pain reduction, function and tophus regression.When comparing benzbromarone with probenecid, there was moderate-quality evidence based on one study (62 participants) that participants taking benzbromarone were more likely to achieve serum urate normalisation after two months (81.5% with benzbromarone versus 57.1% with probenecid; RR 1.43, 95% CI 1.02 to 2.00). This indicated that when compared with probenecid, five participants needed to be treated with benzbromarone in order to have one additional person achieve serum urate normalisation (number needed to treat for an additional beneficial outcome (NNTB) 5). However, the second study reported no difference in the absolute decrease in serum urate between these groups after 12 weeks. Low-quality evidence from two studies (129 participants) indicated uncertain differences between treatments in the frequency of acute gout attacks (6.3% with benzbromarone versus 10.6% with probenecid; pooled RR 0.73, 95% CI 0.09 to 5.83); fewer withdrawals due to adverse events with benzbromarone (2% with benzbromarone versus 17% with probenecid; pooled RR 0.15, 95% CI 0.03 to 0.79, NNTB 7) and fewer total adverse events (21% with benzbromarone versus 47% with probenecid; pooled RR 0.43, 95% CI 0.25 to 0.74; NNTB 4). The studies did not measure pain reduction, function and tophus regression.Low-quality evidence based on one small CCT (37 participants) indicated uncertainty around the difference in the incidence of acute gout attacks between probenecid and allopurinol after 18 to 20 months' treatment (53% with probenecid versus 55% with allopurinol; RR 0.96, 95% CI 0.53 to 1.75). The study did not measure or report the proportion achieving serum urate normalisation, pain reduction, function, tophus regression, withdrawal due to adverse events and total adverse events.
There was moderate-quality evidence that there is probably no important difference between benzbromarone and allopurinol at achieving serum urate normalisation, but that benzbromarone is probably more successful than probenecid at achieving serum urate normalisation in people with gout. There is some uncertainty around the effect estimates, based on low-quality evidence from only one or two trials, on the number of acute gout attacks, the number of withdrawals due to adverse events or the total number of participants experiencing adverse events when comparing benzbromarone with allopurinol. However, when compared with probenecid, benzbromarone resulted in fewer withdrawals due to adverse events and fewer participants experiencing adverse events. Low-quality evidence from one small study indicated uncertain effects in the incidence of acute gout attacks when comparing probenecid with allopurinol therapy. We downgraded the evidence because of a possible risk of performance and other biases and imprecision.",1
26903336,"Septic shock currently refers to a state of acute circulatory failure associated with infection. Emerging biological insights and reported variation in epidemiology challenge the validity of this definition.
To develop a new definition and clinical criteria for identifying septic shock in adults.
The Society of Critical Care Medicine and the European Society of Intensive Care Medicine convened a task force (19 participants) to revise current sepsis/septic shock definitions. Three sets of studies were conducted: (1) a systematic review and meta-analysis of observational studies in adults publis",Development and validation of revised clinical criteria and definition for septic shock in adults with acute circulatory failure and infection.,25128441,Epidemiology and outcomes in patients with severe sepsis admitted to the hospital wards.,"The purpose of this study was to detail the trajectory and outcomes of patients with severe sepsis admitted from the emergency department to a non-intensive care unit (ICU) setting and identify risk factors associated with adverse outcomes.
This was a single-center retrospective cohort study conducted at a tertiary, academic hospital in the United States between 2005 and 2009. The primary outcome was a composite outcome of ICU transfer within 48 hours of admission and/or 28-day mortality.
Of 1853 patients admitted with severe sepsis, 841 (45%) were admitted to a non-ICU setting, the rate increased over time (P < .001), and 12.5% of these patients were transferred to the ICU within 48 hours and/or died within 28 days. In multivariable models, age (P < .001), an oncology diagnosis (P < .001), and illness severity as measured by Acute Physiologic and Chronic Health Evaluation II (P = .04) and high (≥4 mmol/L) initial serum lactate levels (P = .005) were associated with the primary outcome.
Patients presenting to the emergency department with severe sepsis were frequently admitted to a non-ICU setting, and the rate increased over time. Of 8 patients admitted to the hospital ward, one was transferred to the ICU within 48 hours and/or died within 28 days of admission. Factors present at admission were identified that were associated with adverse outcomes.",1
29049756,"Fecal immunochemical testing is the most commonly used method for colorectal cancer screening worldwide. However, its effectiveness is frequently undermined by failure to obtain follow-up colonoscopy after positive test results.
To evaluate interventions to improve rates of follow-up colonoscopy for adults after a positive result on a fecal test (guaiac or immunochemical).
English-language studies from the Cochrane Central Register of Controlled Trials, PubMed, and Embase from database inception through June 2017.
Randomized and nonrandomized studies reporting an intervention for colonoscopy f",Interventions to improve follow-up colonoscopy completion rates in adults with positive fecal immunochemical test or guaiac fecal occult blood test results.,26488332,Impact of continued mailed fecal tests in the patient-centered medical home: Year 3 of the Systems of Support to Increase Colon Cancer Screening and Follow-Up randomized trial.,"The current study was conducted to determine the effect of continuing a centralized fecal occult blood test (FOBT) mailed program on screening adherence.
A patient-level randomized controlled trial was conducted in 21 patient-centered medical home primary care clinics between January 2010 and November 2012. A total of 2208 patients ranging in age from 52 to 75 years in a substudy of the Systems of Support to Increase Colon Cancer Screening and Follow-Up (SOS) trial were randomized at year 3 to continued automated interventions (Continued group), which included mailed information regarding colorectal cancer (CRC) screening choices, and were mailed stool kit tests or to a group in which interventions were stopped (Stopped group). The main outcomes and measures were the completion of CRC screening in year 3 and by subgroup characteristics, respectively.
Adherence to CRC screening in year 3 was found to be significantly higher in patients in the Continued group compared with those in the Stopped group (53.3% vs 37.3%; adjusted net difference, 15.6% [P<.001]). This difference was entirely due to greater completion of FOBT (adjusted net difference, 18.0% [P<.001]). Year 3 CRC screening rates were highest in patients in the Continued group completing FOBT in both years 1 and 2 (77.2%), followed by patients completing only 1 FOBT in 1 of the 2 years (44.6%), with low rates of CRC testing reported among patients not completing any FOBT within the first 2 years (18.1%).
A centralized mailed FOBT CRC screening program continued to be more effective than patient-centered medical home usual-care interventions, but only for those patients who had previously completed FOBT testing. Research is needed regarding how to engage patients not completing CRC testing after being mailed at least 2 rounds of FOBT tests. Cancer 2016;122:312-321. © 2015 American Cancer Society.",0
27802478,"Gout is a common type of inflammatory arthritis in patients seen by primary care physicians.
To review evidence about treatment of acute gout attacks, management of hyperuricemia to prevent attacks, and discontinuation of medications for chronic gout in adults.
Multiple electronic databases from January 2010 to March 2016, reference mining, and pharmaceutical manufacturers.
Studies of drugs approved by the U.S. Food and Drug Administration and commonly prescribed by primary care physicians, randomized trials for effectiveness, and trials and observational studies for adverse events.
Data extra","Pharmacological treatment of acute gout attacks and management of hyperuricemia to prevent recurrent attacks in adults, including efficacy, adverse events, and medication discontinuation strategies.",356241,"Proquazone (Biarison) and indomethacin (Indocid) in the treatment of ankylosing spondylitis. Two comparative, clinical, double-blind studies.","The effect and tolerance of proquazone and indomethacin in patients suffering from ankylosing spondylitis were compared in two separate 3-week clinical, double-blind, randomized studies on total of 60 patients. In the first study 16 patients were treated with proquazone and 14 patients with indomethacin, and in the second study 15 patients were treated in each group. Both drugs were found to have an evident, equally strong effect on pain and functional capacity in daily doses of 900 mg and 75mg respectively. Severe side effects were not noted with either one of the drugs. Patients with previously known intolerance to indomethacin were excluded from the studies. Gastronitestinal disturbances seem to be the most commonly appearing side effect in patients treated with proquazone.",0
30326495,"Burnout is a self-reported job-related syndrome increasingly recognized as a critical factor affecting physicians and their patients. An accurate estimate of burnout prevalence among physicians would have important health policy implications, but the overall prevalence is unknown.
To characterize the methods used to assess burnout and provide an estimate of the prevalence of physician burnout.
Systematic search of EMBASE, ERIC, MEDLINE/PubMed, psycARTICLES, and psycINFO for studies on the prevalence of burnout in practicing physicians (ie, excluding physicians in training) published before Jun",Prevalence of burnout syndrome among practicing physicians assessed using standardized measurement instruments and methods.,16212852,Mental health in the Dutch population and in general practice: 1987-2001.,"In the last 15 years, both the demand for and supply of specialised mental health care increased considerably in the Netherlands. Increased demand may reflect a change in psychological morbidity, but may also be a consequence of increased supply. Specialised health care in the Netherlands is accessible only through referral by a GP, and so it is important to consider the role of primary care in the diagnosis of mental health problems.
The aim of this study is to achieve a better understanding of the development of mental health status in the Dutch population and the consequent help-seeking behaviour in primary care.
Using two comparable morbidity studies carried out in the Dutch population and in primary care, we compared data from 1987 and 2001 to assess the following: possible differences in mental health between 1987 and 2001; possible differences in prevalence of mental disorder as diagnosed by GPs in 1987 and 2001; possible differences in the sociodemographic determinants of mental health and mental disorder in primary care between 1987 and 2001.
Our results show an increase in mental and social problems in the population between 1987 and 2001. However, GPs diagnosed fewer patients as having a mental disorder in 2001 than they did in 1987. The risk of mental disorders or social problems in several sociodemographic groups remained largely the same, as did the chance of receiving a psychological or social diagnosis.
We conclude that, while mental disorder in the population is increasing, the role of primary care has changed. Although GPs diagnose a lower percentage of mental problems as such, they refer an increasingly larger proportion of these to secondary care.",0
27802478,"Gout is a common type of inflammatory arthritis in patients seen by primary care physicians.
To review evidence about treatment of acute gout attacks, management of hyperuricemia to prevent attacks, and discontinuation of medications for chronic gout in adults.
Multiple electronic databases from January 2010 to March 2016, reference mining, and pharmaceutical manufacturers.
Studies of drugs approved by the U.S. Food and Drug Administration and commonly prescribed by primary care physicians, randomized trials for effectiveness, and trials and observational studies for adverse events.
Data extra","Pharmacological treatment of acute gout attacks and management of hyperuricemia to prevent recurrent attacks in adults, including efficacy, adverse events, and medication discontinuation strategies.",15751090,"Febuxostat, a novel nonpurine selective inhibitor of xanthine oxidase: a twenty-eight-day, multicenter, phase II, randomized, double-blind, placebo-controlled, dose-response clinical trial examining safety and efficacy in patients with gout.","Gout affects approximately 1-2% of the American population. Current options for treating hyperuricemia in chronic gout are limited. The purpose of this study was to assess the safety and efficacy of febuxostat, a nonpurine selective inhibitor of xanthine oxidase, in establishing normal serum urate (sUA) concentrations in gout patients with hyperuricemia (>or=8.0 mg/dl).
We conducted a phase II, randomized, double-blind, placebo-controlled trial in 153 patients (ages 23-80 years). Subjects received febuxostat (40 mg, 80 mg, 120 mg) or placebo once daily for 28 days and colchicine prophylaxis for 14 days prior to and 14 days after randomization. The primary end point was the proportion of subjects with sUA levels <6.0 mg/dl on day 28.
Greater proportions of febuxostat-treated patients than placebo-treated patients achieved an sUA level <6.0 mg/dl at each visit (P < 0.001 for each comparison). The targeted sUA level was attained on day 28 in 0% of those taking placebo and in 56% of those taking 40 mg, 76% taking 80 mg, and 94% taking 120 mg of febuxostat. The mean sUA reduction from baseline to day 28 was 2% in the placebo group and 37% in the 40-mg, 44% in the 80-mg, and 59% in the 120-mg febuxostat groups. Gout flares occurred with similar frequency in the placebo (37%) and 40-mg febuxostat (35%) groups and with increased frequency in the higher dosage febuxostat groups (43% taking 80 mg; 55% taking 120 mg). During colchicine prophylaxis, gout flares occurred less frequently (8-13%). Incidences of treatment-related adverse events were similar in the febuxostat and placebo groups.
Treatment with febuxostat resulted in a significant reduction of sUA levels at all dosages. Febuxostat therapy was safe and well tolerated.",1
30884526,"Urinary incontinence (UI), a common malady in women, most often is classified as stress, urgency, or mixed.
To compare the effectiveness of pharmacologic and nonpharmacologic interventions to improve or cure stress, urgency, or mixed UI in nonpregnant women.
MEDLINE, Cochrane Central Register of Controlled Trials (Wiley), Cochrane Database of Systematic Reviews (Wiley), EMBASE (Elsevier), CINAHL (EBSCO), and PsycINFO (American Psychological Association) from inception through 10 August 2018.
84 randomized trials that evaluated 14 categories of interventions and reported categorical cure or imp",Pharmacologic and nonpharmacologic interventions for stress urgency or mixed urinary incontinence in nonpregnant women with cure or improvement outcomes.,32660872,Is the addition of vaginal electrical stimulation to transcutaneous tibial nerve electrical stimulation more effective for overactive bladder treatment? A randomized controlled trial.,"Overactive bladder (OAB) is a prevalent disorder that increases with age and impairs patients' quality of life. Guidelines recommend behavior modifications as the first-line treatment; however, physiotherapy has also been used with success, safety, and low cost. Transcutaneous tibial nerve electrical stimulation (TTNS) and vaginal electrical stimulation (VS) are being used in clinical physiotherapy practice. This study aimed to verify whether the addition of VS to TTNS is more beneficial than TTNS alone for women with OAB.
In all, 106 women aged >18 years diagnosed with OAB or mixed urinary incontinence with prevalent OAB symptoms were randomly divided into 2 groups: Group 1: TTNS (n = 52); Group 2: TTNS + VS (n = 54). The 3 day voiding diary, pelvic floor muscle strength (Ortiz Scale), King's Health Questionnaire, and Overactive Bladder Questionnaire were assessed before and after treatment. Urinary frequency was considered the primary outcome, and a reduction of ≥ 3 micturitions/day was considered clinically relevant. Mixed linear models were used to compare the 2groups.
Initially, the groups were similar in age, body mass index, number of pregnancies, time of OAB onset, and prevalence of OAB symptoms. After treatment, a reduction in urinary frequency of 1.5 micturitions was observed in Group 2, which was not clinically relevant despite being statistically significant.
The addition of VS to TTNS for the treatment of OAB was not more effective than TTNS as a single therapy.",0
27737830," To identify and characterise non-specific immunological effects after routine childhood vaccines against BCG, measles, diphtheria, pertussis, and tetanus.
 Systematic review of randomised controlled trials, cohort studies, and case-control studies.
 Embase, PubMed, Cochrane library, and Trip searched between 1947 and January 2014. Publications submitted by a panel of experts in the specialty were also included.
 All human studies reporting non-specific immunological effects after vaccination with standard childhood immunisations. Studies using recombinant vaccines, no vaccine at all, or repor","Non-specific immunological effects and off-target immune responses following routine childhood vaccination with BCG, measles, diphtheria, pertussis, and tetanus vaccines.",311781,Immunoregulation in humans: control of antitetanus toxoid antibody production after booster immunization.,"Booster immunization of normal individuals with soluble tetanus toxoid resulted in the ability of the individuals' peripheral blood lymphocytes to synthesize immunoglobulin (Ig)G antitetanus toxoid antibody in vitro when stimulated by pokeweed mitogen. The capacity for this in vitro antitetanus toxoid antibody response developed within 14 days after booster immunization, reached a peak between days 36--50, and disappeared by day 60. The inability of pokeweed mitogen to stimulate antitetanus toxoid antibody synthesis in vitro before booster immunization was not due to excess suppression by thymus-derived (T) lymphocytes but reflected insufficient numbers of functionally specific helper T lymphocytes and bone marrow-derived (B) lymphocytes. Antigen-specific T-lymphocyte suppression and decreased B-lymphocyte function were associated with the observed reduction of in vitro synthesis of antitetanus toxoid antibody from 20--60 days post-immunization. The in vitro kinetics of antitetanus toxoid antibody synthesis paralleled the synthesis of total IgG in that stimulation by pokeweed mitogen was required and that antibody secretion into the medium initiated by day 4 and increased through day 9.",0
32479176,"Ninety percent of health care systems now offer patient portals to access electronic health records (EHRs) in the United States, but only 15% to 30% of patients use these platforms. Using PubMed, the authors identified 53 studies published from September 2013 to June 2019 that informed best practices and priorities for future research on patient engagement with EHR data through patient portals, These studies mostly involved outpatient settings and fell into 3 major categories: interventions to increase use of patient portals, usability testing of portal interfaces, and documentation of patient",Interventions and strategies to increase patient engagement and utilization of electronic health record patient portals in outpatient settings.,18487137,Evaluation of internet-based technology for supporting self-care: problems encountered by patients and caregivers when using self-care applications.,"Prior studies have shown that many patients are interested in Internet-based technology that enables them to control their own care. As a result, innovative eHealth services are evolving rapidly, including self-assessment tools and secure patient-caregiver email communication. It is interesting to explore how these technologies can be used for supporting self-care.
The aim of this study was to determine user-centered criteria for successful application of Internet-based technology used in primary care for supporting self-care.
We conducted scenario-based tests combined with in-depth interviews among 14 caregivers and 14 patients/consumers to describe the use of various self-care applications and the accompanying user problems. We focused on the user-friendliness of the applications, the quality of care provided by the applications, and the implementation of the applications in practice.
Problems with the user-friendliness of the self-care applications concerned inadequate navigation structures and search options and lack of feedback features. Patients want to retrieve health information with as little effort as possible; however, the navigation and search functionalities of the applications appeared incapable of handling patients' health complaints efficiently. Among caregivers, the lack of feedback and documentation possibilities caused inconvenience. Caregivers wanted to know how patients acted on their advice, but the applications did not offer an adequate feedback feature. Quality of care problems were mainly related to insufficient tailoring of information to patients' needs and to efficiency problems. Patients expected personalized advice to control their state of health, but the applications failed to deliver this. Language (semantics) also appeared as an obstacle to providing appropriate and useful self-care advice. Caregivers doubted the reliability of the computer-generated information and the efficiency and effectiveness of secure email consultation. Legal or ethical issues with respect to possible misuse of email consultation also caused concerns. Implementation problems were mainly experienced by caregivers due to unclear policy on email consultation and the lack of training for email consultations.
Patients' and caregivers' expectations did not correspond with their experiences of the use of the Internet-based applications for self-care. Patients thought that the applications would support them in solving their health problems. Caregivers were more reserved about the applications because of medico-legal concerns about misuse. However, the applications failed to support self-care because eHealth is more than just a technological intervention. The design of the applications should include a way of thinking about how to deliver health care with the aid of technology. The most powerful application for self-care was secure email consultation, combined with a suitable triage mechanism to empower patients' self-awareness. Future research should focus on the effectiveness of such Web-based triage mechanisms for medical complaints and on the development of interactive features to enhance patients' self-care.",0
31200992,"Existing WHO estimates of the prevalence of mental disorders in emergency settings are more than a decade old and do not reflect modern methods to gather existing data and derive estimates. We sought to update WHO estimates for the prevalence of mental disorders in conflict-affected settings and calculate the burden per 1000 population.
In this systematic review and meta-analysis, we updated a previous systematic review by searching MEDLINE (PubMed), PsycINFO, and Embase for studies published between Jan 1, 2000, and Aug 9, 2017, on the prevalence of depression, anxiety disorder, post-traumati","Prevalence and burden of mental disorders including depression, anxiety, and post-traumatic stress disorder in conflict-affected and emergency settings.",16978706,Comorbid substance and mental disorders among rural Americans: results from the National Comorbidity Survey.,"The purpose of this study was to examine whether rural inhabitants were more likely than urban inhabitants to meet the criteria for comorbid mental health and substance abuse or dependence disorders.
Data were from the National Comorbidity Survey, and included 5185 (532=rural; 4653=urban) persons age 14-54 years of age who were interviewed using the Composite International Diagnostic Interview (CIDI). Logistic regression that accounted for the complex survey data and weighting scheme was utilized.
Participants residing in rural areas were more likely to meet the DSM-III-R criteria for past month alcohol abuse or dependence if they also met the diagnostic criteria for past month major depressive disorder (MDD) or lifetime antisocial personality disorder (ASPD), adjusting for age, race, gender, education and income. Similarly, rural participants were more likely to meet the criteria for comorbid drug abuse or dependence in the past month if they met the diagnosis for either past month MDD, generalized anxiety disorder or lifetime ASPD, controlling for demographic characteristics. Rural residents with any current mental disorder also were less likely to seek treatment than their urban counterparts.
Data were collected in 1991 and do not capture changes in prevalence of comorbidities. Also, the small number of rural residents sampled resulted in small cell sizes for some comorbidities.
Rural residents were significantly more likely to meet the criteria for substance disorders given they also met the criteria for a mental disorder, and those with any current mental disorder were less likely to seek treatment. Since the overall prevalence of these disorders does not differ between rural and urban inhabitants, findings suggest that rural persons may lack access to adequate treatment for their mental health disorders and subsequently may be self-medicating with alcohol and/or drugs.",0
31585960,"To map and assess prognostic models for outcome prediction in patients with chronic obstructive pulmonary disease (COPD).
Systematic review.
PubMed until November 2018 and hand searched references from eligible articles.
Studies developing, validating, or updating a prediction model in COPD patients and focusing on any potential clinical outcome.
The systematic search yielded 228 eligible articles, describing the development of 408 prognostic models, the external validation of 38 models, and the validation of 20 prognostic models derived for diseases other than COPD. The 408 prognostic models were developed in three clinical settings: outpatients (n=239; 59%), patients admitted to hospital (n=155; 38%), and patients attending the emergency department (n=14; 3%).","Prognostic prediction models for clinical outcome assessment in chronic obstructive pulmonary disease patients across outpatient, hospital, and emergency department settings.",15818200,Seattle Obstructive Lung Disease Questionnaire: sensitivity to outcomes in pulmonary rehabilitation in severe pulmonary illness.,"To evaluate the ability of the Seattle Obstructive Lung Disease Questionnaire (SOLDQ) to detect change in health-related quality of life (HRQOL) following a pulmonary rehabilitation program (PRP) and to determine associations with other functional indicators.
A prospective pre- and post-test design. A PRP was offered for 60 minutes, 2 times per week for 8 weeks. Measured at entry and exit to the PRP: the SOLDQ (physical, emotional, and coping skills), 6-minute walk, Medical Outcomes Study Short Form Health Survey-36 Veterans (SF-36V) (physical and mental), Lareau Functional Status and Dyspnea Questionnaire, and the Multidimensional Assessment of Fatigue (MAF) scale. Setting was an outpatient PRP in a VA Medical Center.
Participants included 58 adults who completed the PRP (age mean = 66, SD +/- 9.8; FEV1% predicted mean = 39, SD +/- 15.9). At baseline, significant correlations were found between SOLDQ physical functioning and SF-36V physical, dyspnea, fatigue, 6-minute walk distance, SF-36V mental, and spirometry. SOLDQ emotional functioning significantly correlated with fatigue, dyspnea, and SF-36V mental and physical. SOLDQ coping skills significantly correlated with fatigue, dyspnea, and SF-36V mental and physical. Paired, 2-tailed, t tests comparing the SOLDQ subscales pre- and post-program were significant, with the biggest treatment effect seen with emotional functioning. Other measures showing significant improvement included 6-minute walk, SF-36V physical, dyspnea, and fatigue.
After participation in a PRP, all 3 SOLDQ subscales improved significantly and were associated with other indicators of function. These findings validate the SOLDQ as a measure sensitive to functional changes associated with participation in pulmonary rehabilitation.",0
27893131,"The use of palliative care programs and the number of trials assessing their effectiveness have increased.
To determine the association of palliative care with quality of life (QOL), symptom burden, survival, and other outcomes for people with life-limiting illness and for their caregivers.
MEDLINE, EMBASE, CINAHL, and Cochrane CENTRAL to July 2016.
Randomized clinical trials of palliative care interventions in adults with life-limiting illness.
Two reviewers independently extracted data. Narrative synthesis was conducted for all trials. Quality of life, symptom burden, and survival were analy","Palliative care interventions improve quality of life, reduce symptom burden, and affect survival outcomes in adults with life-limiting illness and their caregivers.",29097274,Minimal Clinically Important Difference of the Multidimensional Fatigue Symptom Inventory-Short Form (MFSI-SF) for Fatigue Worsening in Asian Breast Cancer Patients.,"The minimal clinically important difference (MCID) of the Multidimensional Fatigue Symptom Inventory-Short Form (MFSI-SF), a questionnaire that measures cancer-related fatigue, has not been established in patients with cancer.
This study aims to determine the MCID of the MFSI-SF.
Breast cancer patients completed the MFSI-SF and the European Organization for Research and Treatment of Cancer Quality of Life Questionnaire-Core 30 (EORTC-QLQ-C30) before chemotherapy and at least three weeks later. The EORTC-QLQ-C30 fatigue scale (EORTC-FA) was used as an anchor, and a receiver operating characteristic (ROC) curve was also used to identify the optimal MCID cut-off for fatigue deterioration. A distribution-based approach used one-third of the SD, half of the SD, and one SEM of the total MFSI-SF score to determine the MCID.
A total of 201 patients were analyzed. Change scores of the MFSI-SF and EORTC-FA were moderately correlated (r = 0.47, P < 0.001). The EORTC-FA-anchored MCID was 8.69 points (95% CI: 4.03-13.34). The MCID attained from the ROC curve method was 4.50 points (sensitivity: 68.8%; specificity: 64.1%). For the distribution-based approach, the MCIDs corresponding to one-third of the SD, half of the SD, and one SEM were 5.39, 8.99, and 10.79 points, respectively.
The MCID of the MFSI-SF identified by all approaches ranged from 4.50 to 10.79 points. The MCID can be used to interpret the clinical significance of fatigue deterioration in patients with breast cancer and to determine sample sizes for future clinical trials.",0
31585960,"To map and assess prognostic models for outcome prediction in patients with chronic obstructive pulmonary disease (COPD).
Systematic review.
PubMed until November 2018 and hand searched references from eligible articles.
Studies developing, validating, or updating a prediction model in COPD patients and focusing on any potential clinical outcome.
The systematic search yielded 228 eligible articles, describing the development of 408 prognostic models, the external validation of 38 models, and the validation of 20 prognostic models derived for diseases other than COPD. The 408 prognostic models were developed in three clinical settings: outpatients (n=239; 59%), patients admitted to hospital (n=155; 38%), and patients attending the emergency department (n=14; 3%).","Prognostic prediction models for clinical outcome assessment in chronic obstructive pulmonary disease patients across outpatient, hospital, and emergency department settings.",8365300,Severe COPD and acute respiratory failure. Correlates for survival at the time of tracheal intubation.,"The recognition of a reversible cause for acute respiratory failure (ARF) is frequently difficult in patients with severe chronic obstructive pulmonary disease (COPD). We sought to identify clinical findings present at the time of tracheal intubation that were associated with successful weaning and short-term survival among a population of male veterans with severe COPD. Over a 5-year period (1987 to 1991), 39 episodes of ARF requiring mechanical ventilation (MV) were identified in 33 men with severe COPD. All the patients had a baseline FEV1 < 1 L. Univariate analysis suggested a higher serum albumin level and absence of pulmonary infiltrates on chest radiography distinguished survivors (weaned from MV for 72 h) from nonsurvivors (died while undergoing MV or within 72 h of weaning). Multivariate analysis revealed the absence of pulmonary infiltrates on initial chest radiography was the strongest correlate for survival. To examine the significance of these correlates in ARF complicating milder COPD, 19 patients with lesser degrees of chronic airways obstruction and ARF were also studied. Unlike patients with severe COPD, the presence or absence of pulmonary infiltrates on chest radiography was not correlated with survival in patients with milder chronic airways obstruction. Analyzing all COPD patients with ARF, the mortality risk associated with the presence of pulmonary infiltrates on chest radiography increased dramatically with declining baseline lung function. Mortality risk ratio analysis revealed the greatest likelihood for survival was predicted by a higher baseline FEV1 and the absence of pulmonary infiltrates on chest radiography. The extent of baseline airways obstruction alone was not correlated with short-term survival in either group. These observations suggest that in the subset of patients with severe COPD and ARF, the presence of pulmonary infiltrates on chest radiography at the time of tracheal intubation may be associated with less likelihood for survival. An exacerbation of COPD may infrequently be the terminal illness in these patients.",1
27802478,"Gout is a common type of inflammatory arthritis in patients seen by primary care physicians.
To review evidence about treatment of acute gout attacks, management of hyperuricemia to prevent attacks, and discontinuation of medications for chronic gout in adults.
Multiple electronic databases from January 2010 to March 2016, reference mining, and pharmaceutical manufacturers.
Studies of drugs approved by the U.S. Food and Drug Administration and commonly prescribed by primary care physicians, randomized trials for effectiveness, and trials and observational studies for adverse events.
Data extra","Pharmacological treatment of acute gout attacks and management of hyperuricemia to prevent recurrent attacks in adults, including efficacy, adverse events, and medication discontinuation strategies.",16783857,Dose adjustment of allopurinol according to creatinine clearance does not provide adequate control of hyperuricemia in patients with gout.,"Published guidelines state that allopurinol doses should be adjusted according to creatinine clearance. We investigated whether such dosing provides adequate control of hyperuricemia.
We studied 250 patients with gout attending rheumatology clinics in South Auckland from 2001 to 2004. Allopurinol dose, creatinine clearance, and serum uric acid (SUA) level were recorded. We analyzed the relationship between recommended allopurinol dose and SUA lowering to <or= 0.36 mmol/l.
For patients taking allopurinol, 70.9% were taking recommended doses, based on published allopurinol dosing guidelines. There were 4 (1.6%) patients with cutaneous hypersensitivity reactions to allopurinol, but none of these patients were taking higher than recommended allopurinol doses. The proportion of patients achieving SUA <or= 0.36 mmol/l was lower in those taking recommended doses, compared with those taking higher than recommended doses (19% vs 38.1%; p < 0.01).
Adherence to published allopurinol dosing guidelines led to suboptimal control of hyperuricemia in this population of patients with gout. Further work is required to clarify the safety and efficacy of allopurinol dose escalation, particularly in patients with renal impairment.",0
27893131,"The use of palliative care programs and the number of trials assessing their effectiveness have increased.
To determine the association of palliative care with quality of life (QOL), symptom burden, survival, and other outcomes for people with life-limiting illness and for their caregivers.
MEDLINE, EMBASE, CINAHL, and Cochrane CENTRAL to July 2016.
Randomized clinical trials of palliative care interventions in adults with life-limiting illness.
Two reviewers independently extracted data. Narrative synthesis was conducted for all trials. Quality of life, symptom burden, and survival were analy","Palliative care interventions improve quality of life, reduce symptom burden, and affect survival outcomes in adults with life-limiting illness and their caregivers.",32996586,The effectiveness and cost-effectiveness of hospital-based specialist palliative care for adults with advanced illness and their caregivers.,"Serious illness is often characterised by physical/psychological problems, family support needs, and high healthcare resource use. Hospital-based specialist palliative care (HSPC) has developed to assist in better meeting the needs of patients and their families and potentially reducing hospital care expenditure. There is a need for clarity on the effectiveness and optimal models of HSPC, given that most people still die in hospital and also to allocate scarce resources judiciously.
To assess the effectiveness and cost-effectiveness of HSPC compared to usual care for adults with advanced illness (hereafter patients) and their unpaid caregivers/families.
We searched CENTRAL, CDSR, DARE and HTA database via the Cochrane Library; MEDLINE; Embase; CINAHL; PsycINFO; CareSearch; National Health Service Economic Evaluation Database (NHS EED) and two trial registers to August 2019, together with checking of reference lists and relevant systematic reviews, citation searching and contact with experts to identify additional studies.
We included randomised controlled trials (RCTs) evaluating the impact of HSPC on outcomes for patients or their unpaid caregivers/families, or both. HSPC was defined as specialist palliative care delivered by a palliative care team that is based in a hospital providing holistic care, co-ordination by a multidisciplinary team, and collaboration between HSPC providers and generalists. HSPC was provided to patients while they were admitted as inpatients to acute care hospitals, outpatients or patients receiving care from hospital outreach teams at home. The comparator was usual care, defined as inpatient or outpatient hospital care without specialist palliative care input at the point of entry into the study, community care or hospice care provided outside of the hospital setting.
We used standard methodological procedures expected by Cochrane. We assessed risk of bias and extracted data. To account for use of different scales across studies, we calculated standardised mean differences (SMDs) with 95% confidence intervals (CIs) for continuous data. We used an inverse variance random-effects model. For binary data, we calculated odds ratio (ORs) with 95% CIs. We assessed the evidence using GRADE and created a 'Summary of findings' table. Our primary outcomes were patient health-related quality of life (HRQoL) and symptom burden (a collection of two or more symptoms). Key secondary outcomes were pain, depression, satisfaction with care, achieving preferred place of death, mortality/survival, unpaid caregiver burden, and cost-effectiveness. Qualitative data was analysed where available.
We identified 42 RCTs involving 7779 participants (6678 patients and 1101 caregivers/family members). Twenty-one studies were with cancer populations, 14 were with non-cancer populations (of which six were with heart failure patients), and seven with mixed cancer and non-cancer populations (mixed diagnoses). HSPC was offered in different ways and included the following models: ward-based, inpatient consult, outpatient, hospital-at-home or hospital outreach, and service provision across multiple settings which included hospital. For our main analyses, we pooled data from studies reporting adjusted endpoint values. Forty studies had a high risk of bias in at least one domain. Compared with usual care, HSPC improved patient HRQoL with a small effect size of 0.26 SMD over usual care (95% CI 0.15 to 0.37; I
Very low- to low-quality evidence suggests that when compared to usual care, HSPC may offer small benefits for several person-centred outcomes including patient HRQoL, symptom burden and patient satisfaction with care, while also increasing the chances of patients dying in their preferred place (measured by home death). While we found no evidence that HSPC causes serious harms, the evidence was insufficient to draw strong conclusions. Although these are only small effect sizes, they may be clinically relevant at an advanced stage of disease with limited prognosis, and are person-centred outcomes important to many patients and families. More well conducted studies are needed to study populations with non-malignant diseases and mixed diagnoses, ward-based models of HSPC, 24 hours access (out-of-hours care) as part of HSPC, pain, achieving patient preferred place of care, patient satisfaction with care, caregiver outcomes (satisfaction with care, burden, depression, anxiety, grief, quality of life), and cost-effectiveness of HSPC. In addition, research is needed to provide validated person-centred outcomes to be used across studies and populations.",0
31585960,"To map and assess prognostic models for outcome prediction in patients with chronic obstructive pulmonary disease (COPD).
Systematic review.
PubMed until November 2018 and hand searched references from eligible articles.
Studies developing, validating, or updating a prediction model in COPD patients and focusing on any potential clinical outcome.
The systematic search yielded 228 eligible articles, describing the development of 408 prognostic models, the external validation of 38 models, and the validation of 20 prognostic models derived for diseases other than COPD. The 408 prognostic models were developed in three clinical settings: outpatients (n=239; 59%), patients admitted to hospital (n=155; 38%), and patients attending the emergency department (n=14; 3%).","Prognostic prediction models for clinical outcome assessment in chronic obstructive pulmonary disease patients across outpatient, hospital, and emergency department settings.",20440919,Standards of care and clinical predictors in patients hospitalised for a COPD exacerbation--the Italian SOS (Stratification Observational Study).,"Hospitalisations for chronic obstructive pulmonary disease (COPD) exacerbations are major events in the natural history of the disease in terms of survival, quality of life and risk of further episodes of exacerbation. The aims of study were to evaluate: 1. adherence to recommended standards of care; and 2. clinical factors influencing major outcomes during hospitalisation for an episode of COPD exacerbation and within a 6-month follow-up.
An observational, prospective study was conducted in 68 centres. Assessment of standards of care included diagnostic procedures (such as pulmonary function tests and microbiology) and management options (such as drug therapies, vaccinations and rehabilitation). Outcome measures relevant to the hospitalisation were: survival, need for mechanical ventilation, and length of stay (LOS). Outcomes at 6-months were: survival, exacerbations and hospitalisations for an exacerbation. Multivariate logistic regression was applied to evaluate the relation between clinical factors and outcomes.
931 patients were enrolled. Only 556 patients (59.7%) were diagnosed COPD and stratified for severity with the support of spirometry (FEV1/VC < or = 0.7) and were considered for outcome analysis. Among treatments, pulmonary rehabilitation and anti-smoking counselling were applied infrequently (14.5 and 8.1% of patients, respectively). Within six months 63 COPD patients (17.7%) had at least one episode of exacerbation prompting a further hospitalisation and 19 died (5.3%). Predictor of mortality was the co-morbidity Charlson index (odds ratio, OR 10.3, p=0.03 CI: 1.25-84.96). A further hospitalisation was predicted by hospitalisation for an exacerbation in the previous 12 months (OR 3.59, p=0.003 CI: 1.54-8.39).
Standards of care were far lower than recommended, in particular 40% of patients were labelled as COPD without spirometry. COPD patients with a second hospitalisation in 12 months for an exacerbation had about 3 times the risk of suffering a new episode and hospitalisation in the following six months.",0
26903336,"Septic shock currently refers to a state of acute circulatory failure associated with infection. Emerging biological insights and reported variation in epidemiology challenge the validity of this definition.
To develop a new definition and clinical criteria for identifying septic shock in adults.
The Society of Critical Care Medicine and the European Society of Intensive Care Medicine convened a task force (19 participants) to revise current sepsis/septic shock definitions. Three sets of studies were conducted: (1) a systematic review and meta-analysis of observational studies in adults publis",Development and validation of revised clinical criteria and definition for septic shock in adults with acute circulatory failure and infection.,10507595,The patient-related costs of care for sepsis patients in a United Kingdom adult general intensive care unit.,"To determine the patient-related costs of care for critically ill patients with severe sepsis or early septic shock.
Retrospective, longitudinal, observational study during a 10-month period.
Adult general intensive care unit (ICU) in a university hospital located in the United Kingdom.
The study population consisted of 213 patients admitted consecutively to the ICU during a 10-month period. Thirty-six patients were identified using standard definitions as having developed sepsis and analyzed by group (according to the day on which sepsis was diagnosed): Group 1 patients were septic at admission to ICU (n = 16); group 2 patients were septic on their second day in the ICU (n = 10); and group 3 patients developed sepsis after their second day in the ICU (n = 10). One hundred and seventy-seven ICU patients without sepsis were used as the comparative group (group 4).
None.
Patient-related costs of care, length of ICU stay, and ICU and hospital mortality rates were compiled. The median daily costs of care for patients in groups 1, 2, and 3 were $930.74 (interquartile range $851.59-$1,263.96); $814.47 ($650.89-$1,123.06), and $1,079.39 ($705.02-$1,295.96), respectively; these were significantly more than the group 4 patient's daily cost of $750.38 ($644.10-$908.55) (p < .01). The median total cost of treating the group 4 patients was $1,666.87 ($979.71-$2,772.03), significantly less than for the patients with sepsis (p < .01). The difference in total costs of care between the sepsis groups was also significant (p < .05), with a group 1 patient costing $3,801.55 ($1,865.28-$11,676.08), a group 2 patient costing $13,089.17 ($5,792.94-$22,235.18), and a group 3 patient costing $17,962.78 ($13,030.83-$28,546.73). Patients in groups 1, 2, and 3 stayed in the ICU for 3.3 days (1.3-11.3), 16.5 days (8.9-22), and 16.1 days (10.9-9), respectively. Significant differences were found among the three groups (p < 0.05), as well as between the patients with sepsis and those without (p < 0.001), whose median length of stay was 1.9 days (0.9-3.6). The ICU mortality rates were 50% each for groups 1 and 2, 60% for group 3, and 20% for group 4. Only one patient with sepsis and 16 patients without sepsis died in the hospital ward, producing overall mortality rates of 56% for group 1 and 29% for group 4.
Patients with severe sepsis or early septic shock had a high mortality rate, spent prolonged periods of time in the ICU, and were significantly more expensive to treat than nonsepsis ICU patients.",0
32199484,"Tens of millions of children are exposed to Mycobacterium tuberculosis globally every year; however, there are no contemporary estimates of the risk of developing tuberculosis in exposed children. The effectiveness of contact investigations and preventive therapy remains poorly understood.
In this systematic review and meta-analysis, we investigated the development of tuberculosis in children closely exposed to a tuberculosis case and followed for incident disease. We restricted our search to cohort studies published between Jan 1, 1998, and April 6, 2018, in MEDLINE, Web of Science, BIOSIS, a",Incidence and risk of tuberculosis disease development in children exposed to tuberculosis cases and effectiveness of contact investigations and preventive therapy.,17826169,"Use of mental health services for anxiety, mood, and substance disorders in 17 countries in the WHO world mental health surveys.","Mental disorders are major causes of disability worldwide, including in the low-income and middle-income countries least able to bear such burdens. We describe mental health care in 17 countries participating in the WHO world mental health (WMH) survey initiative and examine unmet needs for treatment.
Face-to-face household surveys were undertaken with 84,850 community adult respondents in low-income or middle-income (Colombia, Lebanon, Mexico, Nigeria, China, South Africa, Ukraine) and high-income countries (Belgium, France, Germany, Israel, Italy, Japan, Netherlands, New Zealand, Spain, USA). Prevalence and severity of mental disorders over 12 months, and mental health service use, were assessed with the WMH composite international diagnostic interview. Logistic regression analysis was used to study sociodemographic predictors of receiving any 12-month services.
The number of respondents using any 12-month mental health services (57 [2%; Nigeria] to 1477 [18%; USA]) was generally lower in developing than in developed countries, and the proportion receiving services tended to correspond to countries' percentages of gross domestic product spent on health care. Although seriousness of disorder was related to service use, only five (11%; China) to 46 (61%; Belgium) of patients with severe disorders received any care in the previous year. General medical sectors were the largest sources of mental health services. For respondents initiating treatments, 152 (70%; Germany) to 129 (95%; Italy) received any follow-up care, and one (10%; Nigeria) to 113 (42%; France) received treatments meeting minimum standards for adequacy. Patients who were male, married, less-educated, and at the extremes of age or income were treated less.
Unmet needs for mental health treatment are pervasive and especially concerning in less-developed countries. Alleviation of these unmet needs will require expansion and optimum allocation of treatment resources.",0
30917990,"To estimate the comparative clinical efficacy and acceptability of non-surgical brain stimulation for the acute treatment of major depressive episodes in adults.
Systematic review with pairwise and network meta-analysis.
Electronic search of Embase, PubMed/Medline, and PsycINFO up to 8 May 2018, supplemented by manual searches of bibliographies of several reviews (published between 2009 and 2018) and included trials.
Clinical trials with random allocation to electroconvulsive therapy (ECT), transcranial magnetic stimulation (repetitive (rTMS), accelerated, priming, deep, and synchronised), the",Non-surgical brain stimulation including electroconvulsive therapy and transcranial magnetic stimulation for acute treatment of major depressive episodes in adults: comparative efficacy and acceptability.,23820052,Comparable seizure characteristics in magnetic seizure therapy and electroconvulsive therapy for major depression.,"Electroconvulsive therapy (ECT) is highly effective for treatment-resistant depression (TRD); however, its use for less severe forms of depression is somewhat limited by a lack of control over current spreading to medial temporal lobe memory structures, resulting in various cognitive side effects. In contrast, magnetic seizure therapy (MST), which uses high frequency repetitive transcranial magnetic stimulation (rTMS) for local seizure induction, has been associated with reduced cognitive side effects. To assess whether different characteristics of seizures induced by both methods are responsible for the differences in neuropsychological side-effect profile, we studied seven TRD-patients undergoing both MST and ECT in an open-label, within subject, controlled crossover pilot study. Comparison parameters included seizure-related ictal characteristics, including motor activity, electromyogram (EMG), electroencephalogram (EEG), and postictal recovery and reorientation times.Our results showed no differences in motor activity or EMG and EEG characteristics, thus implicating similar electrophysiological processes in seizure induction with MST and ECT. In line with previous studies, we observed shorter postictal recovery and reorientation times following MST.The ictal characteristics of induced seizures were found similar with ECT and MST suggesting that the more focal seizure induction associated with MST may account for the more beneficial neuropsychological side effect profile of MST.",0
30326495,"Burnout is a self-reported job-related syndrome increasingly recognized as a critical factor affecting physicians and their patients. An accurate estimate of burnout prevalence among physicians would have important health policy implications, but the overall prevalence is unknown.
To characterize the methods used to assess burnout and provide an estimate of the prevalence of physician burnout.
Systematic search of EMBASE, ERIC, MEDLINE/PubMed, psycARTICLES, and psycINFO for studies on the prevalence of burnout in practicing physicians (ie, excluding physicians in training) published before Jun",Prevalence of burnout syndrome among practicing physicians assessed using standardized measurement instruments and methods.,17448543,"Job strain, burnout, and depressive symptoms: a prospective study among dentists.","Burnout has been presented as an antecedent of depression, but longitudinal data are lacking. We investigated whether burnout mediates the association between job strain and depressive symptoms.
Two surveys were conducted. In 2003, 71% of Finnish dentists were reached, and the response rate of the 3-year follow-up was 84% (n=2555). Burnout was measured with the Maslach Burnout Inventory and depressive symptoms with the Beck Depression Inventory. The sequences 'job strain-burnout-depressive symptoms' and 'job strain-depressive symptoms-burnout' were investigated with logistic regression analyses.
Of the burnout sufferers without depressive symptoms at baseline, 23% reported depressive symptoms at follow-up. The adjusted odds ratio of burnout for depressive symptoms was 2.6 (95% CI 2.0-3.5). The effect of job strain on depressive symptoms had an OR of 3.4 (95% CI 2.0-5.7), but it disappeared when adjusted for burnout. Of those who had depressive symptoms without burnout at baseline, 63% had burnout at follow-up. The adjusted odds ratio of depressive symptoms for burnout was 2.2 (95% CI 1.4-3.4). The effect of job strain on burnout had an OR of 27.9 (95% CI 6.5-120.2) for the men and 4.9 (95% CI 2.5-9.6) for the women. These effects remained significant after adjustment for depressive symptoms.
The study was conducted among one occupational group.
There is a reciprocal relationship between burnout and depressive symptoms. Job strain predisposes to depression through burnout. In comparison, job strain predisposes to burnout directly and via depression.",0
31585960,"To map and assess prognostic models for outcome prediction in patients with chronic obstructive pulmonary disease (COPD).
Systematic review.
PubMed until November 2018 and hand searched references from eligible articles.
Studies developing, validating, or updating a prediction model in COPD patients and focusing on any potential clinical outcome.
The systematic search yielded 228 eligible articles, describing the development of 408 prognostic models, the external validation of 38 models, and the validation of 20 prognostic models derived for diseases other than COPD. The 408 prognostic models were developed in three clinical settings: outpatients (n=239; 59%), patients admitted to hospital (n=155; 38%), and patients attending the emergency department (n=14; 3%).","Prognostic prediction models for clinical outcome assessment in chronic obstructive pulmonary disease patients across outpatient, hospital, and emergency department settings.",20433217,Relationship between glycemic control and diabetes-related hospital costs in patients with type 1 or type 2 diabetes mellitus.,"Diabetes mellitus requires continuous medical care and patient self-management in order to prevent short-term complications and decrease the risk of long-term complications, which can result in substantial increases in the total economic burden of the disease. Findings from randomized clinical trials have shown that improved glycemic control may reduce the risk of long-term complications as long as a target for hemoglobin A1c is not set below 7% for intensive glycemic control. However, limited data from clinical practice are available regarding the relationship between glycemic control and medical costs associated with diabetes care.
To assess the potential relationships between glycemic levels, diabetes-related hospitalizations, and hospital costs among adult patients with either type 1 or type 2 diabetes mellitus who were assigned to a primary care provider (PCP) in a clinic that was affiliated with a managed care organization (MCO).
A retrospective cohort analysis was conducted using data from approximately 200,000 members of the Fallon Clinic Health Plan who were assigned to a clinic PCP at any time during a 5-year study period beginning January 1, 2002, and ending December 31, 2006. Patients aged 30 years or older with at least 2 medical claims with any listed diagnosis of diabetes mellitus (ICD-9-CM code 250.xx) during the study period and 2 or more A1c values within 1 year of each other during the study period (mean 7.6 tests over 39 months; median=6.8), were identified and stratified into 1 of 5 groups defined by 1% increments of A1c, based on their mean A1c values during the entire study period. A1c data were available only for tests ordered by a clinic provider; tests ordered by other specialists in the MCO's network were absent from the database. The study follow-up period started with each patient's first A1c test (index date) and continued until plan disenrollment, death, or December 31, 2006, whichever was earlier (end date), regardless of when the diagnosis of diabetes mellitus was made. Study measures included the proportion of patients with 1 or more diabetes-related hospitalizations, number of diabetes-related inpatient stays, and the associated estimated hospitalization costs over the follow-up period. Diabetes-related hospitalizations were identified based on a diagnosis, in any of 10 diagnosis fields, for 1 of 16 selected complications of diabetes identified by the authors. Hospital costs were estimated using discharge data (diagnoses and costs calculated from cost-to-charge ratios) contained in the 2004 Healthcare Cost and Utilization Project (HCUP) database and inflated to 2007 dollars using the medical care component of the Consumer Price Index. Multivariate models controlled for age, sex, number of A1c tests, diagnosis of cancer, and follow-up time. A multivariate logistic regression analysis was conducted with the occurrence of at least 1 diabetes-related hospital admission as the dependent variable. In the logistic regression analysis, follow-up time was defined as time from the index date to the date of the first diabetes-related hospitalization, plan disenrollment, death, or the study end date, whichever occurred first. A generalized linear model with a Poisson distribution and a log link was employed to estimate the rate of hospital admissions. In the Poisson regression analysis, follow-up time was defined as duration of the entire study follow-up period and was an offset variable. Costs were estimated using a 2-part model: first, we calculated the probability of having a hospitalization, as determined by the logistic regression above; second, a generalized linear model with a negative binomial distribution and a log link was used to predict the mean cost of diabetes-related hospitalizations only for patients with an inpatient stay, with the duration of the entire study follow-up period as an offset variable. We calculated the mean per patient cost of diabetes-related hospitalizations by multiplying the probability of having a hospitalization (as determined by the first part of the model) by the mean costs for patients who had such admissions (as determined by the second part of the model).
9,887 patients met study selection criteria. Mean A1c level was < 7% for 5,649 (57.1%) patients, 7% to < 8% for 2,747 (27.8%), 8% to < 9% for 1,002 (10.1%), 9% to < 10% for 312 (3.2%), and 10% or more for 177 (1.8%). Over a mean (median) 40 (40) months of follow-up (interquartile range = 30-50 months), 28.7% (n = 2,838) of patients had 1 or more diabetes- related hospital admissions. In the logistic regression analysis, odds of having at least 1 diabetes-related hospital stay did not significantly differ for patients with mean A1c of < 7% compared with patients in most higher mean A1c categories (7% to < 8%, 8% to < 9%, or 9% to < 10%); however, odds of having a diabetes-related hospitalization were significantly higher for patients with mean A1c of 10% or more compared with patients with mean A1c of < 7% (odds ratio = 2.13, 95% confidence interval = 1.36-3.33). In the negative binomial regression analysis of those with at least 1 hospital admission, estimated costs per hospitalized patient increased by mean A1c level. In the Poisson regression analysis, the rate of diabetes-related hospitalizations significantly increased by A1c level (13 per 100 patient-years for patients with mean A1c of < 7% vs. 30 per 100 patient-years for mean A1c of 10% or more when covariates were held at mean levels, P<0.001). In the 2-part model results, adjusted mean estimated costs of diabetes-related hospitalizations per study patient were $2,792 among those with mean A1c of < 7% and $6,759 among those with mean A1c of 10% or more.
In this managed-care plan, the odds of having at least 1 diabetes-related hospitalization were not significantly associated with higher mean A1c except for patients with mean A1c of at least 10%. However, higher mean A1c levels were associated with significantly higher estimated hospitalization costs among those with at least 1 hospitalization and with higher rates of diabetes-related hospital utilization per 100 patient-years.",0
22226047,"Despite widespread use of intrapartum antibiotic prophylaxis, group B streptococcus remains a leading cause of morbidity and mortality in infants in Europe, the Americas, and Australia. However, estimates of disease burden in many countries outside of these regions is not available. We aimed to examine the current global burden of invasive disease and the serotype distribution of group B streptococcus isolates.
We searched Medline, Embase, and Wholis databases for studies on invasive early-onset (day 0-6) and late-onset (day 7-89) group B streptococcal disease. Eligible studies were those that described incidence, deaths, or serotypes. We also reviewed reference lists and contacted experts to seek unpublished data and data missed by our search. Random effects meta-analysis was used to pool data.",Global burden and serotype distribution of invasive group B streptococcal disease in neonates with early-onset and late-onset infection across different geographic regions.,16092460,Trends in the epidemiology of neonatal sepsis of vertical transmission in the era of group B streptococcal prevention.,"To assess trends in the epidemiology of culture-proven and clinical neonatal sepsis of vertical transmission in the era of intrapartum antibiotic prophylaxis.
Since 1995, the neonatal services of 28 acute-care teaching hospitals in Spain (""Grupo de Hospitales Castrillo"") have been involved in the prospective surveillance of neonatal infection of vertical transmission. We here report the comparison of the incidence for the periods 1996-1997 and 2000-2001, and look separately at two groups of hospitals according to the time at which the official hospital policy to provide intrapartum antibiotic prophylaxis for group B Streptococcus (GBS) prevention was adopted. In 16 hospitals the policy was adopted in 1999 and in 10 before 1998 (nine hospitals in 1996, one in 1997).
The incidence of proven sepsis decreased significantly by 22% and 54% in the hospitals that started prophylaxis in 1999 and before 1998, respectively. The incidence of GBS sepsis also declined significantly by 36.4% and 65.4% in both groups of hospitals, respectively. Significant variations in the incidence of clinical vertical sepsis as well as in the incidence of sepsis caused by Haemophilus influenzae and Klebsiella were not found. Sepsis caused by Escherichia coli increased in the hospitals with prophylaxis from 1999 and decreased in those that began prophylaxis before 1998, in which the mortality rate of proven and clinical sepsis also decreased significantly by 58.6%.
There was a substantial decline in the incidence of proven vertical sepsis, with a significant reduction of GBS sepsis, although decreases were more marked when antibiotic prophylaxis was started before 1998. In this group of hospitals, there was also a decrease in the mortality rate. Fluctuations in the incidence of E. coli infection suggest the need for continuing epidemiological surveillance.",1
27802505,"Alternative strategies exist for diagnosing gout that do not rely solely on the documentation of monosodium urate (MSU) crystals.
To summarize evidence regarding the accuracy of clinical tests and classification algorithms compared with that of a reference standard of MSU crystals in joint aspirate for diagnosing gout.
Several electronic databases from inception to 29 February 2016.
21 prospective cohort, cross-sectional, and case-control studies including participants with joint inflammation and no previous definitive gout diagnosis who had MSU analysis of joint aspirate.
Data extraction and ",Diagnostic accuracy of clinical tests and classification algorithms for gout compared to monosodium urate crystal analysis in joint aspirate.,20625017,A diagnostic rule for acute gouty arthritis in primary care without joint fluid analysis.,"Most cases of acute gouty arthritis are diagnosed in primary care and without joint fluid analysis in many instances. Our objectives were to estimate the validity of this diagnosis by family physicians and to develop a diagnostic rule.
Patients with monoarthritis recruited in an open Dutch population with gout by family physician diagnosis were enrolled in a diagnostic study (March 24, 2004, through July 14, 2007). Validity variables were estimated using 2 x 2 tables, with the presence of synovial monosodium urate crystals as the reference test. For development of the diagnostic rule, clinical variables (including the presence of synovial monosodium urate crystals) were collected within 24 hours. Statistically significant variables and predefined variables were separately entered in multivariate logistic regression models to predict the presence of synovial monosodium urate crystals. Diagnostic performance of the models was tested by receiver operating characteristic curve analysis. The most appropriate model was transformed to a clinically useful diagnostic rule.
Three hundred twenty-eight patients were included in the study. The positive and negative predictive values of family physician diagnosis of gout were 0.64 and 0.87, respectively. The most appropriate model contained the following predefined variables: male sex, previous patient-reported arthritis attack, onset within 1 day, joint redness, first metatarsophalangeal joint (MTP1) involvement, hypertension or 1 or more cardiovascular diseases, and serum uric acid level exceeding 5.88 mg/dL (to convert serum uric acid level to micromoles per liter, multiply by 59.485). The area under the receiver operating characteristic curve for this model was 0.85 (95% confidence interval, 0.81-0.90). Performance did not change after transforming the regression coefficients to easy-to-use scores and was almost equal to that of the statistically optimal model (area under the receiver operating characteristic curve, 0.87; 95% confidence interval, 0.83-0.91).
The validity of family physician diagnosis of acute gouty arthritis was moderate in this study. An easy-to-use diagnostic rule without joint fluid analysis was developed for their use.",1
27737830," To identify and characterise non-specific immunological effects after routine childhood vaccines against BCG, measles, diphtheria, pertussis, and tetanus.
 Systematic review of randomised controlled trials, cohort studies, and case-control studies.
 Embase, PubMed, Cochrane library, and Trip searched between 1947 and January 2014. Publications submitted by a panel of experts in the specialty were also included.
 All human studies reporting non-specific immunological effects after vaccination with standard childhood immunisations. Studies using recombinant vaccines, no vaccine at all, or repor","Non-specific immunological effects and off-target immune responses following routine childhood vaccination with BCG, measles, diphtheria, pertussis, and tetanus vaccines.",6415162,NK cell function in severe combined immunodeficiency (SCID): evidence of a common T and NK cell defect in some but not all SCID patients.,"The immunologic work-up of eight infants with the clinical diagnosis of severe combined immunodeficiency (SCID) was performed with special emphasis on natural killer (NK) cell function and ontogeny. Contrary to previous reports, our study shows that not all SCID patients lack NK activity; some may even express very high NK- and antibody-dependent cellular cytotoxicity (ADCC). The present group of eight SCID infants was homogeneous with respect to normal levels of the purine metabolism enzymes adenosine deaminase (ADA) and purine nucleoside phosphorylase (PNP). They all had low serum Ig levels and were defective for specific antibody formation against BSA and diphtheria toxin (DiT). None of the infants' peripheral blood mononuclear cells (PBMC) proliferated significantly upon in vitro stimulation with PHA, concanavalin A (Con A), pokeweed mitogen (PWM), and irradiated allogeneic lymphocytes. Seven of eight patients, however, responded significantly to mitogenic factors present in a lectin-free interleukin 2 (IL 2) preparation, and two exhibited a positive costimulation as well with simultaneous exposure to IL 2 + Con A. The lymphocyte marker analysis revealed high percentages of OKT10+ cells in seven of eight infants, whereas peripheral T cells (OKT3+) with suppressor/killer (OKT8+) or helper/inducer (OKT4+) phenotypes were abnormally low in all infants with one exception. The PBMC of two patients formed low to normal percentages of E rosettes but expressed no B cell markers (B-/SCID). The six other infants had high percentages of B cells (B+/SCID) but lacked E rosette-forming cells. High NK and ADCC activity was found in the two B-/SCID patients. The B+/SCID infants either totally lacked NK and ADCC function (four of six) or expressed low to normal NK activity together with some T cell markers as revealed by monoclonal antibody staining but not by E rosette formation (two of six). From the data presented, an ontogenic model is proposed that assumes the status of an independent cell lineage in between T cells and monocytes for human NK cells, or that places these cells in close proximity to early differentiation steps of the T cell lineage. In any case, NK cell function clearly constitutes an additional parameter of heterogeneity in the immunologic analysis of SCID.",0
27802478,"Gout is a common type of inflammatory arthritis in patients seen by primary care physicians.
To review evidence about treatment of acute gout attacks, management of hyperuricemia to prevent attacks, and discontinuation of medications for chronic gout in adults.
Multiple electronic databases from January 2010 to March 2016, reference mining, and pharmaceutical manufacturers.
Studies of drugs approved by the U.S. Food and Drug Administration and commonly prescribed by primary care physicians, randomized trials for effectiveness, and trials and observational studies for adverse events.
Data extra","Pharmacological treatment of acute gout attacks and management of hyperuricemia to prevent recurrent attacks in adults, including efficacy, adverse events, and medication discontinuation strategies.",22316088,Can racial disparities in optimal gout treatment be reduced? Evidence from a randomized trial.,"There is a disproportionate burden of gout in African-Americans in the U.S. due to a higher disease prevalence and lower likelihood of receiving urate-lowering therapy (ULT), compared to Caucasians. There is an absence of strong data as to whether the response to ULT differs by race/ethnicity. BMC Musculoskeletal Disorders recently published a secondary analyses of the CONFIRMS trial, a large randomized controlled, double-blind trial of 2,269 gout patients. The authors reported that the likelihood of achieving the primary study efficacy end-point of achieving serum urate<6 mg/dl was similar between African-Americans and Caucasians, for all three treatment arms (Febuxostat 40 mg and 80 mg and allopurinol 300/200 mg). More importantly, rates were similar in subgroups of patients with mild or moderate renal insufficiency. Adverse event rates were similar, as were the rates of gout flares. These findings constitute a convincing evidence to pursue aggressive ULT in gout patients, regardless of race/ethnicity. This approach will likely help to narrow the documented racial disparities in gout care. Please see related article: http://www.biomedcentral.com/1471-2474/13/15.",0
31585960,"To map and assess prognostic models for outcome prediction in patients with chronic obstructive pulmonary disease (COPD).
Systematic review.
PubMed until November 2018 and hand searched references from eligible articles.
Studies developing, validating, or updating a prediction model in COPD patients and focusing on any potential clinical outcome.
The systematic search yielded 228 eligible articles, describing the development of 408 prognostic models, the external validation of 38 models, and the validation of 20 prognostic models derived for diseases other than COPD. The 408 prognostic models were developed in three clinical settings: outpatients (n=239; 59%), patients admitted to hospital (n=155; 38%), and patients attending the emergency department (n=14; 3%).","Prognostic prediction models for clinical outcome assessment in chronic obstructive pulmonary disease patients across outpatient, hospital, and emergency department settings.",21447934,Comparison of noninvasive ventilation by sequential use of mask and helmet versus mask in acute exacerbation of chronic obstructive pulmonary disease: a preliminary study.,"Noninvasive positive pressure ventilation (NPPV) using a face mask is the ventilatory mode of choice in selected patients experiencing acute exacerbation of chronic obstructive pulmonary disease (COPD). A high incidence of intolerance limits the use of this approach.
To evaluate the sequential use of mask and helmet during NPPV in patients with severe exacerbation of COPD in order to reduce the intolerance to these devices.
Fifty-three patients ventilated for the first 2 h with NPPV by mask were studied. If gas exchange and clinical status improved, they were randomized to continue on NPPV by mask or helmet. Physiological parameters were measured at admission, after the first 2 h on NPPV by mask, 4 h after randomization and at discharge. Need for intubation, ventilatory assistance, length of stay (LOS) and complications were recorded.
After the first 2 h of NPPV, gas exchange and clinical parameters improved in 40 patients. Four hours after randomization, PaCO(2) was lower in the mask group than in the helmet group. Nine patients in the mask group and 2 in the helmet group failed NPPV, 8 and 1, respectively, owing to intolerance. Time of noninvasive ventilation and LOS were lower in the mask than in the helmet group.
In patients with acute exacerbation of COPD and undergoing NPPV, the sequential use of a mask and helmet diminished the incidence of failure. Under the present experimental conditions, the use of a helmet increased LOS and the duration of artificial ventilation.",0
27802505,"Alternative strategies exist for diagnosing gout that do not rely solely on the documentation of monosodium urate (MSU) crystals.
To summarize evidence regarding the accuracy of clinical tests and classification algorithms compared with that of a reference standard of MSU crystals in joint aspirate for diagnosing gout.
Several electronic databases from inception to 29 February 2016.
21 prospective cohort, cross-sectional, and case-control studies including participants with joint inflammation and no previous definitive gout diagnosis who had MSU analysis of joint aspirate.
Data extraction and ",Diagnostic accuracy of clinical tests and classification algorithms for gout compared to monosodium urate crystal analysis in joint aspirate.,25486309,Managing gout: there's more we can do.,[No Abstract],0
22872710,"To evaluate the risk of venous thromboembolic events associated with the use of progestin-only contraception and whether that risk differs with the mode of drug delivery (oral, intrauterine, or depot injection).
Systematic review and meta-analysis of randomised controlled trials and observational studies.
Pubmed, Embase, Cochrane Library, and reference lists of relevant reviews.
Randomised controlled trials and case-control, cohort, and cross sectional studies with venous thromboembolic outcome for progestin-only contraception reported relative to a non-hormone comparator group.
Data were extracted by two independent investigators, and consensus for inclusion was reached after assessment by additional investigators.","Venous thromboembolic risk associated with progestin-only contraception compared to non-hormonal methods across oral, intrauterine, and depot injection delivery modes.",10071398,The risk of serious illness among oral contraceptive users: evidence from the RCGP's oral contraceptive study.,"So far, no-one has attempted to evaluate the overall balance of serious, but not necessarily fatal, disease among a cohort of oral contraceptive users.
To emprirically assess the balance of risk of serious illness among a cohort of oral contraceptive users followed up for up to 28 years.
Oral contraceptive-associated serious disease was defined as that which is often life-threatening and/or associated with long-term disability, and which has been found, or postulated, to be associated with use of combined oral contraceptives. Data from the Royal College of General Practitioners' (RCGP) Oral Contraception Study were examined to determine the rate of such conditions during 335,181 woman-years of observation in 'ever users' and 228,727 woman-years in 'never users'. The rates were standardized for age, parity, social class, and smoking.
Compared with never users, ever users had a small increased risk of any serious disease (relative risk = 1.17; 95% confidence interval = 1.09-1.25). Ever users had an excess risk of cerebrovascular disease, pulmonary embolism, and venous thromboembolism, and reduced risk of ovarian and endometrial cancer. The increased risk was seen only in younger women; by the age of 50, ever users had the same risk as never users. The risk appeared to be confined to women using older oral contraceptives containing 50 micrograms or more of oestrogen.
Past users of older, higher dose oral contraceptives can be reassured that the small increased risk of serious disease seen during current use does not persist after stopping, and that latent effects do not appear later in life. Currently available oral contraceptives, containing less than 50 micrograms of oestrogen accompanied by the progestogen, levonorgestrel, or norethisterone acetate, do not appear to be associated with an increased net risk of serious disease.
Combined oral contraceptives (OCs) have been implicated with an increased risk of a number of illnesses, particularly vascular conditions such as stroke, ischemic heart disease, venous thrombosis, and peripheral vascular disease. This study assessed the balance of risk of serious illness among a cohort of OC users followed for up to 28 years. Data from the Royal College of General Practitioners' Oral Contraception Study were examined to determine the rate of such conditions during 335,181 woman-years of observation for ever-users and 228,727 woman-years for never-users. The rates were standardized for age, parity, social class, and smoking. Results of the study indicated that in comparison with never-users, ever-users had a small increased risk of any serious disease. Ever-users had an excess risk of cerebrovascular disease, pulmonary embolism, and venous thromboembolism, and reduced risk of ovarian and endometrial cancer. The increased risk was seen only in younger women; by the age of 50, ever-users had the same risk as never-users. The risk appeared to be confined to women using OCs containing 50 mcg or more of estrogen. In conclusion, past users of higher-dose OCs can be reassured that the small increased risk of serious disease seen during current use does not persist after stopping and that latent effects do not appear later in life. Currently available OCs containing less than 50 mcg of estrogen, accompanied by the progestogen, levonorgestrel, or norethisterone acetate, do not appear to be associated with an increased net risk of serious disease.",0
27737830," To identify and characterise non-specific immunological effects after routine childhood vaccines against BCG, measles, diphtheria, pertussis, and tetanus.
 Systematic review of randomised controlled trials, cohort studies, and case-control studies.
 Embase, PubMed, Cochrane library, and Trip searched between 1947 and January 2014. Publications submitted by a panel of experts in the specialty were also included.
 All human studies reporting non-specific immunological effects after vaccination with standard childhood immunisations. Studies using recombinant vaccines, no vaccine at all, or repor","Non-specific immunological effects and off-target immune responses following routine childhood vaccination with BCG, measles, diphtheria, pertussis, and tetanus vaccines.",9124832,Lymphocyte proliferative response and subset profiles during extended periods of chloroquine or primaquine prophylaxis.,"Immune suppression and disturbances of normal leukocyte populations are side effects attributed to many antimalarial drugs and were concerns during a recent year-long placebo-controlled trial that compared daily primaquine (0.5 mg of base per kg of body weight per day) with weekly chloroquine (300 mg of base one time per week) for malaria prophylaxis. The study took place in Irian Jaya, Indonesia, from July 1994 to August 1995 and enrolled 129 Javanese men with normal glucose-6-phosphate dehydrogenase function. Tests for lymphocyte function and subset composition were conducted blindly on a cross-section of subjects during weeks 10 (n = 42) and 48 (n = 72) of supervised prophylaxis. Lymphocyte function, measured as the proliferative response of peripheral blood mononuclear cells to a panel of mitogens (pokeweed mitogen, phytohemagglutinin, and concanavalin A) and antigens (purified protein derivative of Mycobacterium tuberculosis and Clostridium tetani toxoid) and expressed as a stimulation index, allowed for statistical comparison between groups and sampling times. The lymphocyte subset composition for each group and time point was based on flow cytometry profiling, and the results were expressed as the mean percentages of CD3 (total T cells), CD19 (total B cells), CD4+ (T-helper and inducer cells), and CD8+ (T suppressor and cytotoxic cells), CD3/CD16+ CD56 (natural killer cells), CD3/anti-HLA-DR (activated T cells) cells and the CD4+/CD8+ ratios. Lymphocyte stimulation indices were statistically comparable among the placebo, primaquine, and chloroquine groups at both time points, although the primaquine group was distinguished by having repeatedly greater proportions of subjects with high ( > 3.0) stimulation indices. The lymphocyte subset profiles of these groups at both time points were also similar and undistorted relative to those of healthy reference populations matched for age, sex, and ethnicity. The results provide quantitative support for the safety of daily primaquine prophylaxis.",0
31585960,"To map and assess prognostic models for outcome prediction in patients with chronic obstructive pulmonary disease (COPD).
Systematic review.
PubMed until November 2018 and hand searched references from eligible articles.
Studies developing, validating, or updating a prediction model in COPD patients and focusing on any potential clinical outcome.
The systematic search yielded 228 eligible articles, describing the development of 408 prognostic models, the external validation of 38 models, and the validation of 20 prognostic models derived for diseases other than COPD. The 408 prognostic models were developed in three clinical settings: outpatients (n=239; 59%), patients admitted to hospital (n=155; 38%), and patients attending the emergency department (n=14; 3%).","Prognostic prediction models for clinical outcome assessment in chronic obstructive pulmonary disease patients across outpatient, hospital, and emergency department settings.",26769015,Validation of the DECAF score to predict hospital mortality in acute exacerbations of COPD.,"Hospitalisation due to acute exacerbations of COPD (AECOPD) is common, and subsequent mortality high. The DECAF score was derived for accurate prediction of mortality and risk stratification to inform patient care. We aimed to validate the DECAF score, internally and externally, and to compare its performance to other predictive tools.
The study took place in the two hospitals within the derivation study (internal validation) and in four additional hospitals (external validation) between January 2012 and May 2014. Consecutive admissions were identified by screening admissions and searching coding records. Admission clinical data, including DECAF indices, and mortality were recorded. The prognostic value of DECAF and other scores were assessed by the area under the receiver operator characteristic (AUROC) curve.
In the internal and external validation cohorts, 880 and 845 patients were recruited. Mean age was 73.1 (SD 10.3) years, 54.3% were female, and mean (SD) FEV1 45.5 (18.3) per cent predicted. Overall mortality was 7.7%. The DECAF AUROC curve for inhospital mortality was 0.83 (95% CI 0.78 to 0.87) in the internal cohort and 0.82 (95% CI 0.77 to 0.87) in the external cohort, and was superior to other prognostic scores for inhospital or 30-day mortality.
DECAF is a robust predictor of mortality, using indices routinely available on admission. Its generalisability is supported by consistent strong performance; it can identify low-risk patients (DECAF 0-1) potentially suitable for Hospital at Home or early supported discharge services, and high-risk patients (DECAF 3-6) for escalation planning or appropriate early palliation.
UKCRN ID 14214.",1
23814120,"To investigate the association between intake of fish and n-3 polyunsaturated fatty acids (n-3 PUFA) and the risk of breast cancer and to evaluate the potential dose-response relation.
Meta-analysis and systematic review of prospective cohort studies.
PubMed and Embase up to December 2012 and references of retrieved relevant articles.
Prospective cohort studies with relative risk and 95% confidence intervals for breast cancer according to fish intake, n-3 PUFA intake, or tissue biomarkers.
Twenty six publications, including 20,905 cases of breast cancer and 883,585 participants from 21 indepen",Fish and n-3 polyunsaturated fatty acid intake association with breast cancer risk and dose-response relationship in prospective cohort studies.,18390841,Association between serum trans-monounsaturated fatty acids and breast cancer risk in the E3N-EPIC Study.,"The authors assessed the association between serum phospholipid fatty acids as biomarkers of fatty acid intake and breast cancer risk among women in the E3N Study (1989-2002), the French component of the European Prospective Investigation into Cancer and Nutrition. During an average of 7 years of follow-up, 363 cases of incident invasive breast cancer were documented among 19,934 women who, at baseline (1995-1998), had completed a diet history questionnaire and provided serum samples. Controls were randomly matched to cases by age, menopausal status at blood collection, fasting status at blood collection, date, and collection center. Serum phospholipid fatty acid composition was assessed by gas chromatography. Adjusted odds ratios for risk of breast cancer with increasing levels of fatty acids were calculated using conditional logistic regression. An increased risk of breast cancer was associated with increasing levels of the trans-monounsaturated fatty acids palmitoleic acid and elaidic acid (highest quintile vs. lowest: odds ratio = 1.75, 95% confidence interval: 1.08, 2.83; p-trend = 0.018). cis-Monounsaturated fatty acids were unrelated to breast cancer risk. A high serum level of trans-monounsaturated fatty acids, presumably reflecting a high intake of industrially processed foods, is probably one factor contributing to increased risk of invasive breast cancer in women.",1
22226047,"Despite widespread use of intrapartum antibiotic prophylaxis, group B streptococcus remains a leading cause of morbidity and mortality in infants in Europe, the Americas, and Australia. However, estimates of disease burden in many countries outside of these regions is not available. We aimed to examine the current global burden of invasive disease and the serotype distribution of group B streptococcus isolates.
We searched Medline, Embase, and Wholis databases for studies on invasive early-onset (day 0-6) and late-onset (day 7-89) group B streptococcal disease. Eligible studies were those that described incidence, deaths, or serotypes. We also reviewed reference lists and contacted experts to seek unpublished data and data missed by our search. Random effects meta-analysis was used to pool data.",Global burden and serotype distribution of invasive group B streptococcal disease in neonates with early-onset and late-onset infection across different geographic regions.,10449272,Intrapartum antibiotic prophylaxis increases the incidence of gram-negative neonatal sepsis.,"To investigate the influence of the increased use of intrapartum chemoprophylaxis on the incidence of vertically transmitted neonatal sepsis.
Multiple institutional databases were queried for the number of cases in which intrapartum antibiotics were used, the obstetric risk factors that were present, and the number of resultant cases of neonatal sepsis that occurred for deliveries from 1992 through 1997. Intrapartum antibiotic use was compared between the first and fourth quarter of 1997. Comparisons were made between the years 1992-1996 and 1997 for the incidence of the various pathogens causing neonatal sepsis; group B streptococcus (GBS), gram-negative sepsis, and others.
We found a significant increase in intrapartum chemoprophylaxis between the first and fourth quarters of 1997 corresponding to the increased physician awareness of published guidelines. As expected, the incidence of neonatal GBS sepsis was drastically reduced (from 1.7/1000 live births to 0 in 3730 births, P = 0.02). Unfortunately, there was a concomitant increase in the incidence of gram-negative sepsis (0.29/1000 vs. 1.3/1000, P = .02). The overall incidence of neonatal sepsis remained unchanged (2.7/1000 vs. 2.1/1000, P = .69).
Published guidelines have encouraged physicians to increase the use of intrapartum chemoprophylaxis to reduce vertical transmission of GBS. This study confirms the efficacy of this approach. Unfortunately, this reduction comes at the cost of increasing the incidence of ampicillin-resistant gram-negative neonatal sepsis with a resultant increased mortality. These data provide compelling evidence that the policy of providing ampicillin chemoprophylaxis in selected patients needs to be reconsidered.",0
26420598,"To determine whether increasing calcium intake from dietary sources affects bone mineral density (BMD) and, if so, whether the effects are similar to those of calcium supplements.
Random effects meta-analysis of randomised controlled trials.
Ovid Medline, Embase, Pubmed, and references from relevant systematic reviews. Initial searches were undertaken in July 2013 and updated in September 2014.
Randomised controlled trials of dietary sources of calcium or calcium supplements (with or without vitamin D) in participants aged over 50 with BMD at the lumbar spine, total hip, femoral neck, total body, or forearm as an outcome.",Dietary calcium intake and calcium supplementation effects on bone mineral density in adults over 50 years old.,2187327,Treatment of the vertebral crush fracture syndrome with enteric-coated sodium fluoride tablets and calcium supplements.,"A cohort of 101 patients were treated with enteric-coated sodium fluoride tablets and calcium supplements. Vitamin D was also given in supra-physiologic doses in 70% of the cases. Lumbar bone mineral density (BMD), as measured by dual-photon absorptiometry, increased in a linear fashion up to four years, irrespective of the value of initial BMD and of the underlying condition, be it involutional osteoporosis (the vast majority), glucocorticoid osteoporosis, or even osteogenesis imperfecta. Estrogen replacement therapy (ERT) seemed to promote the fluoride-induced increase in lumbar BMD, as did the vitamin D supplements. Of these patients, 17% proved ""resistant"" to the therapy. There was no way of predicting who would be in this category. Compared with an age- and sex-matched control group, women showed significantly different behavior of their bone mass. In the control group, the losses were highly significant at the lumbar spine and at all three scanning sites of the forearm, as measured by single-photon absorptiometry. In contrast, the fluoride group had a significant gain of BMD at the lumbar spine and changes of BMC at the forearm were not significant. Fluoride thus preserved bone mass at the appendicular skeleton, while increasing it at the axial skeleton. When comparing the patients who received vitamin D supplements and those who did not, there was a significant difference in the appendicular skeleton. The distal forearm in the vitamin D-supplemented group tended to gain, whereas the midforearm lost significant bone mass. The trend was reversed in the group without vitamin D-supplementation, a more favorable pattern. Therefore, vitamin D supplements should not, as a rule, be provided to such patients. The biochemical hallmark of the fluoride-induced changes is a slight rise of the alkaline phosphatase within the normal range. Alkaline phosphatase levels that exceed the upper limit of normal signal a warning that too much fluoride and/or too little calcium supplements are being administered, or that a fluoride-related complication is impending or has occurred (e.g., a stress fracture). Osteosclerosis was achieved in 69% of the cases who had a radiological followup of at least four years (average period of appearance: 1.8 years). Stress fractures in the lower limbs occurred in 17 patients, almost exclusively in females, and appeared on average 2.2 years after initiation of therapy. In this group of stress fractures there was significant cortical bone loss at midforearm.(ABSTRACT TRUNCATED AT 400 WORDS)",0
27737830," To identify and characterise non-specific immunological effects after routine childhood vaccines against BCG, measles, diphtheria, pertussis, and tetanus.
 Systematic review of randomised controlled trials, cohort studies, and case-control studies.
 Embase, PubMed, Cochrane library, and Trip searched between 1947 and January 2014. Publications submitted by a panel of experts in the specialty were also included.
 All human studies reporting non-specific immunological effects after vaccination with standard childhood immunisations. Studies using recombinant vaccines, no vaccine at all, or repor","Non-specific immunological effects and off-target immune responses following routine childhood vaccination with BCG, measles, diphtheria, pertussis, and tetanus vaccines.",16618789,T helper 1/T helper 2 cytokine imbalance in respiratory syncytial virus infection is associated with increased endogenous plasma cortisol.,"Cellular immunity has classically been described as the defense mechanism for viral infections. The development of cellular or humoral immune responses will depend on a repertoire of cytokines produced by numerous cells, including CD4+ and CD8+ T cells. These lymphocytes can be subdivided into 2 subsets, T helper 1 (Th1) and Th2, on the basis of the cytokine profiles they synthesize. Type 1 T cells produce interferon gamma (IFN-gamma), an essential cytokine in the viral cell-mediated immune response. Th2 cells selectively produce interleukin 4 (IL-4) and IL-5 that participate in the development of humoral immunity and have a prominent role in immediate-type hypersensitivity. An imbalance in the Th1/Th2 cytokine immune response has been related to pathogenesis of the respiratory syncytial virus (RSV) bronchiolitis and to the severity of the infection. Glucocorticosteroids have a role in inhibiting the IFN-gamma response, acting directly on T cells or indirectly through IL-12. In this way, an increase in plasma cortisol would induce a decrease in the Th1 products with the imbalance between Th1/Th2 cytokines and a shift to Th2 response. We hypothesized that there is a relationship among endogenous cortisol response in acute RSV infection, severity of illness, and decreased Th1 cytokine response.
We studied 42 infants under 12 months of age during an acute RSV infection. Twenty-one infants with a median age of 6 months had a severe illness and required hospitalization, whereas 21 with mild diseases with a median age of 7 months were under ambulatory control. All of them had bronchial obstruction evidenced by wheezing and/or hyperinflation on chest radiograph and positive RSV antigen detected by indirect immunofluorescence in nasopharyngeal aspirates. The control group included 21 infants in good health matched by age and gender with median age of 6 months that required blood tests for minor surgery. They were evaluated during a non-RSV epidemic period. Heparinized blood was collected on enrollment from all participating children at 9 am for total leukocyte and differential cell count, determination of lymphocyte subsets, and for intracellular detection of cytokines in single cells; mononuclear cells were cultured to determine in the supernatant cytokine production. In addition, 1 mL of plasma was separated and kept frozen at -20 degrees C for cortisol assay. In the supernatant of the cultured peripheral blood mononuclear cells (PBMCs), we quantified IL-12, IFN-gamma, IL-4, IL-5, and IL-10. Lymphocyte phenotypes and CD4+ and CD8+ T cells with intracellular IL-4, IL-10, and IFN-gamma were analyzed by triple-color immunofluorescence of single cells on a FACScan flow cytometer.
Infants with severe illness had significantly higher plasma cortisol levels than infants with mild disease, and in both groups of infected infants, those were higher than in the control group. A significantly decreased IL-12 and IFN-gamma production by PBMCs and a fall in the percentage of CD4+ T cells expressing IFN-gamma were observed only in the severely affected infants. IL-12 concentrations were 2 pg/mL in severe illness versus 13 pg/mL in mildly infected infants and 12 pg/mL in controls. PBMCs from infants with severe illness produced less IFN-gamma than mildly infected infants and than controls when compared with severe illness. No differences between the 3 groups of infants were observed during the acute phase of the disease for IL-4, IL-5, and IL-10. IL-12 and IFN-gamma production had an inverse correlation with plasma cortisol levels. During severe RSV bronchiolitis, infants developed lymphopenia, and significantly lower eosinophil counts and percentages and absolute counts of CD4+ and CD8+ T cells. Eighty days postinfection, all values had returned to normal levels.
In this study, we demonstrate that during the acute phase of RSV infection, there is an increase in the level of plasma cortisol that is parallel to the decrease in IL-12 and IFN-gamma production. These findings suggest an association between increased plasma cortisol and a decreased Th1-type response. The increase in plasma cortisol was greater in infants with the more severe symptomatology in association with a lower level of IL-12 and IFN-gamma production. The potential causative role of endogenous cortisol in the imbalance of the Th1/Th2 response observed during severe RSV infection requires additional investigation. Our results suggest that the immunologic changes observed in the more severely ill patients may be partially explained by the increased levels of plasma cortisol. This finding should be taken into consideration when systemic steroids are prescribed to infants infected with the RSV because there is still controversy regarding the efficacy of systemic steroid use in severe bronchiolitis.",0
22226047,"Despite widespread use of intrapartum antibiotic prophylaxis, group B streptococcus remains a leading cause of morbidity and mortality in infants in Europe, the Americas, and Australia. However, estimates of disease burden in many countries outside of these regions is not available. We aimed to examine the current global burden of invasive disease and the serotype distribution of group B streptococcus isolates.
We searched Medline, Embase, and Wholis databases for studies on invasive early-onset (day 0-6) and late-onset (day 7-89) group B streptococcal disease. Eligible studies were those that described incidence, deaths, or serotypes. We also reviewed reference lists and contacted experts to seek unpublished data and data missed by our search. Random effects meta-analysis was used to pool data.",Global burden and serotype distribution of invasive group B streptococcal disease in neonates with early-onset and late-onset infection across different geographic regions.,16877850,Early neonatal streptococcal infection.,"To determine the incidence of early onset Group B Streptococcal (GBS) infection in infants born over a two year period and to determine the outcome of sepsis evaluation in infants born to mothers with GBS colonization.
The charts of infants born to mothers with GBS colonization were reviewed for details of sepsis evaluation and management. The microbiology records were used to identify proven cases of GBS septicemia and meningitis in neonates born during the study period.
Out of a total of 4636 live births in 2 years, there was one infant with culture-proven GBS septicemia, an incidence of 0.2 per 1000 live births. During the study period 83 infants were born to mothers who were known to have GBS carriage at the time of delivery. 73 out of these 83 infants (88%) had sepsis evaluation and received empirical parenteral penicillin for at least 5 days. There were no cases of blood culture-proven GBS sepsis among these 83 infants. However, there were 2 cases of probable sepsis giving an attack rate of 2.4%. All the three infants with definite or probable sepsis were preterm; there were no deaths among these affected infants.
The overall incidence of early onset GBS sepsis was found to be low when compared to previous reported studies. The strategy of sepsis evaluation and management was found to be effective in preventing death and definite GBS septicemia in infants born to GBS colonized mothers.",1
31585960,"To map and assess prognostic models for outcome prediction in patients with chronic obstructive pulmonary disease (COPD).
Systematic review.
PubMed until November 2018 and hand searched references from eligible articles.
Studies developing, validating, or updating a prediction model in COPD patients and focusing on any potential clinical outcome.
The systematic search yielded 228 eligible articles, describing the development of 408 prognostic models, the external validation of 38 models, and the validation of 20 prognostic models derived for diseases other than COPD. The 408 prognostic models were developed in three clinical settings: outpatients (n=239; 59%), patients admitted to hospital (n=155; 38%), and patients attending the emergency department (n=14; 3%).","Prognostic prediction models for clinical outcome assessment in chronic obstructive pulmonary disease patients across outpatient, hospital, and emergency department settings.",17890477,Predictors of rehospitalization and death after a severe exacerbation of COPD.,"Patients who survive a severe exacerbation of COPD are at high risk of rehospitalization for COPD and death. The objective of this study was to determine predictors of these events in a large cohort of Veterans Affairs (VA) patients.
We identified 51,353 patients who were discharged after an exacerbation of COPD in the VA health-care system from 1999 to 2003, and determined the rates of rehospitalization for COPD and death from all causes. Potential risk factors were assessed with univariate and multivariate survival analysis.
On average, the cohort was elderly (mean age, 69 years), predominately white (78% white, 13% black, 3% other, and 6% unknown), and male (97%), consistent with the underlying VA population. The risk of death was 21% at 1 year, and 55% at 5 years. Independent risk factors for death were age, male gender, prior hospitalizations, and comorbidities including weight loss and pulmonary hypertension; nonwhite race and other comorbidities (asthma, hypertension, and obesity) were associated with decreased mortality. The risk of rehospitalization for COPD was 25% at 1 year, and 44% at 5 years, and was increased by age, male gender, prior hospitalizations, and comorbidities including asthma and pulmonary hypertension. Hispanic ethnicity and other comorbidities (diabetes and hypertension) were associated with a decreased risk of rehospitalization.
Age, male gender, prior hospitalizations, and certain comorbid conditions were risk factors for death and rehospitalization in patients discharged after a severe COPD exacerbation. Nonwhite race and other comorbidities were associated with decreased risk.",0
31585960,"To map and assess prognostic models for outcome prediction in patients with chronic obstructive pulmonary disease (COPD).
Systematic review.
PubMed until November 2018 and hand searched references from eligible articles.
Studies developing, validating, or updating a prediction model in COPD patients and focusing on any potential clinical outcome.
The systematic search yielded 228 eligible articles, describing the development of 408 prognostic models, the external validation of 38 models, and the validation of 20 prognostic models derived for diseases other than COPD. The 408 prognostic models were developed in three clinical settings: outpatients (n=239; 59%), patients admitted to hospital (n=155; 38%), and patients attending the emergency department (n=14; 3%).","Prognostic prediction models for clinical outcome assessment in chronic obstructive pulmonary disease patients across outpatient, hospital, and emergency department settings.",26539950,Risk Factors for 30-Day Readmissions of Individuals with Decompensated Cirrhosis.,"Patients with cirrhosis have a high rate of 30-day hospital readmission that affects their quality of life and contributes to increased healthcare-related costs. The aim of our study was to identify frequency, predictors, and preventable causes of hospital readmissions among patients with decompensated cirrhosis.
We retrospectively reviewed electronic medical records of all patients with a confirmed diagnosis of decompensated cirrhosis admitted to Dayton VA Medical Center between 2009 and 2013. Demographics, clinical factors, laboratory values, and outcomes were recorded. Univariate analysis was performed using independent samples t tests and Wilcoxon rank sums tests for continuous variables and χ(2) or Fisher exact tests for categorical variables. A multiple logistic regression analysis was performed for variables found to be significant by univariate analysis to predict the risk factors for 30-day readmission. A detailed chart review was conducted for all patients readmitted within 30 days by a single gastroenterologist to identify the reason for readmission and to decide whether any of these readmissions were preventable.
The 30-day readmission rate for decompensated cirrhotic patients was 27.03%. The risk factors for 30-day readmission were higher body mass index (BMI), lower body temperature, higher blood urea nitrogen, higher creatinine, more cirrhosis-related complications, and more readmissions per year per univariate analysis. Multivariable analysis revealed only BMI as a significant predictor of 30-day readmission (P = 0.023). A total of 36.7% of 30-day readmissions were possibly preventable.
The independent variable that predicted 30-day readmission in patients with decompensated cirrhosis was higher BMI. Approximately one-third of 30-day readmissions were possibly preventable. These findings support the need to develop specific interventions for disease management to improve patient care and save on extraneous healthcare costs.",0
32371466,"To examine the psychological effects on clinicians of working to manage novel viral outbreaks, and successful measures to manage stress and psychological distress.
Rapid review and meta-analysis.
Cochrane Central Register of Controlled Trials, PubMed/Medline, PsycInfo, Scopus, Web of Science, Embase, and Google Scholar, searched up to late March 2020.
Any study that described the psychological reactions of healthcare staff working with patients in an outbreak of any emerging virus in any clinical setting, irrespective of any comparison with other clinicians or the general population.",Psychological effects and stress management interventions for healthcare workers during novel viral outbreaks and emerging infectious disease epidemics.,14573569,Monitoring the severe acute respiratory syndrome epidemic and assessing effectiveness of interventions in Hong Kong Special Administrative Region.,"To estimate the infection curve of severe acute respiratory syndrome (SARS) using the back projection method and to assess the effectiveness of interventions.
Statistical method.
The daily reported number of SARS and interventions taken by Hong Kong Special Administrative Region (HKSAR) up to 24 June 2003 are used.
To use a back projection technique to construct the infection curve of SARS in Hong Kong. The estimated epidemic curve is studied to identify the major events and to assess the effectiveness of interventions over the course of the epidemic.
The SARS infection curve in Hong Kong is constructed for the period 1 March 2003 to 24 June 2003. Some interventions seem to be effective while others apparently have little or no effect. The infections among the medical and health workers are high.
Quarantine of the close contacts of confirmed and suspected SARS cases seems to be the most effective intervention against spread of SARS in the community. Thorough disinfection of the infected area against environmental hazards is helpful. Infections within hospitals can be reduced by better isolation measures and protective equipments.",0
24922745,"To review, summarise, and compare the evidence for effectiveness of screening sigmoidoscopy and screening colonoscopy in the prevention of colorectal cancer occurrence and deaths.
Systematic review and meta-analysis of randomised controlled trials and observational studies.
PubMed, Embase, and Web of Science. Two investigators independently extracted characteristics and results of identified studies and performed standardised quality ratings.
Randomised controlled trials and observational studies in English on the impact of screening sigmoidoscopy and screening colonoscopy on colorectal cancer",Screening sigmoidoscopy and screening colonoscopy effectiveness in preventing colorectal cancer occurrence and mortality.,18780865,Evaluation of bias in familial risk estimates: a study of common cancers using Swedish population-based registers.,"Bias in estimates of familial cancer may result if population-based registers fail to identify relatives as affected when disease occurs before the start-up of registration (ie, ""left-truncation"" of family history).
Apparent familial relative risks (among offspring of parents with cancer) of colorectal, lung, breast, and prostate cancers and melanoma in a Swedish cohort were compared with relative risks in a simulated population. The study cohort (approximately 7 million individuals) was based on the Swedish MultiGenerational Register linked to the Swedish Cancer Register for the period 1961-2002. A similar population of related individuals (approximately 7 million) with complete family information was simulated by using the R-package PopLab and used to estimate the sensitivity of the observed family history. This sensitivity was then used to calculate corrected age group-specific and overall risks, which were compared with the apparent familial risks of cancer in the cohort.
The apparent familial risks for colorectal, lung, breast, and prostate cancers and melanoma were 1.99 (95% confidence interval [CI] = 1.85 to 2.14), 2.05 (95% CI = 1.86 to 2.26), 1.84 (95% CI = 1.76 to 1.92), 2.33 (95% CI = 2.19 to 2.48), and 2.68 (95% CI = 2.35 to 3.07), with corresponding absolute rates of 3.69, 2.59, 16.05, 10.38, and 2.96 per 10 000 person-years, among offspring of parents diagnosed with the same cancer. Corrected age group-specific and overall estimates of the familial risks were close to these apparent risks for all studied cancers (all approximately 2.0), except for melanoma. For melanoma, the corrected estimate of 3.18 (95% CI = 2.73 to 3.64) was somewhat larger than the apparent estimate and was not included in the confidence interval for the apparent estimate. When the exposure of interest was a parent affected at a younger age, this bias was more pronounced; the apparent estimate for melanoma changed from 4.07 (95% CI = 3.21 to 5.16) to 5.67 (95% CI = 4.51 to 6.83) after correction.
For common cancers, risk estimates from the Swedish MultiGenerational cohort do not generally appear to be biased by left-truncation.",0
30884526,"Urinary incontinence (UI), a common malady in women, most often is classified as stress, urgency, or mixed.
To compare the effectiveness of pharmacologic and nonpharmacologic interventions to improve or cure stress, urgency, or mixed UI in nonpregnant women.
MEDLINE, Cochrane Central Register of Controlled Trials (Wiley), Cochrane Database of Systematic Reviews (Wiley), EMBASE (Elsevier), CINAHL (EBSCO), and PsycINFO (American Psychological Association) from inception through 10 August 2018.
84 randomized trials that evaluated 14 categories of interventions and reported categorical cure or imp",Pharmacologic and nonpharmacologic interventions for stress urgency or mixed urinary incontinence in nonpregnant women with cure or improvement outcomes.,12808702,Effectiveness of pelvic floor muscle exercise therapy supplemented with a health education program to promote long-term adherence among women with urinary incontinence.,"A longitudinal randomized controlled trial (RCT) was conducted to evaluate the effectiveness of physiotherapeutic pelvic floor muscle exercise (PFME) therapy supplemented with a health education program to promote long-term adherence among women with stress, mixed, and urge urinary incontinence (UI).
Women (n = 129) were evaluated by their general practitioner (GP) and randomized in either the control group (PFME therapy alone) or one of the three experimental groups (PFME therapy with one of the three health education program versions). Therapy consisted of 9-18 individual 30 min sessions with a specialized physiotherapist, over 14-22 weeks. Outcome measures were weekly frequency of wet episodes and adherence behavior. Women were assessed up to 1 year after therapy.
The health education program had no additional impact to individual contact during PFME therapy on treatment outcome, nor on adherence. However, the individual physiotherapeutic treatment protocol was very effective in reducing weekly frequency of wet episodes from 23 to 8 times a week immediately after therapy, and effects were maintained during the 1-year follow-up period. Adherence was very high; most women followed the behavioral advice on average 6 days/week at posttest and still 4-5 days 1 year after therapy. Results were not different between incontinence types. Women who had relatively frequent wet episodes before and 1 year after therapy had higher adherence levels compared to women who had fewer weekly losses.
Results suggest that a standardized protocol checklist for physiotherapists covering all treatment aspects of PFME therapy, may optimize long-term treatment outcome and adherence behavior among patients, and outshines the addition of a health education program.",0
23420235,"Glaucoma is an acquired degeneration of the optic nerve and a leading cause of blindness worldwide. Medical and surgical treatments that decrease intraocular pressure may prevent visual impairment and blindness.
To compare the effectiveness of medical, laser, and surgical treatments in adults with open-angle glaucoma with regard to decreasing intraocular pressure and preventing optic nerve damage, vision loss, and visual impairment.
MEDLINE, CENTRAL, and an existing database for systematic reviews (through 2 March 2011); MEDLINE, EMBASE, LILACS, and CENTRAL for primary studies (through 30 July",Effectiveness of medical laser and surgical treatments in open-angle glaucoma for reducing intraocular pressure and preventing optic nerve damage and vision loss.,19232016,"Efficacy and tolerability of latanoprost compared to dorzolamide combined with timolol in the treatment of patients with elevated intraocular pressure: a meta-analysis of randomized, controlled trials.","The aim of this study was to evaluate the efficacy and tolerability of latanoprost, compared with the combination of dorzolamide and timolol, in the treatment of patients with elevated intraocular pressure (IOP).
Pertinent randomized, controlled trials were identified through systematic searches of the Cochrane Library, PubMed, EMBASE, Chinese Biomedicine Database, and internet searches of meeting abstracts and the manufacturers' databases. The main efficacy measures were the IOP reduction (IOPR), including diurnal mean IOPR, and 10:00 IOPR. The main tolerability measure was withdrawal due to adverse events and individual adverse events.
Fourteen (14) studies involving 2149 patients were included in the meta-analysis. Latanoprost was significantly more effective in lowering diurnal mean IOP than combined dorzolamide and timolol in patients with IOP insufficiently controlled by timolol alone, with a weighted mean difference (WMD) for the diurnal mean IOPR% of 3.12 (95% confidence interval, 0.47-5.78) at 3 months, and latanoprost was as effective as the combination of dorzolamide and timolol in patients without baseline timolol treatment. The combination of dorzolamide and timolol was associated with numerically greater reductions in 10:00 IOP, compared with latanoprost in patients with or without timolol treatment at baseline: only the result in patients with baseline timolol treatment at 1 month was statistically significant (WMD -4.14: range, -5.78 to -2.50). The combination of dorzolamide and timolol was less tolerated than latanoprost, with pooled relative risk for withdrawals due to adverse events being 0.34 (range, 0.13-0.84).
Latanoprost was associated with significantly greater efficacy in lowering diurnal mean IOP than combined dorzolamide and timolol in patients with IOP insufficiently controlled by timolol alone, and latanoprost was as effective as combined dorzolamide and timolol in patients without baseline timolol treatment. The combination of dorzolamide and timolol was less tolerated than latanoprost.",0
26830221,"N-acetylcysteine, sodium bicarbonate, statins, and ascorbic acid have been studied for reducing contrast-induced nephropathy (CIN).
To evaluate the comparative effectiveness of interventions to reduce CIN in adults receiving contrast media.
MEDLINE, EMBASE, Cochrane Library, ClinicalTrials.gov, and Scopus databases through June 2015. Risk of bias and overall strength of evidence (SOE) of studies were assessed.
Randomized, controlled trials of N-acetylcysteine, sodium bicarbonate, statins, or ascorbic acid that used intravenous (IV) or intra-arterial contrast media and defined CIN with enough d","Comparative effectiveness of N-acetylcysteine, sodium bicarbonate, statins, and ascorbic acid for preventing contrast-induced nephropathy in adults receiving contrast media.",22267245,Sodium chloride vs. sodium bicarbonate for the prevention of contrast medium-induced nephropathy: a randomized controlled trial.,"The most effective regimen for the prevention of contrast-induced nephropathy (CIN) remains uncertain. Our purpose was to compare two regimens of sodium bicarbonate with 24 h sodium chloride 0.9% infusion in the prevention of CIN.
We performed a prospective, randomized trial between March 2005 and December 2009, including 258 consecutive patients with renal insufficiency undergoing intravascular contrast procedures. Patients were randomized to receive intravenous volume supplementation with either (A) sodium chloride 0.9% 1 mL/kg/h for at least 12h prior and after the procedure or (B) sodium bicarbonate (166 mEq/L) 3 mL/kg for 1 h before and 1 mL/kg/h for 6 h after the procedure or (C) sodium bicarbonate (166 mEq/L) 3 mL/kg over 20 min before the procedure plus sodium bicarbonate orally (500 mg per 10 kg). The primary endpoint was the change in estimated glomerular filtration rate (eGFR) within 48 h after contrast. Secondary endpoints included the development of CIN. The maximum change in eGFR was significantly greater in Group B compared with Group A {mean difference -3.9 [95% confidence interval (CI), -6.8 to -1] mL/min/1.73 m2, P = 0.009} and similar between groups C and B [mean difference 1.3 (95% CI, -1.7-4.3) mL/min/1.73 m(2), P = 0.39]. The incidence of CIN was significantly lower in Group A (1%) vs. Group B (9%, P = 0.02) and similar between Groups B and C (10%, P = 0.9).
Volume supplementation with 24 h sodium chloride 0.9% is superior to sodium bicarbonate for the prevention of CIN. A short-term regimen with sodium bicarbonate is non-inferior to a 7 h regimen. ClinicalTrials.gov Identifier: NCT00130598.",0
27548070,"Frailty assessment may inform surgical risk and prognosis not captured by conventional surgical risk scores.
To evaluate the evidence for various frailty instruments used to predict mortality, functional status, or major adverse cardiovascular and cerebrovascular events (MACCEs) in older adults undergoing cardiac surgical procedures.
MEDLINE and EMBASE (without language restrictions), from their inception to 2 May 2016.
Cohort studies evaluating the association between frailty and mortality or functional status at 6 months or later in patients aged 60 years or older undergoing major or minimal","Frailty assessment instruments predict mortality, functional outcomes, and major adverse events in older adults undergoing cardiac surgery compared to conventional surgical risk scores.",27914495,Quantitative increase in frailty is associated with diminished survival after transcatheter aortic valve replacement.,"The purpose of this study is to assess the impact of frailty index comprised of commonly used frailty metrics on outcomes following transcatheter aortic valve replacement (TAVR) outcomes, including mortality, length of stay, and discharge destination.
Retrospective data collection was performed for 342 consecutive patients who underwent TAVR at a single center from May 15, 2012, to September 17, 2015. Frailty index score was calculated using 15-ft walk test, Katz activities of daily living, preoperative serum albumin, and dominant handgrip strength. Patients were given a frailty score from 0/4 to 4/4, with higher scores indicating greater levels of frailty. There were 27 patients (8%) in 0/4, 82 patients (24%) in 1/4, 129 patients (38%) in 2/4, 73 patients (21%) in 3/4, and 31 patients (9%) in 4/4 frailty group. Multivariate cox, logistic, and linear regression analyses showed that patients with frailty score of 3/4 or 4/4 had increased all-cause mortality (P = .015 and P < .001) and were more likely to be discharged to an acute care facility (P = .083 and P = .001). 4/4 frail patients had increased post-operative length of stay (P = .014) when compared to less frail patients. Individual components of the frailty score were also independent predictors of all-cause mortality. Median survival in 4/4 frail patients was 7 months.
Frailty index comprised of commonly used frailty metrics and its components are independent predictors of poor post-TAVR outcomes. There is a stepwise increase in mortality and post-TAVR length of stay with increasing frailty with dismal prognosis in extremely frail patients.",0
31585960,"To map and assess prognostic models for outcome prediction in patients with chronic obstructive pulmonary disease (COPD).
Systematic review.
PubMed until November 2018 and hand searched references from eligible articles.
Studies developing, validating, or updating a prediction model in COPD patients and focusing on any potential clinical outcome.
The systematic search yielded 228 eligible articles, describing the development of 408 prognostic models, the external validation of 38 models, and the validation of 20 prognostic models derived for diseases other than COPD. The 408 prognostic models were developed in three clinical settings: outpatients (n=239; 59%), patients admitted to hospital (n=155; 38%), and patients attending the emergency department (n=14; 3%).","Prognostic prediction models for clinical outcome assessment in chronic obstructive pulmonary disease patients across outpatient, hospital, and emergency department settings.",31999901,Validation and Assessment of the COPD Treatment Ratio as a Predictor of Severe Exacerbations.,"Population-based risk assessments are needed to identify individuals who may benefit from chronic obstructive pulmonary disease (COPD) management programs for preventing exacerbations. This study compared the validated COPD treatment ratio (CTR) versus other COPD exacerbation predictors: prior exacerbation and rescue and maintenance medication use.
A retrospective observational study using medical and pharmacy claims data among Medicare Advantage with Part D beneficiaries with COPD (January 2011-August 2016). Unadjusted and adjusted logistic regression models tested the predictive performance (C-statistic) of potential exacerbation predictors for future severe exacerbations.
The unadjusted association between exacerbation predictors and severe exacerbation was examined in 60,776 patients: baseline severe exacerbation had the highest C-statistic (0.668), then number of rescue units dispensed (0.651), CTR (0.619), and number of controller units dispensed (0.562). During the at-risk period, baseline CTR was inversely associated with severe exacerbation (odds ratio, <1.0); other predictors were positively associated with a severe exacerbation (odds ratio, >1.0). Adjusting for age, geographic region, chronic oxygen, and nebulizer use, the severe exacerbation odds were 0.90 (95% confidence interval [CI], 0.89-0.91) lower per 0.10 change in CTR (C-statistic, 0.710). The C-statistic was 0.734 when baseline exacerbation was added to the model.
The CTR is an effective tool for identifying patients diagnosed with COPD who are at increased risk of severe exacerbation. Although CTR does not predict future exacerbation as well as prior severe exacerbation history, it has the advantage of being applicable in predicting future exacerbations in patients without an exacerbation history, or in databases limited to pharmacy claims only. In addition, the significant reduction in risk has been observed with incremental increases in the ratio: the ratio can be monitored to assess COPD health improvements over time.",0
22226047,"Despite widespread use of intrapartum antibiotic prophylaxis, group B streptococcus remains a leading cause of morbidity and mortality in infants in Europe, the Americas, and Australia. However, estimates of disease burden in many countries outside of these regions is not available. We aimed to examine the current global burden of invasive disease and the serotype distribution of group B streptococcus isolates.
We searched Medline, Embase, and Wholis databases for studies on invasive early-onset (day 0-6) and late-onset (day 7-89) group B streptococcal disease. Eligible studies were those that described incidence, deaths, or serotypes. We also reviewed reference lists and contacted experts to seek unpublished data and data missed by our search. Random effects meta-analysis was used to pool data.",Global burden and serotype distribution of invasive group B streptococcal disease in neonates with early-onset and late-onset infection across different geographic regions.,19889253,Serotype distribution and antibiotic susceptibility of group B streptococci in pregnant women.,"Group B streptococcus (GBS) is a leading cause of neonatal sepsis and is usually acquired via the woman's birth canal. GBS serotypes isolated from 200 pregnant women were determined. Serotypes V (19%) and VI (17%) were the most frequent followed by serotypes III (12%), Ia (11.5%) and IV (10%); 17% of the strains were non-typable. All isolates were susceptible to penicillin, 96% to erythromycin and 97.5% to clindamycin. The emergence of new GBS serotypes has important implications for vaccine prevention strategies.",0
32459529,"Hydroxychloroquine and chloroquine have antiviral effects in vitro against severe acute respiratory syndrome coronavirus 2 (SARS-CoV-2).
To summarize evidence about the benefits and harms of hydroxychloroquine or chloroquine for the treatment or prophylaxis of coronavirus disease 2019 (COVID-19).
PubMed (via MEDLINE), EMBASE (via Ovid), Scopus, Web of Science, Cochrane Library, bioRxiv, Preprints, ClinicalTrials.gov, World Health Organization International Clinical Trials Registry Platform, and the Chinese Clinical Trials Registry from 1 December 2019 until 8 May 2020.
Studies in any language ","Hydroxychloroquine and chloroquine efficacy, safety, and clinical outcomes in COVID-19 treatment and prophylaxis.",33081817,Proactive prophylaxis with azithromycin and hydroxychloroquine in hospitalized patients with COVID-19 (ProPAC-COVID): a statistical analysis plan.,"There is an urgent need for treatments that can shorten hospitalization and lower the risk of secondary infection and death in patients with corona disease. The ProPac-COVID trial evaluates whether combination therapy with macrolide azithromycin and hydroxychloroquine via anti-inflammation/immune modulation, antiviral efficacy, and pre-emptive treatment of supra-infections can shorten hospitalization duration and reduce the risk of non-invasive ventilation, treatment in the intensive care unit, and death in patients with acute hospital admission and a positive test for 2019-nCoV and symptoms of COVID-19 disease.
The ProPAC-COVID is a multi-center, randomized, placebo-controlled, double-blinded clinical trial. The primary outcome is number of days spent alive and out of hospital within 14 days from randomization. Randomization will be in blocks of unknown size, and the final allocation will be stratified for age, site of recruitment, and whether the patient has any chronic lung diseases. Data is analyzed using intention-to-treat (ITT) principles, and main analyses will also be subject to modified ITT analysis and per protocol analysis.
This paper describes the detailed statistical analysis plan for the evaluation of primary and secondary endpoints of the ProPAC-COVID study. Enrolment of patients to the ProPAC-COVID study is still ongoing. The purpose of this paper is to provide primary publication of study results to prevent selective reporting of outcomes, data-driven analysis, and to increase transparency.
ClinicalTrials.gov NCT04322396 . Registered on 26 March 2020.",0
29187358,[No Abstract],"Clinical study with unspecified population, interventions, and outcomes.",21781582,[Sex hormone-binding globulin of gestational diabetes mellitus pregnant women with well-controlled glucose and pregnancy outcomes].,"To explore the relationship between sex hormone-binding globulin (SHBG) of gestational diabetes mellitus (GDM) pregnant women with well-controlled glucose and pregnancy outcomes.
Two hundred and fifty-one GDM pregnant women of 24 - 28 weeks in Shengjing Hospital of China Medical University were recruited from Mar. 2005 to Mar. 2010. Two hundred and sixteen cases of GDM with well-controlled glucose were defined as glycemic satisfied group, and they were treated by diet therapy (169 cases) or insulin therapy (47 cases). Thirty-five cases with unsatisfied glucose were defined as glycemic unsatisfied group. One hundred and ninety-two healthy pregnant women of 24 - 28 weeks were defined as healthy control group. Serum SHBG and homeostasis model analysis of insulin resistance (HOMA-IR) at 24 - 28 weeks and above 36 weeks were measured. GDM was diagnosed by ""two-step"" method according to the National Diabetes Data Group (NDDG) criteria. The pregnancy outcomes and complications of the three groups were recorded.
(1) Comparison of pregnancy outcomes and complications:glycemic satisfied group was less likely to develop hypertensive disorders in pregnancy (10.6%), premature birth (8.3%), large for gestational age (LGA) (8.8%), neonatal asphyxia (3.7%) and neonatal hypoglycemia (2.3%) compared to glycemic unsatisfied group (42.9%, 34.3%, 31.4%, 22.9% and 11.4%, respectively). And the difference was statistically significant (P < 0.05 or P < 0.01). There was no significant difference for incidence of polyhydramnios, pueperal infection, postpartum hemorrhage, neonatal hyperbilirubinemia between the two groups (P > 0.05). When compared to healthy control group (7.3%, 2.1%, 4.2%, 2.1% and 1.6%), no significant difference was found for incidence of premature birth (8.3%), pueperal infection (3.2%), postpartum hemorrhage (5.1%), neonatal asphyxia (3.7%) and neonatal hypoglycemia (2.3%, P > 0.05). (2) Comparison of results of 24 - 28 weeks and above 36 weeks: serum SHBG of glycemic satisfied group [(384 ± 88), (457 ± 48) nmol/L] was significantly higher than that of glycemic unsatisfied group [(313 ± 45), (401 ± 73) nmol/L]; HOMA-IR of glycemic satisfied group (5.3 ± 1.1, 5.5 ± 1.1) was significantly lower than that of glycemic unsatisfied group (7.0 ± 1.3, 7.6 ± 1.7; P < 0.01). Serum SHBG of glycemic satisfied group was significantly lower than that of healthy control group [(492 ± 95), (565 ± 40) nmol/L]; and HOMA-IR of glycemic satisfied group (5.3 ± 1.1, 5.5 ± 1.1) was significantly higher than that of healthy control group (3.6 ± 0.6, 3.9 ± 0.5; P < 0.01). FPG of glycemic satisfied group [(5.84 ± 0.28), (5.16 ± 0.13) mmol/L] was significantly lower than that of glycemic unsatisfied group [(6.13 ± 0.16), (5.68 ± 1.14) mmol/L;P < 0.01]. FINS of glycemic satisfied group [(20.4 ± 2.1), (24.1 ± 4.2) mmol/L] was significantly lower than that of glycemic unsatisfied group [(24.7 ± 4.5), (29.9 ± 2.7) mmol/L; P < 0.01]. (3) Correlation analysis. Between 24-28 weeks, SHBG was negatively correlated with HOMA-IR in the three groups (r = -0.952, P < 0.01); and SHBG was negatively correlated with HOMA-IR in glycemic satisfied group (r = -0.903, P < 0.01).
Well-controlled glucose can not completely improve maternal and fetal outcomes of GDM pregnant women. High insulin resistance and low serum SHBG can influence pregnancy outcomes.",0
23814120,"To investigate the association between intake of fish and n-3 polyunsaturated fatty acids (n-3 PUFA) and the risk of breast cancer and to evaluate the potential dose-response relation.
Meta-analysis and systematic review of prospective cohort studies.
PubMed and Embase up to December 2012 and references of retrieved relevant articles.
Prospective cohort studies with relative risk and 95% confidence intervals for breast cancer according to fish intake, n-3 PUFA intake, or tissue biomarkers.
Twenty six publications, including 20,905 cases of breast cancer and 883,585 participants from 21 indepen",Fish and n-3 polyunsaturated fatty acid intake association with breast cancer risk and dose-response relationship in prospective cohort studies.,26791521,Adolescent intake of animal fat and red meat in relation to premenopausal mammographic density.,"Adolescence is hypothesized to be a time period of particular susceptibility to breast cancer risk factors. Red meat and fat intake during high school was positively associated with risk of breast cancer among premenopausal women in the Nurses' Health Study II (NHSII). High mammographic density is a strong predictor of breast cancer risk but there is limited research on dietary factors associated with breast density. To test the hypothesis that high intake of animal fat or red meat during adolescence is associated with mammographic density, we analyzed data from premenopausal women in the NHSII. Participants recalled adolescent diet on a high school food frequency questionnaire. We assessed absolute and percent mammographic density on digitized analog film mammograms for 687 premenopausal women with no history of cancer. We used generalized linear regression to quantify associations of adolescent animal fat and red meat intake with mammographic density, adjusting for age, body mass index, and other predictors of mammographic density. Adolescent animal fat intake was significantly positively associated with premenopausal mammographic density, with a mean percent density of 39.2 % in the lowest quartile of adolescent animal fat intake versus 43.1 % in the highest quartile (p trend: 0.03). A non-significant positive association was also observed for adolescent red meat intake (p trend: 0.14). These findings suggest that higher adolescent animal fat intake is weakly associated with percent mammographic density in premenopausal women.",0
24157497,"To assess the effects of different classes of antihypertensive treatments, including monotherapy and combination therapy, on survival and major renal outcomes in patients with diabetes.
Systematic review and bayesian network meta-analysis of randomised clinical trials.
Electronic literature search of PubMed, Medline, Scopus, and the Cochrane Library for studies published up to December 2011.
Randomised clinical trials of antihypertensive therapy (angiotensin converting enzyme (ACE) inhibitors, angiotensin receptor blockers (ARBs), α blockers, β blockers, calcium channel blockers, diuretics, an",Antihypertensive therapy classes and combinations on survival and renal outcomes in diabetic patients.,15257186,Equivalence of indapamide SR and enalapril on microalbuminuria reduction in hypertensive patients with type 2 diabetes: the NESTOR Study.,"To test whether microalbuminuria in patients with type 2 diabetes and hypertension is primarily dependent on the severity of hypertension, and to compare the effectiveness of two antihypertensive drugs with opposite effects on the renin-angiotensin system [the diuretic, indapamide sustained release (SR), and an angiotensin-converting enzyme inhibitor, enalapril] in reducing microalbuminuria.
A multinational, multicentre, controlled, double-blind, double-dummy, randomized, two-parallel-groups study over 1 year.
After a 4-week placebo run-in period, 570 patients (ages 60.0 +/- 9.9 years, 64% men) with type 2 diabetes, essential hypertension [systolic blood pressure (SBP) 140-180 mmHg, and diastolic blood pressure (DBP) < 110 mmHg], and persistent microalbuminuria (20-200 microg/min) were allocated randomly to groups to receive indapamide SR 1.5 mg (n = 284) or enalapril 10 mg (n = 286) once a day. Amlodipine, atenolol, or both were added, if necessary, to achieve the target blood pressure of 140/85 mmHg.
There was a significant reduction in the urinary albumin : creatinine ratio. Mean reductions were 35% [95% confidence interval (CI) 24 to 43] and 39% (95% CI 30 to 47%) in the indapamide SR and enalapril groups, respectively. Equivalence was demonstrated between the two groups [1.08 (95% CI 0.89 to 1.31%); P = 0.01]. The reductions in mean arterial pressure (MAP) were 16.6 +/- 9.0 mmHg for the indapamide SR group and 15.0 +/- 9.1 mmHg for the enalapril group (NS); the reduction in SBP was significantly greater (P = 0.0245 ) with indapamide SR. More than 50% of patients in each group required additional antihypertensive therapy, with no differences between groups. Both treatments were well tolerated.
Indapamide-SR-based therapy is equivalent to enalapril-based therapy in reducing microalbuminuria with effective blood pressure reduction in patients with hypertension and type 2 diabetes.",1
26830221,"N-acetylcysteine, sodium bicarbonate, statins, and ascorbic acid have been studied for reducing contrast-induced nephropathy (CIN).
To evaluate the comparative effectiveness of interventions to reduce CIN in adults receiving contrast media.
MEDLINE, EMBASE, Cochrane Library, ClinicalTrials.gov, and Scopus databases through June 2015. Risk of bias and overall strength of evidence (SOE) of studies were assessed.
Randomized, controlled trials of N-acetylcysteine, sodium bicarbonate, statins, or ascorbic acid that used intravenous (IV) or intra-arterial contrast media and defined CIN with enough d","Comparative effectiveness of N-acetylcysteine, sodium bicarbonate, statins, and ascorbic acid for preventing contrast-induced nephropathy in adults receiving contrast media.",26496491,Is Nebivolol Really Effective in Preventing Contrast Induced Nephropathy?,"Contrast induced nephropathy (CIN) has multifactorial etiopatogenesis including oxidative stress and vasoconstriction. Nebivolol is an antioxidant and has vasodilatatory effect via NO release and may prevent CIN development. We have noticed that a few number of studies that have evaluated the effectiveness of nebivolol for the prevention of CIN used serum creatinine (sCr) levels for CIN detection. However, sCr is an insensitive marker for renal damage. Therefore in this study we used serum neutrophil-gelatinase associated lipocalin (NGAL), a more sensitive marker of renal damage, to evaluate preventive role of nebivolol in CIN.
159 patients undergoing coronary angiography (CAG) who had at least one risk factor for CIN were divided into nebivolol (+) and (-) groups. CIN was defined as a rise in sCr of 0.5mg/dl or a 25% increase from the baseline value. Serum Cr, glomerular filtration rate (eGFR) and NGAL levels were assessed before and 48 h after CAG. Mehran risk scores were calculated for both groups.
Both groups were similar in terms of baseline characteristics, Mehran risk scores, and current medications. Clinically, CIN developed at similar rates in both groups. Serum Cr, eGFR and NGAL values were similar in both groups before and after CAG. Serum Cr and NGAL levels increased and eGFR decreased significantly compared to the levels before CAG. Patients who developed CIN were significantly older (p=0.003), and were more likely to have DM (p=0.012), a higher mean contrast agent volume (p<0.001), and a higher Mehran score (p <0.001). We did not observe any favorable effect of Nebivolol in the prevention of CIN in patients undergoing CAG.
According to the results of our study Nebivolol does not seem to prevent CIN in patients undergoing CAG. However, further randomised controlled trials with more sensitive renal damage markers are obviously needed to understand the actual effect of nebivolol on CIN especially through oxidative pathways and in high risk patients.",0
27893131,"The use of palliative care programs and the number of trials assessing their effectiveness have increased.
To determine the association of palliative care with quality of life (QOL), symptom burden, survival, and other outcomes for people with life-limiting illness and for their caregivers.
MEDLINE, EMBASE, CINAHL, and Cochrane CENTRAL to July 2016.
Randomized clinical trials of palliative care interventions in adults with life-limiting illness.
Two reviewers independently extracted data. Narrative synthesis was conducted for all trials. Quality of life, symptom burden, and survival were analy","Palliative care interventions improve quality of life, reduce symptom burden, and affect survival outcomes in adults with life-limiting illness and their caregivers.",17321361,[Impact of a hospice home visit team on unwanted hospitalization of terminally-ill patients at home in acute medical emergencies].,"This study was undertaken to evaluate the impact of paramedical hospice specialists on hospitalization of terminally-ill patients in acute medical emergencies.
In this intervention, the SAMU (French medical emergency call center) responded to requests for emergency aid at the homes of terminally-ill patients by sending to the patient's home, together with a physician and the emergency ambulance team, a team composed of a nurse and a volunteer, both trained in hospice (terminal) care . When the patient wished to stay at home, the hospice team remained to support the patient and family and to provide comfort care until the crisis situation stabilized. This before-and-after study compares SAMU calls during the first year of the intervention to those in the preceding year.
During the intervention period, 14% of patients were hospitalized compared with 48% during the reference year (p<0.0001), for a relative risk of hospitalization of 0.29. The emergency hospice team was considered to be not only complementary but also essential in emergency medical situations for patients receiving palliative care at home. Interaction with existing services did not present problems. Families benefited from considerable assistance in particularly difficult situations.
A team of paramedical hospice specialists, acting on request of the SAMU, provides a concrete and useful response to problems of unwanted hospitalization in acute emergencies for home-based terminally ill patients. This type of organization is consistent with respect for the patient's choice to remain at home until the end of life. Prevention of unwanted hospitalization and heroic measures should undoubtedly result in cost savings more than sufficient to fund this program.",0
33441384,"To determine the efficacy and safety of low carbohydrate diets (LCDs) and very low carbohydrate diets (VLCDs) for people with type 2 diabetes.
Systematic review and meta-analysis.
Searches of CENTRAL, Medline, Embase, CINAHL, CAB, and grey literature sources from inception to 25 August 2020.
Randomized clinical trials evaluating LCDs (<130 g/day or <26% of a 2000 kcal/day diet) and VLCDs (<10% calories from carbohydrates) for at least 12 weeks in adults with type 2 diabetes were eligible.
Primary outcomes were remission of diabetes (HbA
Searches identified 14 759 citations yielding 23 trials (",Efficacy and safety of low carbohydrate and very low carbohydrate diets for type 2 diabetes remission and glycemic control in adults.,36877358,High-Intensity Interval Training Ameliorates Molecular Changes in the Hippocampus of Male Rats with the Diabetic Brain: the Role of Adiponectin.,"Alzheimer's disease (AD) is closely related to type 2 diabetes (T2D). This study investigated the impact of high-intensity interval training (HIIT) on diabetes-induced disturbances in AD-related factors (including AMP-activated protein kinase (AMPK), glycogen synthase kinase-3β (GSK3β), and tau protein) in the hippocampus, with the main focus on adiponectin signaling.In total, 28 male Wistar rats at the age of 8 weeks were randomly assigned to four groups (n = 7 in each group): control (Con), type 2 diabetes (T2D), HIIT (Ex), and type 2 diabetes + HIIT (T2D + Ex). T2D was induced by a high-fat diet plus a single dose of streptozotocin (STZ). Rats in Ex and T2D + Ex groups performed 8 weeks of HIIT (running at 8-95% of V",0
26868137,"To evaluate the outcomes with use of renin angiotensin system (RAS) blockers compared with other antihypertensive agents in people with diabetes.
Meta-analysis.
PubMed, Embase, and the Cochrane central register of controlled trials databases for randomized trials of RAS blockers versus other antihypertensive agents in people with diabetes mellitus. Outcomes were death, cardiovascular death, myocardial infarction, angina, stroke, heart failure, revascularization, and end stage renal disease.
The search yielded 19 randomized controlled trials that enrolled 25,414 participants with diabetes for a",RAS blockers compared to other antihypertensive agents in diabetic patients for cardiovascular and renal outcomes.,15534123,Risks of progression of retinopathy and vision loss related to tight blood pressure control in type 2 diabetes mellitus: UKPDS 69.,"To determine the relationship between tight blood pressure (BP) control and the different aspects of diabetic retinopathy in patients with type 2 diabetes mellitus (DM).
Nineteen hospital-based clinics in England, Scotland, and Northern Ireland.
Outcome of retinopathy status assessed by 4-field retinal photography related to allocation within a randomized controlled trial comparing a tight BP control policy aiming for a BP less than 150/85 mm Hg with a less tight BP control policy aiming for a BP less than 180/105 mm Hg.
One thousand one hundred forty-eight hypertensive patients with type 2 DM were studied. These patients had type 2 DM for a mean duration of 2.6 years at the inception of the Hypertension in Diabetes Study, had a mean age of 56 years; and had a mean BP of 160/94 mm Hg. Seven hundred fifty-eight patients were allocated to a tight BP control policy with angiotensin-converting enzyme inhibitor or beta-blockers as the main therapy; 390 were allocated to a less tight BP control policy.
Deterioration of retinopathy (>/=2-step change on a modified Early Treatment Diabetic Retinopathy Study [ETDRS] final scale), together with end points (photocoagulation, vitreous hemorrhage, and cataract extraction) and analysis of specific lesions (microaneurysms, hard exudates, and cotton-wool spots). Visual acuity was assessed at 3-year intervals using ETDRS logarithm of the minimum angle of resolution charts. Blindness was monitored as an end point with the criterion of Snellen chart assessment at 6/60 or worse.
By 4.5 years after randomization, there was a highly significant difference in microaneurysm count with 23.3% in the tight BP control group and 33.5% in the less tight BP control group having 5 or more microaneurysms (relative risk [RR], 0.70; P = .003). The effect continued to 7.5 years (RR, 0.66; P<.001). Hard exudates increased from a prevalence of 11.2% to 18.3% at 7.5 years after randomization with fewer lesions found in the tight BP control group (RR, 0.53; P<.001). Cotton-wool spots increased in both groups but less so in the tight BP control group which had fewer cotton-wool spots at 7.5 years (RR, 0.53; P<.001). A 2-step or more deterioration on the ETDRS scale was significantly different at 4.5 years with fewer people in the tight BP control group progressing 2 steps or more (RR, 0.75; P = .02). Patients allocated to tight BP control were less likely to undergo photocoagulation (RR, 0.65; P = .03). This difference was driven by a difference in photocoagulation due to maculopathy (RR, 0.58; P = .02). The cumulative incidence of the end point of blindness (Snellen visual acuity, >/=6/60) in 1 eye was 18/758 for the tight BP control group compared with 12/390 for less tight BP control group. These equate to absolute risks of 3.1 to 4.1 per 1000 patient-years, respectively (P = .046; RR, 0.76; 99% confidence interval, 0.29-1.99). There was no detectable difference in outcome between the 2 randomized therapies of angiotensin-converting enzyme inhibition and beta-blockade.
High BP is detrimental to each aspect of diabetic retinopathy; a tight BP control policy reduces the risk of clinical complications from diabetic eye disease.",0
30917990,"To estimate the comparative clinical efficacy and acceptability of non-surgical brain stimulation for the acute treatment of major depressive episodes in adults.
Systematic review with pairwise and network meta-analysis.
Electronic search of Embase, PubMed/Medline, and PsycINFO up to 8 May 2018, supplemented by manual searches of bibliographies of several reviews (published between 2009 and 2018) and included trials.
Clinical trials with random allocation to electroconvulsive therapy (ECT), transcranial magnetic stimulation (repetitive (rTMS), accelerated, priming, deep, and synchronised), the",Non-surgical brain stimulation including electroconvulsive therapy and transcranial magnetic stimulation for acute treatment of major depressive episodes in adults: comparative efficacy and acceptability.,20925972,A randomized trial of unilateral and bilateral prefrontal cortex transcranial magnetic stimulation in treatment-resistant major depression.,"Although several studies have reported that repetitive transcranial magnetic stimulation (rTMS) treatment has demonstrable efficacy in patients with depression, the parameters needed to optimize therapeutic efficacy remain unclear. To this end we determined the efficacy of low-frequency right rTMS to the dorsolateral prefrontal cortex (DLPFC) compared to two forms of bilateral rTMS to the DLPFC: (1) sequential low-frequency right-sided followed by high-frequency left-sided rTMS and (2) sequential low-frequency rTMS to both hemispheres.
A total of 219 patients with treatment-resistant depression (TRD) were randomized to a 4-week course of rTMS applied with one of the three treatment conditions. Outcomes were assessed with standard rating scales.
Overall, slightly more than 50% of the patients achieved clinical response criteria. There was no substantial difference in response between the unilateral and bilateral treatment groups. Successful response to rTMS was predicted by a greater degree of baseline depression severity.
There is no substantial difference in efficacy between unilateral right-sided rTMS and the two forms of bilateral rTMS assessed in the study. Furthermore, our results call into question the specificity between frequency and laterality and rTMS response.",1
23900314,"To provide a systematic and quantitative summary of the association between severe hypoglycaemia and risk of cardiovascular disease in people with type 2 diabetes and to examine the sensitivity of the association to possible uncontrolled confounding by unmeasured comorbid severe illness using a bias analysis.
Meta-analysis of observational studies.
Medline, Embase, the Cochrane Library, and Web of Science databases were searched to February 2013, without any language restrictions.
Two independent reviewers selected cohort studies that evaluated the association of severe hypoglycaemia with card",Severe hypoglycaemia and cardiovascular disease risk in type 2 diabetes: meta-analysis of observational cohort studies with bias analysis for unmeasured confounding.,19688336,Cognitive function and risks of cardiovascular disease and hypoglycaemia in patients with type 2 diabetes: the Action in Diabetes and Vascular Disease: Preterax and Diamicron Modified Release Controlled Evaluation (ADVANCE) trial.,"The relationship between cognitive function, cardiovascular disease and premature death is not well established in patients with type 2 diabetes. We assessed the effects of cognitive function in 11,140 patients with type 2 diabetes who participated in the Action in Diabetes and Vascular Disease: Preterax and Diamicron Modified Release Controlled Evaluation (ADVANCE) trial. Furthermore, we tested whether level of cognitive function altered the beneficial effects of the BP-lowering and glycaemic-control regimens in the trial.
Cognitive function was assessed using the Mini Mental State Examination at baseline, and defined by scores 28-30 ('normal', n = 8,689), 24-27 ('mild dysfunction', n = 2,231) and <24 ('severe dysfunction', n = 212). Risks of major cardiovascular events, death and hypoglycaemia and interactions with treatment were assessed using Cox proportional hazards analysis.
Relative to normal function, both mild and severe cognitive dysfunction significantly increased the multiple-adjusted risks of major cardiovascular events (HR 1.27, 95% CI 1.11-1.46 and 1.42, 95% CI 1.01-1.99; both p < 0.05), cardiovascular death (1.41, 95% CI 1.16-1.71 and 1.56, 95% CI 0.99-2.46; both p <or= 0.05) and all-cause death (1.33, 95% CI 1.16-1.54 and 1.50, 95% CI 1.06-2.12; both p < 0.03). Severe, but not mild, cognitive dysfunction increased the risk of severe hypoglycaemia (HR 2.10, 95% CI 1.14-3.87; p = 0.018). There was no evidence of heterogeneity of treatment effects on cardiovascular outcomes in subgroups defined by cognitive function at baseline.
Cognitive dysfunction is an independent predictor of clinical outcomes in patients with type 2 diabetes, but does not modify the effects of BP lowering or glucose control on the risks of major cardiovascular events.
ClinicalTrials.gov NCT00145925.",0
31585960,"To map and assess prognostic models for outcome prediction in patients with chronic obstructive pulmonary disease (COPD).
Systematic review.
PubMed until November 2018 and hand searched references from eligible articles.
Studies developing, validating, or updating a prediction model in COPD patients and focusing on any potential clinical outcome.
The systematic search yielded 228 eligible articles, describing the development of 408 prognostic models, the external validation of 38 models, and the validation of 20 prognostic models derived for diseases other than COPD. The 408 prognostic models were developed in three clinical settings: outpatients (n=239; 59%), patients admitted to hospital (n=155; 38%), and patients attending the emergency department (n=14; 3%).","Prognostic prediction models for clinical outcome assessment in chronic obstructive pulmonary disease patients across outpatient, hospital, and emergency department settings.",23890541,[Ten-year evolution of mechanical ventilation in acute respiratory failure in the hematogical patient admitted to the intensive care unit].,"A comparison was made between invasive mechanical ventilation (IMV) and noninvasive positive pressure ventilation (NPPV) in haematological patients with acute respiratory failure.
A retrospective observational study was made from 2001 to December 2011.
A clinical-surgical intensive care unit (ICU) in a tertiary hospital.
Patients with hematological malignancies suffering acute respiratory failure (ARF) and requiring mechanical ventilation in the form of either IMV or NPPV.
Analysis of infection and organ failure rates, duration of mechanical ventilation and ICU and hospital stays, as well as ICU, hospital and mortality after 90 days. The same variables were analyzed in the comparison between NPPV success and failure.
Forty-one patients were included, of which 35 required IMV and 6 NPPV. ICU mortality was higher in the IMV group (100% vs 37% in NPPV, P=.006). The intubation rate in NPPV was 40%. Compared with successful NPPV, failure in the NPPV group involved more complications, a longer duration of mechanical ventilation and ICU stay, and greater ICU and hospital mortality. Multivariate analysis of mortality in the NPPV group identified NPPV failure (OR 13 [95%CI 1.33-77.96], P=.008) and progression to acute respiratory distress syndrome (OR 10 [95%CI 1.95-89.22], P=.03) as prognostic factors.
The use of NPPV reduced mortality compared with IMV. NPPV failure was associated with more complications.",0
31200992,"Existing WHO estimates of the prevalence of mental disorders in emergency settings are more than a decade old and do not reflect modern methods to gather existing data and derive estimates. We sought to update WHO estimates for the prevalence of mental disorders in conflict-affected settings and calculate the burden per 1000 population.
In this systematic review and meta-analysis, we updated a previous systematic review by searching MEDLINE (PubMed), PsycINFO, and Embase for studies published between Jan 1, 2000, and Aug 9, 2017, on the prevalence of depression, anxiety disorder, post-traumati","Prevalence and burden of mental disorders including depression, anxiety, and post-traumatic stress disorder in conflict-affected and emergency settings.",27572904,Risk and resilience trajectories in war-exposed children across the first decade of life.,"Although the effects of early-onset trauma on susceptibility to psychopathology are well-acknowledged, no study to date has followed risk and resilience trajectories in war-exposed young children over lengthy periods and charted predictors of individual pathways.
In this prospective longitudinal study, we followed 232 children, including 148 exposed to repeated wartime trauma and 84 controls, at three time points: early childhood (1.5-5 years), middle childhood (5-8 years), and late childhood (9-11 years). Children were diagnosed at each time point and four trajectories defined: children exhibiting no pathology at any time point, those displaying early pathology that later remitted, those showing initial resilience followed by late pathology, and children presenting chronic pathology across the entire first decade. Maternal behavioral containment during trauma evocation and child social engagement during free play were observed in early childhood and maternal emotional distress self-reported across time.
War-exposed children showed significantly higher rates of psychopathology, with 81% exhibiting pathology at some point during childhood. In middle childhood, exposed children displayed more posttraumatic stress disorders (PTSD), anxiety disorders, and attention-deficit/hyperactivity disorders (ADHD), and in late childhood more PTSD, conduct/oppositional defiant disorders, and ADHD. War-exposed children had more comorbid psychopathologies and number of comorbidities increased with age. Notably, war-exposure increased prevalence of chronic pathology by 24-fold. Maternal factors, including mother's uncontained style and emotional distress, increased risk for early and chronic psychopathology, whereas reduced child social engagement augmented risk for late pathology.
Early-onset chronic stress does not heal naturally, and its effects appear to exacerbate over time, with trauma-exposed children presenting a more comorbid, chronic, and externalizing profile as they grow older. Our findings demonstrate that responses to trauma are dynamic and variable and pinpoint age-specific effects of maternal and child factors on risk and resilience trajectories. Results highlight the importance of conducting long-term follow-up studies and constructing individually tailored early interventions following trauma exposure.",1
25556126,"To evaluate potential linear and non-linear dose-response relations between blood glucose and risk of pancreatic cancer.
Systematic review and dose-response meta-analysis of prospective observational studies.
Search of PubMed, Scopus, and related reviews before 30 November 2013 without language restriction.
Prospective studies evaluating the association between blood glucose concentration and pancreatic cancer. Retrospective and cross sectional studies excluded to avoid reverse causality.
Two reviewers independently extracted relevant information and assessed study quality with the Newcastle-O",Blood glucose concentration dose-response relationship and pancreatic cancer risk in prospective cohort studies.,19116326,"Vitamin E intake, alpha-tocopherol status, and pancreatic cancer in a cohort of male smokers.","Evidence indicates that vitamin E has anticarcinogenic properties for gastrointestinal cancers; however, few studies have examined this with respect to exocrine pancreatic cancer.
The objective was to examine whether vitamin E intake and serum alpha-tocopherol concentrations were prospectively associated with exocrine pancreatic cancer.
We conducted a cohort analysis of prediagnostic vitamin E intake (4 tocopherols, 4 tocotrienols), serum alpha-tocopherol concentrations, and pancreatic cancer in the Alpha-Tocopherol, Beta-Carotene Cancer Prevention (ATBC) Study of male Finnish smokers aged 50-69 y at baseline. During follow-up from 1985 to 2004 (maximum: 19.4 y; median: 16 y), 318 incident cases were diagnosed among cohort participants with complete serum samples (n = 29,092); 306 cases had complete dietary data (n = 27,111). Cox proportional hazards models adjusted for age, smoking history, history of diabetes mellitus, and/or serum cholesterol were used to calculate hazard ratios (HRs) and 95% CIs.
Higher alpha-tocopherol concentrations were associated with lower pancreatic cancer risk (highest compared with lowest quintile, HR: 0.52; 95% CI: 0.34, 0.80; P for trend = 0.03; continuous HR: 0.91; 95% CI: 0.84, 0.99). Polyunsaturated fat, a putative prooxidant nutrient, modified the association such that the inverse alpha-tocopherol association was most pronounced in subjects with a high polyunsaturated fat intake (ie, >9.9 g/d; highest compared with lowest quintile, HR: 0.38; 95% CI: 0.20, 0.70; P for trend = 0.03; continuous HR: 0.86; 95% CI: 0.75, 0.97; P for interaction = 0.05 and 0.02, respectively). No associations were observed for dietary tocopherols and tocotrienols.
Our results support the hypothesis that higher alpha-tocopherol concentrations may play a protective role in pancreatic carcinogenesis in male smokers.",0
27893131,"The use of palliative care programs and the number of trials assessing their effectiveness have increased.
To determine the association of palliative care with quality of life (QOL), symptom burden, survival, and other outcomes for people with life-limiting illness and for their caregivers.
MEDLINE, EMBASE, CINAHL, and Cochrane CENTRAL to July 2016.
Randomized clinical trials of palliative care interventions in adults with life-limiting illness.
Two reviewers independently extracted data. Narrative synthesis was conducted for all trials. Quality of life, symptom burden, and survival were analy","Palliative care interventions improve quality of life, reduce symptom burden, and affect survival outcomes in adults with life-limiting illness and their caregivers.",31162698,"The effectivness of a strengths-oriented therapeutic conversation intervention on perceived support, well-being and burden among family caregivers in palliative home-care.","To evaluate the effectiveness of a two-session multicomponent family strengths- oriented therapeutic conversation intervention among family caregivers of an individual with advanced/final stage cancer during ongoing palliative home-care.
Family caregivers of patients in the advanced/final phases of cancer, experience multifaceted psychological distress and morbidity. Psychosocial interventions improve the well-being of family members who are caring for their close relative.
A pre-experimental design with a one-group pre-test/posttests measurements.
Forty-eight family caregivers were assigned to receive two 60-90 min sessions of the intervention. The primary outcome was perceived emotional and cognitive support and psychological well-being, measured at baseline (T1). Then the participants were offered the first session of the intervention. About 1 week later, the second session was administered. The participants answered the same questionnaires again (T2) and then 2-4 weeks later (T3). The guideline; Criteria for Reporting Development and Evaluation of Complex Interventions 2, guided the reporting of the study.
Family caregivers reported significantly higher emotional and cognitive support post-intervention (T2) and at (T3). They also reported significantly reduced stress symptoms at (T3) and reduced caregiver burden post-intervention (T2) and at (T3).
The provision of the intervention contributed to extending knowledge about the usefulness of family conversations in the context of advanced/final stage cancer care.
There is a lack of knowledge about the benefit of therapeutic conversation interventions for family caregivers. The therapeutic conversation intervention offered, resulted in perceived support, decreased stress, and decreased caregiving demands among caregivers in palliative home-care.
ISRCTN 21786830.
目的: 评估持续进行的保守家庭护理中,对照料癌症晚期病人的家庭护理员进行两个阶段多组成部分的以家庭为导向的对话治疗干预的有效性。 背景: 癌症晚期患者的家庭护理人员都有多方面的心理困扰和高发病率。心理社会干预改善了照料近亲的家属的健康。 设计: 一个包含一组测前/测后测量值的提前实验设计。 方法: 设计让四十八名家庭护理人员接受了两次60-90分钟的干预。以基线测量(T1),主要成果是感知到的情感、认知支持以及心理健康。然后让实验对象参加第一阶段的干预。大约一周以后,进行第二阶段。实验对象再次回答了同样的问卷然后2-4周以后(T3),指导方针、报告发展的准则以及复杂干预2的评估指导了研究报告。 结果: 接收(T2)和(T3)干预以后,家庭护理人员的情感和认知支持得到了显著提升。(T3)以后压力明显下降以及在(T2)和(T3)干预之后,护理人员的负担大大减轻。 结论: 进行干预有助于拓展癌症晚期护理背景下家庭谈话的有用知识。 影响: 对家庭护理人员的对话治疗干预缺乏了解,且保守家庭护理的护理需求有所减少。对话治疗干预导致了被感知到的支持、压力减少以及保守家庭护理中护理需求的减少。试验注册编号:ISRCTN 21786830。.",0
28114600,"The benefits of pay-for-performance (P4P) programs are uncertain.
To update and expand a prior review examining the effects of P4P programs targeted at the physician, group, managerial, or institutional level on process-of-care and patient outcomes in ambulatory and inpatient settings.
PubMed from June 2007 to October 2016; MEDLINE, PsycINFO, CINAHL, Business Economics and Theory, Business Source Elite, Scopus, Faculty of 1000, and Gartner Research from June 2007 to February 2016.
Trials and observational studies in ambulatory and inpatient settings reporting process-of-care, health, or utiliz","Effects of pay-for-performance programs on physician and institutional performance, process-of-care quality, and patient outcomes in ambulatory and inpatient settings.",26628553,Associations between exemption and survival outcomes in the UK's primary care pay-for-performance programme: a retrospective cohort study.,"The UK's Quality and Outcomes Framework permits practices to exempt patients from financially-incentivised performance targets. To better understand the determinants and consequences of being exempted from the framework, we investigated the associations between exception reporting, patient characteristics and mortality. We also quantified the proportion of exempted patients that met quality targets for a tracer condition (diabetes).
Retrospective longitudinal study, using individual patient data from the Clinical Practice Research Datalink.
644 general practices, 2006/7 to 2011/12.
Patients registered with study practices for at least one year over the study period, with at least one condition of interest (2 460 341 in total).
Exception reporting rates by reason (clinical contraindication, patient dissent); all-cause mortality in year following exemption. Analyses with logistic and Cox proportional-hazards regressions, respectively.
The odds of being exempted increased with age, deprivation and multimorbidity. Men were more likely to be exempted but this was largely attributable to higher prevalence of conditions with high exemption rates. Modest associations remained, with women more likely to be exempted due to clinical contraindication (OR 0.90, 99% CI 0.88 to 0.92) and men more likely to be exempted due to informed dissent (OR 1.08, 99% CI 1.06 to 1.10). More deprived areas (both for practice location and patient residence) were non-linearly associated with higher exception rates, after controlling for comorbidities and other covariates, with stronger associations for clinical contraindication. Compared with patients with a single condition, odds ratios for patients with two, three, or four or more conditions were respectively 4.28 (99% CI 4.18 to 4.38), 16.32 (99% CI 15.82 to 16.83) and 68.69 (99% CI 66.12 to 71.37) for contraindication, and 2.68 (99% CI 2.63 to 2.74), 4.02 (99% CI 3.91 to 4.13) and 5.17 (99% CI 5.00 to 5.35) for informed dissent. Exempted patients had a higher adjusted risk of death in the following year than non-exempted patients, regardless of whether this exemption was for contraindication (hazard ratio 1.37, 99% CI 1.33 to 1.40) or for informed dissent (1.20, 99% CI 1.17 to 1.24). On average, quality standards were met for 48% of exempted patients in the diabetes domain, but there was wide variation across indicators (ranging from 8 to 80%).
Older, multimorbid and more deprived patients are more likely to be exempted from the scheme. Exception reported patients are more likely to die in the following year, whether they are exempted by the practice for a contraindication or by themselves through informed dissent. Further research is needed to understand the relationship between exception reporting and patient outcomes.",0
31990319,"The tort liability system is intended to serve 3 functions: compensate patients who sustain injury from negligence, provide corrective justice, and deter negligence. Deterrence, in theory, occurs because clinicians know that they may experience adverse consequences if they negligently injure patients.
To review empirical findings regarding the association between malpractice liability risk (ie, the extent to which clinicians face the threat of being sued and having to pay damages) and health care quality and safety.
Systematic search of multiple databases for studies published between January ",Association between malpractice liability risk and healthcare quality and patient safety outcomes in clinical practice.,14567259,Does full disclosure of medical errors affect malpractice liability? The jury is still out.,"Mandatory disclosure of medical errors has been advocated to improve patient safety. Many resist mandatory disclosure policies because of concerns about increasing malpractice exposure. It has been countered that malpractice liability actually decreases when there is full disclosure of medical errors. A comprehensive literature search was conducted to determine what is known about the impact of full disclosure on malpractice liability.
Electronic searches of multiple databases were supplemented with hand searches of bibliographies and communication with recognized experts in the field.
Screening the titles, abstracts, and, in many cases, the full articles from more than an estimated 5,200 citations resulted in identification of one published study directly examining malpractice liability when a policy of full disclosure was implemented.
Despite extensive literature on the impact of disclosure on malpractice liability, few well-designed studies have focused on the real-world impact on the volume and cost of suits following implementation of a full disclosure policy. Many articles examine why patients sue their doctors, suggesting that some lawsuits may be averted by disclosure, but the articles do not allow us to estimate the additional suits that would be created by disclosure. Additional studies addressing the effect of disclosure on malpractice liability are needed.",0
31200992,"Existing WHO estimates of the prevalence of mental disorders in emergency settings are more than a decade old and do not reflect modern methods to gather existing data and derive estimates. We sought to update WHO estimates for the prevalence of mental disorders in conflict-affected settings and calculate the burden per 1000 population.
In this systematic review and meta-analysis, we updated a previous systematic review by searching MEDLINE (PubMed), PsycINFO, and Embase for studies published between Jan 1, 2000, and Aug 9, 2017, on the prevalence of depression, anxiety disorder, post-traumati","Prevalence and burden of mental disorders including depression, anxiety, and post-traumatic stress disorder in conflict-affected and emergency settings.",24950830,[Psychopathological problems and psychosocial impairment in children and adolescents aged 3-17 years in the German population: prevalence and time trends at two measurement points (2003-2006 and 2009-2012): results of the KiGGS study: first follow-up (KiGGS Wave 1)].,"Child and adolescent mental health problems burden not only the individual, but also their families and their social environment and may, therefore, be regarded as a highly relevant public health issue. The data on mental health problems of children and adolescents from the KiGGS Wave 1 study (sample period 2009-2012) make it possible to report on both current prevalence rates and time trends over the 6-year period beginning with the KiGGS baseline survey (2003-2006). The assessment of emotional and behavioral problems in KiGGS Wave 1 was carried out with the symptoms questionnaire of the Strengths and Difficulties Questionnaire (SDQ) in a telephone interview with 10,353 guardians of children and adolescents aged 3-17 years. Moreover, using the SDQ impact supplement, the KIGGS Wave 1 data provide information on psychosocial impairment following child and adolescent mental health problems. Subjects with a borderline or abnormal SDQ score, according to German normative data, were considered at risk. A total of 20.2% (95% CI: 18.9-21.6%) of the study subjects were identified as being at risk for a mental health disorder, compared with 20.0% (19.1-20.9%) during the KiGGS baseline study (age-standardized based on population from 12 December 2010). Thus, no significant changes over time in the prevalence of mental health problems were detected. Also, there were no statistically significant differences in prevalence by sex, age group, or socioeconomic status between the KiGGS baseline survey and KiGGS Wave 1. The statistical comparison of the subscale mean values for both girls and boys showed higher values with respect to the subscales for emotional problems, behavioral problems, and prosocial behavior and lower mean values for the peer problems subscale in KiGGS Wave 1. These partly small temporal trends, however, may be due to possible mode effects (written questionnaire in the KiGGS baseline study versus telephone interview in KiGGS Wave 1). The hyperactivity subscale remained stable across the two sample periods. Regarding impairments following mental health problems at the second sample period, boys were more affected in the areas of chronicity, family burden, and impact score. The high and stable prevalence rates and magnitude of emotional and behavioral problems should prompt increased preventive efforts.",0
31727627,"To assess the efficacy and safety of different endoscopic surgical treatments for benign prostatic hyperplasia.
Systematic review and network meta-analysis of randomised controlled trials.
A comprehensive search of PubMed, Embase, and Cochrane databases from inception to 31 March 2019.
Randomised controlled trials comparing vapourisation, resection, and enucleation of the prostate using monopolar, bipolar, or various laser systems (holmium, thulium, potassium titanyl phosphate, or diode) as surgical treatments for benign prostatic hyperplasia. The primary outcomes were the maximal flow rate (Q","Efficacy and safety of endoscopic surgical treatments for benign prostatic hyperplasia including vapourisation, resection, and enucleation using monopolar, bipolar, and laser systems.",20583960,Urethral strictures and bipolar transurethral resection in saline of the prostate: fact or fiction?,"To compare the incidence of urethral strictures after monopolar transurethral resection of the prostate (TURP) and bipolar transurethral resection in saline (TURIS) for symptomatic benign prostatic hyperplasia.
Between January 2005 and January 2009, 518 patients with symptomatic benign prostate hyperplasia underwent either monopolar or bipolar resection. In a randomized trial, the incidence of urethral strictures after both treatment modalities was analyzed.
Over 48 months, 255 patients were treated with conventional TURP and 263 patients with TURIS. Patient related, operation, and hospitalization characteristics were similar in both groups. After a mean follow-up of 32.1 months (range 50-7 months), the incidence of urethral strictures was 2.4% in the TURP group. After a comparable period of 31.4 months (range 50-7 months), the incidence in the TURIS group was 1.5%. No statistically significant difference was obtained (P = 0.539). These values were compared with the results of other randomized controlled trials with the same or other bipolar technology. No statistically significant difference in urethral structures was noticed between monopolar and bipolar resections (P = 0.739).
With a stricture incidence of 1.5%, bipolar transurethral prostate resection has a low stricture rate, comparable with monopolar TURP (2.4%).",0
31585960,"To map and assess prognostic models for outcome prediction in patients with chronic obstructive pulmonary disease (COPD).
Systematic review.
PubMed until November 2018 and hand searched references from eligible articles.
Studies developing, validating, or updating a prediction model in COPD patients and focusing on any potential clinical outcome.
The systematic search yielded 228 eligible articles, describing the development of 408 prognostic models, the external validation of 38 models, and the validation of 20 prognostic models derived for diseases other than COPD. The 408 prognostic models were developed in three clinical settings: outpatients (n=239; 59%), patients admitted to hospital (n=155; 38%), and patients attending the emergency department (n=14; 3%).","Prognostic prediction models for clinical outcome assessment in chronic obstructive pulmonary disease patients across outpatient, hospital, and emergency department settings.",21760724,A novel study design for antibiotic trials in acute exacerbations of COPD: MAESTRAL methodology.,"Antibiotics, along with oral corticosteroids, are standard treatments for acute exacerbations of chronic obstructive pulmonary disease (AECOPD). The ultimate aims of treatment are to minimize the impact of the current exacerbation, and by ensuring complete resolution, reduce the risk of relapse. In the absence of superiority studies of antibiotics in AECOPD, evidence of the relative efficacy of different drugs is lacking, and so it is difficult for physicians to select the most effective antibiotic. This paper describes the protocol and rationale for MAESTRAL (moxifloxacin in AECBs [acute exacerbation of chronic bronchitis] trial; www.clinicaltrials.gov: NCT00656747), one of the first antibiotic comparator trials designed to show superiority of one antibiotic over another in AECOPD. It is a prospective, multinational, multicenter, randomized, double-blind controlled study of moxifloxacin (400 mg PO [per os] once daily for 5 days) vs. amoxicillin/clavulanic acid (875/125 mg PO twice daily for 7 days) in outpatients with COPD and chronic bronchitis suffering from an exacerbation. MAESTRAL uses an innovative primary endpoint of clinical failure: the requirement for additional or alternate treatment for the exacerbation at 8 weeks after the end of antibiotic therapy, powered for superiority. Patients enrolled are those at high-risk of treatment failure, and all are experiencing an Anthonisen type I exacerbation. Patients are stratified according to oral corticosteroid use to control their effect across antibiotic treatment arms. Secondary endpoints include quality of life, symptom assessments and health care resource use.",0
28114600,"The benefits of pay-for-performance (P4P) programs are uncertain.
To update and expand a prior review examining the effects of P4P programs targeted at the physician, group, managerial, or institutional level on process-of-care and patient outcomes in ambulatory and inpatient settings.
PubMed from June 2007 to October 2016; MEDLINE, PsycINFO, CINAHL, Business Economics and Theory, Business Source Elite, Scopus, Faculty of 1000, and Gartner Research from June 2007 to February 2016.
Trials and observational studies in ambulatory and inpatient settings reporting process-of-care, health, or utiliz","Effects of pay-for-performance programs on physician and institutional performance, process-of-care quality, and patient outcomes in ambulatory and inpatient settings.",23402454,The potential influence of various initiatives to improve rational prescribing for proton pump inhibitors and statins in Belgium.,"Proton pump inhibitors (PPIs) and statins have been among the top three most prescribed medicines in Belgium for more than a decade. Multiple demand-side measures have been introduced to improve rational prescribing generally, as well as for these two classes.
First, assessing the influence of general and specific reforms introduced in Belgium since 1997 on utilization and expenditure of the PPIs and statins. Second, suggesting additional measures to further improve rational prescribing based on experiences in other European countries.
A retrospective observational study for assessing the influence of multiple initiatives in Belgium on utilization and expenditure of the PPIs and statins from 1997 to 2009 was carried out. Data were extracted from the administrative database Pharmanet. Utilization was measured in terms of defined daily doses (DDDs) and DDDs/thousand inhabitants per day.
Multiple reforms, including co-payments and reference pricing, appreciably enhanced rational prescribing for both PPIs and statins following generic availability. There was an eightfold increase in PPI utilization between 1997 and 2009, but only a twofold increase in reimbursed expenditure, helped by decreasing expenditure/DDD for the PPIs from €1.91 in 1997 to €0.52 in 2009. Similarly, a 20-fold increase was observed in statin utilization between 1997 and 2009, but only a fivefold increase in reimbursed expenditure, helped again by reimbursed expenditure/DDD decreasing from €2.05 in 1997 to €0.57 in 2009. Reduced co-payments for larger packs enhanced their prescription.
Multiple reforms influenced utilization patterns and expenditure for the PPIs and statins, as well as the pack sizes dispensed. Additional demand-side measures are needed to further enhance rational prescribing, which can build on the experiences in other countries. These can be potentially transferred to other classes.",0
30884526,"Urinary incontinence (UI), a common malady in women, most often is classified as stress, urgency, or mixed.
To compare the effectiveness of pharmacologic and nonpharmacologic interventions to improve or cure stress, urgency, or mixed UI in nonpregnant women.
MEDLINE, Cochrane Central Register of Controlled Trials (Wiley), Cochrane Database of Systematic Reviews (Wiley), EMBASE (Elsevier), CINAHL (EBSCO), and PsycINFO (American Psychological Association) from inception through 10 August 2018.
84 randomized trials that evaluated 14 categories of interventions and reported categorical cure or imp",Pharmacologic and nonpharmacologic interventions for stress urgency or mixed urinary incontinence in nonpregnant women with cure or improvement outcomes.,24091564,Long-term efficacy of electrical pudendal nerve stimulation for urgency-frequency syndrome in women.,"Electrical pudendal nerve stimulation (EPNS) was developed by combining the advantages of pudendal neuromodulation (PNM) and percutaneous tibial nerve stimulation (PTNS) and incorporating the technique of deep insertion of long acupuncture needles. The purpose of this study is to show the long-term efficacy of EPNS in treating urgency-frequency syndrome (UFS) in women.
One hundred and six consecutive female UFS patients were enrolled and treated with EPNS. Long acupuncture needles were deeply inserted into four sacral points and electrified to stimulate the pudendal nerves. Evaluation of therapeutic effects was based on a questionnaire (including questions on storage, voiding, and postmicturition symptoms). Patients with ≥50 % posttreatment symptom improvement were followed up for at least 60 months.
Complete resolution and ≥50 % improvement rate were 42.5 % and 85.8 %, respectively, in the 106 patients after a mean of 21.2 sessions of EPNS treatment. Of the 91 patients with ≥50 % posttreatment improvement, 62 (29 with complete resolution, 15 with marked improvement, and 18 with moderate improvement) were available for follow-up at 60-126 (mean 99.5; median 98) months after the end of EPNS treatment. Of these 62 patients, 35 maintained the posttreatment effect, 18 changed from better to complete resolution, and seven changed back to <50 % improvement; only four of whom changed to <25 % improvement.
EPNS combines the advantages of PNM (better effect) and PTNS (minimally invasive, easily applicable, and well tolerated) in treating UFS. It has a good long-term therapeutic effect on UFS in women.",0
31585960,"To map and assess prognostic models for outcome prediction in patients with chronic obstructive pulmonary disease (COPD).
Systematic review.
PubMed until November 2018 and hand searched references from eligible articles.
Studies developing, validating, or updating a prediction model in COPD patients and focusing on any potential clinical outcome.
The systematic search yielded 228 eligible articles, describing the development of 408 prognostic models, the external validation of 38 models, and the validation of 20 prognostic models derived for diseases other than COPD. The 408 prognostic models were developed in three clinical settings: outpatients (n=239; 59%), patients admitted to hospital (n=155; 38%), and patients attending the emergency department (n=14; 3%).","Prognostic prediction models for clinical outcome assessment in chronic obstructive pulmonary disease patients across outpatient, hospital, and emergency department settings.",27668567,Predictors of Appropriate Pharmacotherapy Management of COPD Exacerbations and Impact on 6-Month Readmission.,"Suboptimal treatment of exacerbations is a major concern in management of chronic obstructive pulmonary disease (COPD). The Pharmacotherapy Management of COPD Exacerbation (PCE) Healthcare Effectiveness Data and Information Set (HEDIS) measure is a quality measure included by the National Committee for Quality Assurance that focuses on appropriate use of steroids and bronchodilators during an acute COPD exacerbation. There is limited evidence evaluating predictors of this quality measure, as well as its association with hospital readmission and cost outcomes.
To (a) describe characteristics of patients hospitalized for COPD, (b) evaluate factors associated with appropriate receipt of pharmacotherapy upon discharge, and (c) evaluate factors associated with the rate of readmission.
In this retrospective, observational, event-based study of COPD-related hospital and ED visits, events were identified between 2007 and 2013 from a Central Texas health plan using administrative claims data. The index date was defined as the date of admission. Subjects were included if they were aged ≥ 40 years and had a medical claim with a primary diagnosis for COPD or a pharmacy claim for a COPD maintenance medication during the 1-year pre-index period. Study groups were identified based on the receipt of PCE within the time frame specified by HEDIS: (a) a systemic corticosteroid within 14 days of discharge (PCE-C) or (b) a bronchodilator within 30 days of discharge (PCE-D). Bivariate analyses of potential factors associated with the receipt of PCE were performed using t-tests for continuous data and chi-square tests for categorical data. Generalized estimating equations, including significant predictors from the bivariate analyses, were used to determine factors associated with receipt of PCE-C and/or PCE-D, as well association with COPD-related and all-cause readmission within 6 months of discharge.
Of 375 identified index admissions, 254 (68%) patients received PCE-C; 299 (80%) received PCE-D; and 229 (61%) received both. Patients were more likely to receive PCE with an index inpatient visit as compared with an ED visit (PCE-C: RR = 2.25, 95% CI = 1.21-4.17, P = 0.010; PCE-D: RR = 1.90, 95% CI = 1.01-3.58, P = 0.048). Those with previous use of rescue medication were also more likely to receive PCE (PCE-C: RR = 1.88, 95% CI = 1.12-3.17, P = 0.018; PCE-D: RR = 2.11, 95% CI = 1.16-3.83, P = 0.014). Patients with greater adherence (proportion of days covered [PDC] ≥ 75%) to COPD maintenance medication before admission (RR = 8.67, 95% CI = 1.60-46.78, P = 0.012) were also more likely to receive PCE-D. Older patients were more likely to have a COPD-related readmission (RR = 1.07, 95% CI = 1.01-1.13, P = 0.028), while use of maintenance medication before admission was associated with lower risk of an all-cause readmission (RR = 0.49, 95% CI = 0.30-0.79, P = 0.004). In addition, patients with higher medical and pharmacy costs before the index event were more likely to have all-cause readmission (RR = 1.01, 95% CI = 1.00-1.02, P = 0.013). Receipt of PCE was not shown to be a significant predictor of all-cause or COPD-related readmission.
The use of bronchodilators and systemic corticosteroids after a COPD-related inpatient or ED visit may be related to the severity of the index COPD exacerbation or patients' previous pattern of bronchodilator use. However, the use of maintenance medication before the index event was associated with a significant reduction in all-cause readmission, so proper treatment of the underlying disease may be an effective strategy in reducing readmission.
Funding for this study was provided by GlaxoSmithKline (HO-14-15081). Tran was a Fellow at Scott & White Health Plan (SWHP) during year 1 of this study and a Fellow at Novartis during year 2 of this study. Novartis did not have any input in this study nor did it contribute any funding or support for this research. Tran, Xiang, Godley, and Stock were employed by SWHP at the time of this study. Rascati is employed by the University of Texas at Austin and also by the Journal of Managed Care & Specialty Pharmacy and has received consulting fees from GlaxoSmithKline. Coleman, Bogart, and Stanford are GlaxoSmithKline employees and shareholders. Study design was created by Rascati, Tran, and Godley, with assistance from Stock, Coleman, Bogart, and Stanford. Tran and Xiang collected the data, with data analysis and interpretation performed by Stock and Rascati. The manuscript was written by Tran, Rascati, and Xiang and revised by Godley, Stock, Coleman, Bogart, and Stanford.",0
22986378,"Transitional care is a time-limited service to prevent discontinuous care and adverse outcomes, including rehospitalization.
To describe transitional care interventions and evidence of benefit or harm in patients hospitalized for acute stroke or myocardial infarction (MI).
Cumulative Index to Nursing and Allied Health Literature, MEDLINE, Cochrane Database of Systematic Reviews, and EMBASE, supplemented with manual searches of reference lists of relevant studies and review articles (January 2000 to March 2012).
6 reviewers screened 5857 citations to identify English-language reports of trials ",Transitional care interventions to prevent rehospitalization and adverse outcomes in acute stroke and myocardial infarction patients.,21940961,Comprehensive cardiac rehabilitation for secondary prevention after transient ischemic attack or mild stroke: I: feasibility and risk factors.,"Comprehensive cardiac rehabilitation (CCR), which integrates structured lifestyle interventions and medications, reduces morbidity and mortality among cardiac patients. CCR has not typically been used with cerebrovascular populations, despite important commonalities with heart patients. We tested feasibility and effectiveness of 6-month outpatient CCR for secondary prevention after transient ischemic attack or mild, nondisabling stroke. This article presents risk factors. A future article will discuss psychological outcomes.
Consecutive consenting subjects having sustained a transient ischemic attack or mild, nondisabling stroke within the previous 12 months (mean, 11.5 weeks; event-to-CCR entry) with ≥1 vascular risk factor, were recruited from a stroke prevention clinic providing usual care. We measured 6-month CCR outcomes following a prospective cohort design.
Of 110 subjects recruited from January 2005 to April 2006, 100 subjects (mean age, 64.9 years; 46 women) entered and 80 subjects completed CCR. We obtained favorable, significant intake-to-exit changes in: aerobic capacity (+31.4%; P<0.001), total cholesterol (-0.30 mmol/L; P=0.008), total cholesterol/high-density lipoprotein (-11.6%; P<0.001), triglycerides (-0.27 mmol/L; P=0.003), waist circumference (-2.44 cm; P<0.001), body mass index (-0.53 kg/m(2); P=0.003), and body weight (-1.43 kg; P=0.001). Low-density lipoprotein (-0.24 mmol/L), high-density lipoprotein (+0.06 mmol/L), systolic (-3.21 mm Hg) and diastolic (-2.34 mm Hg) blood pressure changed favorably, but nonsignificantly. A significant shift toward nonsmoking occurred (P=0.008). Compared with intake, 11 more individuals (25.6% increase) finished CCR in the lowest-mortality risk category of the Duke Treadmill Score (P<0.001).
CCR is feasible and effective for secondary prevention after transient ischemic attack or mild, nondisabling stroke, offering a promising model for vascular protection across chronic disease entities. We know of no similar previous investigation, and are now conducting a randomized trial.",0
24727842,"The functional and quality-of-life benefits of transcatheter aortic valve replacement (TAVR) have not been established.
To evaluate the changes in functional status and quality of life after TAVR.
MEDLINE, EMBASE, and the Cochrane Central Register of Controlled Trials from 1 January 2002 to 30 September 2013.
Studies of TAVR that reported the New York Heart Association (NYHA) class, Short Form-12/36 Health Survey physical and mental component summary (points), or other measures of functional status.
Two reviewers independently extracted the mean change (follow-up minus baseline) in primary outcomes. Because of substantial heterogeneity, data were not pooled; the range of mean change was summarized.",Transcatheter aortic valve replacement TAVR improves functional status and quality of life outcomes measured by NYHA class and SF-12/36 health survey.,21835283,Transcatheter aortic valve implantation in patients with severe symptomatic aortic valve stenosis-predictors of mortality and poor treatment response.,"Transcatheter aortic valve implantation (TAVI) has emerged as an alternative technique in patients with severe symptomatic aortic valve stenosis. However, a number of patients have no benefit after implantation. This prospective study attempted to identify predictors of poor treatment response.
From June 2008 to September 2010, consecutive patients with symptomatic severe aortic valve stenosis and high surgical risk were submitted to TAVI with the CoreValve prosthesis (Medtronic, Minneapolis, MN). The primary end point was all-cause mortality at 6 months. Secondary end point (poor treatment response) was defined as no improvement of symptoms assessed with the New York Heart Association class 6 months after TAVI.
A total of 145 patients (mean age 79.1 ± 6.4 years, mean logistic EuroSCORE 21% ± 16.2%) were included. During the follow-up period, 23 (15.9%) patients died. Independent predictors of all-cause mortality were as follows: aortic mean gradient ≤40 mm Hg (odds ratio [OR] 3.93), moderate and severe tricuspid valve regurgitation (OR 4.50), and moderate and severe postprocedural aortic valve regurgitation (OR 4.26). In 122 surviving patients, 25 patients (20%) showed no improvement in symptoms. Independent predictors of poor treatment response were severe mitral valve regurgitation (OR 7.42) and moderate and severe postprocedural aortic valve regurgitation (OR 10.1).
Cardiac comorbidities (low-gradient aortic stenosis, tricuspidal valve regurgitation) are associated with all-cause mortality, whereas mitral valve regurgitation is a risk factor for poor treatment response after TAVI. Postprocedural aortic valve regurgitation is a strong predictor of both-mortality and poor treatment response.",1
32199484,"Tens of millions of children are exposed to Mycobacterium tuberculosis globally every year; however, there are no contemporary estimates of the risk of developing tuberculosis in exposed children. The effectiveness of contact investigations and preventive therapy remains poorly understood.
In this systematic review and meta-analysis, we investigated the development of tuberculosis in children closely exposed to a tuberculosis case and followed for incident disease. We restricted our search to cohort studies published between Jan 1, 1998, and April 6, 2018, in MEDLINE, Web of Science, BIOSIS, a",Incidence and risk of tuberculosis disease development in children exposed to tuberculosis cases and effectiveness of contact investigations and preventive therapy.,20603452,Prospectively ascertained child maltreatment and its association with DSM-IV mental disorders in young adults.,"Evidence for an association between child maltreatment and later psychopathology heavily relies on retrospective reports of maltreatment. The few studies using prospective ascertainment of child maltreatment show weaker associations, raising the possibility that it is not maltreatment, but rather the memory of maltreatment, that raises the risk of later mental disorders.
To estimate associations between prospectively ascertained child maltreatment and a wide range of subsequently measured DSM-IV mental disorders and to show the influence of retrospectively reported maltreatment in the comparison group on these associations.
Retrospective cohort study.
Nationally representative New Zealand community.
Respondents aged 16 to 27 years (n = 2144) from a mental health survey, 221 of whom were identified as having records on a national child protection agency database.
Twelve-month and lifetime prevalence of individual DSM-IV mood, anxiety, and substance use disorders, and disorder groups assessed with the World Health Organization Composite International Diagnostic Interview.
After adjusting for demographic and socioeconomic correlates, child protection agency history was associated with several individual mental disorders, mental disorder comorbidity, and all mental disorder groups, both 12-month and lifetime. Odds of 12-month posttraumatic stress disorder were 5.12 (95% confidence interval [CI], 2.42-10.83); of any 12-month mood disorder, 1.86 (95% CI, 1.12-3.08); of any anxiety disorder, 2.41 (95% CI, 1.47-3.97); and of any substance use disorder, 1.71 (95% CI, 1.01-2.88). These associations increased in magnitude when those who retrospectively reported child maltreatment were removed from the comparison group.
Prospectively ascertained child maltreatment is significantly associated with a range of subsequent mood, anxiety, and substance use disorders, indicating that maltreatment, not just the memory of maltreatment, is associated with subsequent psychopathology. There is a need for both targeted mental health interventions with the present and past clients of child welfare agencies and for concerted population-level strategies to meet the needs of the many other children who experience maltreatment.",0
30409774,"To provide a complete toxicity profile, toxicity spectrum, and a safety ranking of immune checkpoint inhibitor (ICI) drugs for treatment of cancer.
Systematic review and network meta-analysis.
Electronic databases (PubMed, Embase, Cochrane Library, and Web of Science) were systematically searched to include relevant studies published in English between January 2007 and February 2018.
Only head-to-head phase II and III randomised controlled trials comparing any two or three of the following treatments or different doses of the same ICI drug were included: nivolumab, pembrolizumab, ipilimumab, t","Comparative toxicity and safety profile of immune checkpoint inhibitor drugs including nivolumab, pembrolizumab, and ipilimumab in cancer treatment.",33577729,Enfortumab Vedotin in Previously Treated Advanced Urothelial Carcinoma.,"Patients with advanced urothelial carcinoma have poor overall survival after platinum-containing chemotherapy and programmed cell death protein 1 (PD-1) or programmed death ligand 1 (PD-L1) inhibitor treatment.
We conducted a global, open-label, phase 3 trial of enfortumab vedotin for the treatment of patients with locally advanced or metastatic urothelial carcinoma who had previously received platinum-containing chemotherapy and had had disease progression during or after treatment with a PD-1 or PD-L1 inhibitor. Patients were randomly assigned in a 1:1 ratio to receive enfortumab vedotin (at a dose of 1.25 mg per kilogram of body weight on days 1, 8, and 15 of a 28-day cycle) or investigator-chosen chemotherapy (standard docetaxel, paclitaxel, or vinflunine), administered on day 1 of a 21-day cycle. The primary end point was overall survival.
A total of 608 patients underwent randomization; 301 were assigned to receive enfortumab vedotin and 307 to receive chemotherapy. As of July 15, 2020, a total of 301 deaths had occurred (134 in the enfortumab vedotin group and 167 in the chemotherapy group). At the prespecified interim analysis, the median follow-up was 11.1 months. Overall survival was longer in the enfortumab vedotin group than in the chemotherapy group (median overall survival, 12.88 vs. 8.97 months; hazard ratio for death, 0.70; 95% confidence interval [CI], 0.56 to 0.89; P = 0.001). Progression-free survival was also longer in the enfortumab vedotin group than in the chemotherapy group (median progression-free survival, 5.55 vs. 3.71 months; hazard ratio for progression or death, 0.62; 95% CI, 0.51 to 0.75; P<0.001). The incidence of treatment-related adverse events was similar in the two groups (93.9% in the enfortumab vedotin group and 91.8% in the chemotherapy group); the incidence of events of grade 3 or higher was also similar in the two groups (51.4% and 49.8%, respectively).
Enfortumab vedotin significantly prolonged survival as compared with standard chemotherapy in patients with locally advanced or metastatic urothelial carcinoma who had previously received platinum-based treatment and a PD-1 or PD-L1 inhibitor. (Funded by Astellas Pharma US and Seagen; EV-301 ClinicalTrials.gov number, NCT03474107.).",0
32909814,"Although intensive blood pressure (BP)-lowering treatment reduces risk for cardiovascular disease, there are concerns that it might cause orthostatic hypotension (OH).
To examine the effects of intensive BP-lowering treatment on OH in hypertensive adults.
MEDLINE, EMBASE, and Cochrane CENTRAL from inception through 7 October 2019, without language restrictions.
Randomized trials of BP pharmacologic treatment (more intensive BP goal or active agent) that involved more than 500 adults with hypertension or elevated BP and that were 6 months or longer in duration. Trial comparisons were groups ass",Intensive blood pressure-lowering pharmacologic treatment effects on orthostatic hypotension risk in hypertensive adults randomized controlled trials.,10100063,"Systolic Hypertension in Europe (Syst-Eur) trial phase 2: objectives, protocol, and initial progress. Systolic Hypertension in Europe Investigators.","The Systolic Hypertension in Europe (Syst-Eur) trial proved that blood pressure (BP) lowering therapy starting with nitrendipine reduces the risk of cardiovascular complications in older (> or = 60 years) patients with isolated systolic hypertension (systolic BP > or = 160 mm Hg and diastolic BP < 95 mm Hg). After the completion of the Syst-Eur trial on 14 February 1997, 3506 consenting patients (93.0% of those eligible) were enrolled in phase 2 of the Syst-Eur trial. This open follow-up study aims to confirm the safety of long-term antihypertensive therapy based on a dihydropyridine. To lower the sitting systolic BP below 150 mm Hg (target BP), the first-line agent nitrendipine (10-40 mg/day) may be associated with enalapril (5-20 mg/day), hydrochlorothiazide (12.5-25 mg/day), both add-on study drugs, or if required any other antihypertensive agent. On 1 November 1998, 3248 patients were still being followed, 86 patients had proceeded to non-supervised follow-up, and 43 had died. The median follow-up in Syst-Eur 2 was 14.3 months. At the last available visit, systolic/diastolic BP in the patients formerly randomised to placebo (n = 1682) or active treatment (n = 1824), had decreased by 13.2/5.2 mm Hg and by 4.6/1.6 mm Hg, respectively, so that the between-group BP difference was 1.7 mm Hg systolic (95% Ci: 0.8 to 2.6 mm Hg; P < 0.001) and 0.9 mm Hg diastolic (95% Cl: 0.4 to 1.5 mm mm Hg; P < 0.001). At the beginning of Syst-Eur 2, the goal BP was reached by 25.4% and 50.6% of the former placebo and active-treatment groups; at the last visit these proportions were 55.9% and 63.1%, respectively. At that moment, 45.9% of the patients were on monotherapy with nitrendipine, 29.3% took nitrendipine in combination with other study drugs. Until the end of 2001, BP control of the Syst-Eur 2 patients will be further improved. Cardiovascular complications and adverse events, such as cancer or gastro-intestinal bleeding, will be monitored and validated by blinded experts.",0
30326495,"Burnout is a self-reported job-related syndrome increasingly recognized as a critical factor affecting physicians and their patients. An accurate estimate of burnout prevalence among physicians would have important health policy implications, but the overall prevalence is unknown.
To characterize the methods used to assess burnout and provide an estimate of the prevalence of physician burnout.
Systematic search of EMBASE, ERIC, MEDLINE/PubMed, psycARTICLES, and psycINFO for studies on the prevalence of burnout in practicing physicians (ie, excluding physicians in training) published before Jun",Prevalence of burnout syndrome among practicing physicians assessed using standardized measurement instruments and methods.,21890381,Personal consequences of malpractice lawsuits on American surgeons.,"Our objective was to identify the prevalence of recent malpractice litigation against American surgeons and evaluate associations with personal well-being. Although malpractice lawsuits are often filed against American surgeons, the personal consequences with respect to burnout, depression, and career satisfaction are poorly understood.
Members of the American College of Surgeons were sent an anonymous, cross-sectional survey in October 2010. Surgeons were asked if they had been involved in a malpractice suit during 2 previous years. The survey also evaluated demographic variables, practice characteristics, career satisfaction, burnout, and quality of life.
Of the approximately 25,073 surgeons sampled, 7,164 (29%) returned surveys. Involvement in a recent malpractice suit was reported by 1,764 of 7,164 (24.6%) responding surgeons. Surgeons involved in a recent malpractice suit were younger, worked longer hours, had more night call, and were more likely to be in private practice (all p <0.0001). Recent malpractice suits were strongly related to burnout (p < 0.0001), depression (p < 0.0001), and recent thoughts of suicide (p < 0.0001) among surgeons. In multivariable modeling, both depression (odds ratio = 1.273; p = 0.0003) and burnout (odds ratio = 1.168; p = 0.0306) were independently associated with a recent malpractice suit after controlling for all other personal and professional characteristics. Hours worked, nights on call, subspecialty, and practice setting were also independently associated with recent malpractice suits. Surgeons who had experienced a recent malpractice suit reported less career satisfaction and were less likely to recommend a surgical or medical career to their children (p < 0.0001).
Malpractice lawsuits are common and have potentially profound personal consequences for US surgeons. Additional research is needed to identify individual, organizational, and societal interventions to support surgeons subjected to malpractice litigation.",1
23033409,"To synthesise the literature on indoor tanning and non-melanoma skin cancer.
Systematic review and meta-analysis.
PubMed (1966 to present), Embase (1974 to present), and Web of Science (1898 to present).
All articles that reported an original effect statistic for indoor tanning and non-melanoma skin cancer were included. Articles that presented no data, such as review articles and editorials, were excluded, as were articles in languages other than English.
Two investigators independently extracted data. Random effects meta-analysis was used to summarise the relative risk of ever use versus nev",Indoor tanning exposure and risk of non-melanoma skin cancer: systematic review and meta-analysis of relative risk.,29124688,UV-Induced Molecular Signaling Differences in Melanoma and Non-melanoma Skin Cancer.,"There are three major types of skin cancer: melanoma, basal cell carcinoma (BCC) and squamous cell carcinoma (SCC). BCC and SCC are often referred to as non-melanoma skin cancer (NMSC). NMSCs are relatively non-lethal and curable by surgery, hence are not reportable in most cancer registries all over the world. Melanoma is the deadliest skin cancer. Its incidence rate (case number) is about 1/10th of that for NMSC, yet its death toll is ~8 fold higher than NMSC.Melanomas arise from melanocytes which are normally located on the basement membrane with dendrites extending into the epidermal keratinocytes. A major known function of melanocytes is to produce pigments which are enclosed by lipid membrane (termed melanosomes) and distribute them into keratinocytes, thus give different shade of skin colors. BCCs arise from basal cells, which are a layer of cells located at the deepest part of epidermis. Basal cells are recently considered to be skin stem cells as they are constantly proliferating and generating keratinocytes which are continuously pushed to the surface and eventually become a dead layer of stratum corneum. Squamous cells are the keratinocytes which resembles fish scale shape, ie, those initiated from basal cells and differentiated into squamous cells. Both basal cells and squamous cells belong to keratinocytes, therefore sometimes BCC and SCC are termed keratinocyte cancer.These three types of cancer share many characteristics, yet they are very different from etiology to progression. One shared characteristic of skin cancer is that, according to the current views, they all are caused by solar or artificial ultraviolet radiation (UVR). UVA and UVB from solar UVR are the major UV bands reaching the earth surface. Both UV types cause DNA damage and immune suppression which play crucial roles in skin carcinogenesis. UVB can be directly absorbed by DNA molecules and thus causes UV-signature DNA damages; UVA, on the other hand, may function through inducing cellular ROS which then causes oxidative DNA damages [1-4]. This chapter will discuss the molecular signaling differences of UVR in melanoma and NMSC.",0
30884526,"Urinary incontinence (UI), a common malady in women, most often is classified as stress, urgency, or mixed.
To compare the effectiveness of pharmacologic and nonpharmacologic interventions to improve or cure stress, urgency, or mixed UI in nonpregnant women.
MEDLINE, Cochrane Central Register of Controlled Trials (Wiley), Cochrane Database of Systematic Reviews (Wiley), EMBASE (Elsevier), CINAHL (EBSCO), and PsycINFO (American Psychological Association) from inception through 10 August 2018.
84 randomized trials that evaluated 14 categories of interventions and reported categorical cure or imp",Pharmacologic and nonpharmacologic interventions for stress urgency or mixed urinary incontinence in nonpregnant women with cure or improvement outcomes.,22503020,Phase 3 efficacy and tolerability study of onabotulinumtoxinA for urinary incontinence from neurogenic detrusor overactivity.,"We assessed the efficacy, safety and effects on quality of life of onabotulinumtoxinA in patients with neurogenic detrusor overactivity.
In this 52-week, international, multicenter, double-blind, randomized, placebo controlled trial 416 patients with neurogenic detrusor overactivity and urinary incontinence (14 or more episodes per week) resulting from multiple sclerosis (227) and spinal cord injury (189) were treated with intradetrusor injections of onabotulinumtoxinA (200 or 300 U) or placebo. The primary end point was the change from baseline in the mean number of urinary incontinence episodes per week at week 6. Maximum cystometric capacity, maximum detrusor pressure during the first involuntary detrusor contraction and Incontinence Quality of Life total score were secondary end points. Adverse events were monitored.
OnabotulinumtoxinA at a dose of 200 U in 135 patients and 300 U in 132 decreased mean urinary incontinence at week 6 by 21 and 23 episodes per week, respectively, vs 9 episodes per week in 149 on placebo (each dose p<0.001). Also, maximum cystometric capacity, maximum detrusor pressure during the first involuntary detrusor contraction and Incontinence Quality of Life score were significantly improved over values in the placebo group (each dose p<0.001). Median time to patient re-treatment request was greater for onabotulinumtoxinA 200 and 300 U than for placebo (256 and 254 days, respectively, vs 92). The most common adverse events were urinary tract infection and urinary retention. Of patients who did not catheterize at baseline 10% on placebo, 35% on 200 U and 42% on 300 U initiated catheterization due to urinary retention.
OnabotulinumtoxinA significantly improved neurogenic detrusor overactivity symptoms vs placebo. Clean intermittent catheterization initiation due to urinary retention appeared to increase in a dose dependent fashion. No clinically relevant benefit in efficacy or duration was identified for the 300 U dose over the 200 U dose.",0
32479176,"Ninety percent of health care systems now offer patient portals to access electronic health records (EHRs) in the United States, but only 15% to 30% of patients use these platforms. Using PubMed, the authors identified 53 studies published from September 2013 to June 2019 that informed best practices and priorities for future research on patient engagement with EHR data through patient portals, These studies mostly involved outpatient settings and fell into 3 major categories: interventions to increase use of patient portals, usability testing of portal interfaces, and documentation of patient",Interventions and strategies to increase patient engagement and utilization of electronic health record patient portals in outpatient settings.,27820528,A qualitative systematic review of internal and external influences on shared decision-making in all health care settings.,"The objective of this review is to identify and synthesize the best available evidence related to the meaningfulness of internal and external influences on shared-decision making for adult patients and health care providers in all health care settings.The specific questions to be answered are: BACKGROUND: Patient-centered care is emphasized in today's healthcare arena. This emphasis is seen in the works of the International Alliance of Patients' Organizations (IAOP) who describe patient-centered healthcare as care that is aimed at addressing the needs and preferences of patients. The IAOP presents five principles which are foundational to the achievement of patient-centered healthcare: respect, choice, policy, access and support, as well as information. These five principles are further described as:Within the description of these five principles the idea of shared decision-making is clearly evident.The concept of shared decision-making began to appear in the literature in the 1990s. It is defined as a ""process jointly shared by patients and their health care provider. It aims at helping patients play an active role in decisions concerning their health, which is the ultimate goal of patient-centered care."" The details of the shared decision-making process are complex and consist of a series of steps including:Three overall representative decision-making models are noted in contemporary literature. These three models include: paternalistic, informed decision-making, and shared decision-making. The paternalistic model is an autocratic style of decision-making where the healthcare provider carries out the care from the perspective of knowing what is best for the patient and therefore makes all decisions. The informed decision-making model takes place as the information needed to make decisions is conveyed to the patient and the patient makes the decisions without the healthcare provider involvement. Finally, the shared decision-making model is representative of a sharing and a negotiation towards treatment decisions. Thus, these models represent a range with patient non-participation at one end of the continuum to informed decision making or a high level of patient power at the other end. Several shared decision-making models focus on the process of shared decision-making previously noted. A discussion of several process models follows below.Charles et al. depicts a process model of shared decision-making that identifies key characteristics that must be in evidence. The patient shares in the responsibility with the healthcare provider in this model. The key characteristics included:This model illustrates that there must be at least two individuals participating, however, family and friends may be involved in a variety of roles such as the collector of information, the interpreter of this information, coach, advisor, negotiator, and caretaker. This model also depicts the need to take steps to participate in the shared decision-making process. To take steps means that there is an agreement between and among all involved that shared decision-making is necessary and preferred. Research about patient preferences, however, offers divergent views. The link between patient preferences for shared decision-making and the actuality of shared decision-making in practice is not strong. Research concerning patients and patient preferences on shared decision-making points to variations depending on age, education, socio-economic status, culture, and diagnosis. Healthcare providers may also hold preferences for shared decision-making; however, research in this area is not as comprehensive as is patient focused research. Elwyn et al. explored the views of general practice providers on involving patients in decisions. Both positive and negative views were identified ranging from receptive, noting potential benefits, to concern for the unrealistic nature of participation and sharing in the decision-making process. An example of this potential difficulty, from a healthcare provider perspective, is identifying the potential conflict that may develop when a patient's preference is different from clinical practice guidelines. This is further exemplified in healthcare encounters when a situation may not yield itself to a clear answer but rather lies in a grey area. These situations are challenging for healthcare providers.The notion of information sharing as a prerequisite to shared decision-making offers insight into another process. The healthcare provider must provide the patient the information that they need to know and understand in order to even consider and participate in the shared decision-making process. This information may include the disease, potential treatments, consequences of those treatments, and any alternatives, which may include the decision to do nothing. Without knowing this information the patient will not be able to participate in the shared decision-making process. The complexity of this step is realized if one considers what the healthcare provider needs to know in order to first assess what the patient knows and does not know, the readiness of the patient to participate in this educational process and learn the information, as well as, the individual learning styles of the patient taking into consideration the patient's ideas, values, beliefs, education, culture, literacy, and age. Depending on the results of this assessment the health care provider then must communicate the information to the patient. This is also a complex process that must take into consideration the relationship, comfort level, and trust between the healthcare provider and the patient.Finally, the treatment decision is reached between both the healthcare provider and the patient. Charles et al. portrays shared decision-making as a process with the end product, the shared decision, as the outcome. This outcome may be a decision as to the agreement of a treatment decision, no agreement reached as to a treatment decision, and disagreement as to a treatment decision. Negotiation is a part of the process as the ""test of a shared decision (as distinct from the decision-making process) is if both parties agree on the treatment option.""Towle and Godolphin developed a process model that further exemplifies the role of the healthcare provider and the patient in the shared decision-making process as mutual partners with mutual responsibilities. The capacity to engage in this shared decision-making rests, therefore, on competencies including knowledge, skills, and abilities for both the healthcare provider and the patient. This mutual partnership and the corresponding competencies are presented for both the healthcare provider and the patient in this model. The competencies noted for the healthcare provider for shared decision making include:Patient competencies include:This model illustrates the shared decision-making process with emphasis on the role of the healthcare provider and the patient very similar to the prior model. This model, however, gives greater emphasis to the process of the co-participation of the healthcare provider and the patient. The co-participation depicts a mutual partnership with mutual responsibilities that can be seen as ""reciprocal relationships of dialogue."" For this to take place the relationship between and among the participants of the shared decision-making process is important along with other internal and external influences such as communication, trust, mutual respect, honesty, time, continuity, and commitment. Cultural, social, and age group differences; evidence; and team and family are considered within this model.Elwyn et al. presents yet another model that depicts the shared decision-making process; however, this model offers a view where the healthcare provider holds greater responsibility in this process. In this particular model the process focuses on the healthcare provider and the essential skills needed to engage the patient in shard decisions. The competencies outlined in this model include:The healthcare provider must demonstrate knowledge, competencies, and skills as a communicator. The skills for communication competency require the healthcare provider to be able to elicit the patient's thoughts and input regarding treatment management throughout the consultation. The healthcare provider must also demonstrate competencies in assessment skills beyond physical assessment that includes the ability to assess the patient's perceptions and readiness to participate. In addition, the healthcare provider must be able to assess the patient's readiness to learn the information that the patient needs to know in order to fully engage in the shared decision-making process, assess what the patient already knows, what the patient does not know, and whether or not the information that the patient knows is accurate. Once this assessment is completed the healthcare provider then must draw on his/her knowledge, competencies, and skills necessary to teach the patient what the patient needs to know to be informed. This facilitates the notion of the tailor-made information noted previously. The healthcare provider also requires competencies in how to check and evaluate the entire process to ensure that the patient does understand and accept with comfort not only the plan being negotiated but the entire process of sharing in decision-making. In addition to the above, there are further competencies such as competence in working with groups and teams, competencies in terms of cultural knowledge, competencies with regard to negotiation skills, as well as, competencies when faced with ethical challenges.Shared decision-making has been associated with autonomy, empowerment, and effectiveness and efficiency. Both patients and health care providers have noted improvement in relationships and improved interactions when shared decision-making is in evidence. Along with this improved relationship and interaction enhanced compliance is noted. Additional research points to patient satisfaction and enhanced quality of life. There is some evidence to suggest that shared decision-making does facilitate positive health outcomes.In today's healthcare environment there is greater emphasis on patient-centered care that exemplifies patient engagement, participation, partnership, and shared decision-making. Given the shift from the more autocratic delivery of care to the shared approach there is a need to more fully understand the what of shared decision-making as well as how shared decision-making takes place along with what internal and external influences may encourage, support, and facilitate the shared decision-making process. These influences are intervening variables that may be of significance for the successful development of practice-based strategies that may foster shared decision-making in practice. The purpose of this qualitative systematic review is to identify internal and external influences on shared decision-making in all health care settings.A preliminary search of the Joanna Briggs Library of Systematic Reviews, MEDLINE, CINAHL, and PROSPERO did not identify any previously conducted qualitative systematic reviews on the meaningfulness of internal and external influences on shared decision-making.",0
